Scheme,Category,CAGR% 6 Months,CAGR% 1 Year,CAGR% 3 Year,Exp. Ratio(%),6M_Score,1Y_Score,3Y_Score,Performance_Score,Cost_Score,Return_Std,Consistency_Score,Overall_Score,Category_Avg_3Y,3Y_vs_Category,Overall_Rank,Category_Rank,Type,Benchmark,Min. Invest(Rs.),SIP Min. Inv.(Rs.)
ICICI Pru S&P BSE Sensex Index Fund(IDCW),Index Funds - Sensex,6.36,15.09,13.02,0.27,65.95059076262085,45.57309540150995,63.11126860382708,58.417681074890695,94.25287356321839,11.036995264321927,80.88336343929733,72.99289978807428,12.6,0.41999999999999993,1,1,Open ended,S&P BSE SENSEX - TRI,1000.0,1000.0
ICICI Pru S&P BSE Sensex Index Fund(G),Index Funds - Sensex,6.36,15.09,13.02,0.27,65.95059076262085,45.57309540150995,63.11126860382708,58.417681074890695,94.25287356321839,11.036995264321927,80.88336343929733,72.99289978807428,12.6,0.41999999999999993,1,1,Open ended,S&P BSE SENSEX - TRI,1000.0,1000.0
UTI Nifty 50 Index Fund-Reg(IDCW),Index Funds - Nifty,4.77,15.03,12.3,0.3,62.534908700322234,45.47014413177763,60.55988660524451,56.42796828221999,93.10344827586206,9.334588278471372,83.83201883395068,72.44785091856318,11.5208,0.7792000000000012,3,1,Open ended,NIFTY 50 - TRI,5000.0,1000.0
UTI Nifty 50 Index Fund-Reg(G),Index Funds - Nifty,4.77,15.03,12.3,0.3,62.534908700322234,45.47014413177763,60.55988660524451,56.42796828221999,93.10344827586206,9.334588278471372,83.83201883395068,72.44785091856318,11.5208,0.7792000000000012,3,1,Open ended,NIFTY 50 - TRI,5000.0,1000.0
ICICI Pru Nifty 50 Index Fund(G),Index Funds - Nifty,4.6,14.78,11.89,0.35,62.16970998925886,45.04118050789294,59.107016300496106,55.49980430046771,91.18773946360153,9.13431580515371,84.17890093309435,71.59156224940781,11.5208,0.3692000000000011,5,3,Open ended,NIFTY 50 - TRI,1000.0,1000.0
HDFC Index Fund-S&P BSE Sensex(G),Index Funds - Sensex,6.32,14.8,13.02,0.4,65.86466165413533,45.07549759780371,63.11126860382708,58.25121591208172,89.272030651341,11.292029277564696,80.44163157070267,71.55402351155178,12.6,0.41999999999999993,6,3,Open ended,S&P BSE SENSEX - TRI,1000.0,NULL
HDFC Index Fund-NIFTY 50 Plan(G),Index Funds - Nifty,4.63,14.8,12.11,0.4,62.234156820622985,45.07549759780371,59.88660524450744,55.91278326571943,89.272030651341,9.303220718740448,83.8863490411141,71.24598655597349,11.5208,0.5892,7,4,Open ended,NIFTY 50 - TRI,1000.0,1000.0
ICICI Pru Passive Strategy Fund(FOF)(IDCW),FoFs (Domestic) - Equity Oriented,5.94,15.0,11.05,0.37,65.04833512352309,45.418668496911465,56.13040396881643,54.70046955818627,90.42145593869732,9.828483985946704,82.97656637496323,70.69974035750828,9.208461538461538,1.8415384615384625,8,1,Open ended,NIFTY 200 - TRI,5000.0,1000.0
ICICI Pru Passive Strategy Fund(FOF)(G),FoFs (Domestic) - Equity Oriented,5.89,14.98,11.04,0.37,64.94092373791621,45.384351407000686,56.09496810772501,54.65097422354595,90.42145593869732,9.793090782583034,83.03786920143173,70.69031839680524,9.208461538461538,1.831538461538461,9,2,Open ended,NIFTY 200 - TRI,5000.0,1000.0
SBI Nifty Index Fund-Reg(IDCW),Index Funds - Nifty,4.55,14.56,11.77,0.5,62.062298603651975,44.663692518874406,58.681785967399,55.152460460092215,85.44061302681992,9.225384394057278,84.02116551013978,69.94167486428603,11.5208,0.2492000000000001,10,5,Open ended,NIFTY 50 - TRI,5000.0,1000.0
SBI Nifty Index Fund-Reg(G),Index Funds - Nifty,4.55,14.52,11.74,0.5,62.062298603651975,44.59505833905285,58.575478384124736,55.07871641450862,85.44061302681992,9.244048016076658,83.98883916854895,69.89672125609653,11.5208,0.21920000000000073,11,6,Open ended,NIFTY 50 - TRI,5000.0,1000.0
Tata NIFTY 50 Index Fund-Reg(G),Index Funds - Nifty,4.57,14.58,11.91,0.52,62.10526315789473,44.69800960878518,59.17788802267895,55.41939952555397,84.67432950191571,9.320665929235007,83.85613305018879,69.8423154008031,11.5208,0.38920000000000066,12,7,Open ended,NIFTY 50 - TRI,5000.0,1000.0
IDFC Nifty 50 Index Fund-Reg(G),Index Funds - Nifty,4.7,15.02,12.21,0.6,62.38453276047261,45.452985586822244,60.24096385542168,56.23328415585203,81.60919540229885,9.219151069167722,84.03196194554857,69.52693141488787,11.5208,0.6892000000000014,13,8,Open ended,NIFTY 50 - TRI,1000.0,1000.0
Tata S&P BSE Sensex Index Fund-Reg(G),Index Funds - Sensex,6.09,14.17,12.63,0.58,65.37056928034372,43.994509265614276,61.72927002126152,57.13710164638378,82.37547892720308,11.43617608809542,80.19196197111444,69.21041104777127,12.6,0.030000000000001137,14,4,Open ended,S&P BSE SENSEX - TRI,5000.0,1000.0
Kotak Multi Asset Allocator FoF-Dynamic(IDCW),FoFs (Domestic) - Debt Oriented,12.75,19.18,14.93,0.98,79.67776584317937,52.59094028826357,69.87951807228916,66.65259429125953,67.04980842911877,13.714935288561021,76.24503525769299,69.1500080673327,7.596764705882354,7.333235294117646,15,1,Open ended,NULL,5000.0,1000.0
Kotak Multi Asset Allocator FoF-Dynamic(G),FoFs (Domestic) - Debt Oriented,12.75,19.18,14.93,0.98,79.67776584317937,52.59094028826357,69.87951807228916,66.65259429125953,67.04980842911877,13.714935288561021,76.24503525769299,69.1500080673327,7.596764705882354,7.333235294117646,15,1,Open ended,NULL,5000.0,1000.0
IDFC Nifty 50 Index Fund-Reg(IDCW),Index Funds - Nifty,4.7,14.59,11.95,0.6,62.38453276047261,44.71516815374057,59.319631467044644,55.55127273173902,81.60919540229885,9.441843165873705,83.64624791960976,69.08949719634667,11.5208,0.4291999999999998,17,9,Open ended,NIFTY 50 - TRI,1000.0,1000.0
Aditya Birla SL Nifty 50 Index Fund-Reg(G),Index Funds - Nifty,4.41,14.67,11.68,0.6,61.76154672395273,44.85243651338367,58.36286321757618,54.98947190759374,81.60919540229885,8.944278314645672,84.50805552199716,69.02404868487088,11.5208,0.15920000000000023,18,10,Open ended,NIFTY 50 - TRI,1000.0,1000.0
Aditya Birla SL Nifty 50 Index Fund-Reg(IDCW-Reinv),Index Funds - Nifty,4.41,14.65,11.46,0.6,61.76154672395273,44.81811942347289,57.58327427356485,54.589382308614844,81.60919540229885,8.82691780580989,84.71132988610287,68.87482247640786,11.5208,-0.06079999999999863,19,11,Open ended,NIFTY 50 - TRI,1000.0,1000.0
Nippon India Small Cap Fund(IDCW),Equity - Small cap Fund,10.34,30.24,14.69,1.76,74.50053705692802,71.56829100892246,69.02905740609495,70.88512341710981,37.16475095785441,2.7380912982481385,95.25748675567199,68.5481211369365,12.12758620689655,2.562413793103449,20,1,Open ended,Nifty Smallcap 250 - TRI,5000.0,1000.0
Nippon India Index Fund-Nifty 50 Plan(G),Index Funds - Nifty,4.16,14.05,11.37,0.59,61.224489795918366,43.788606726149624,57.26435152374202,54.01365573889957,81.99233716475096,9.140463257837306,84.16825323270925,68.54697546881485,11.5208,-0.15080000000000027,21,12,Open ended,NIFTY 50 - TRI,1000.0,1000.0
Nippon India Small Cap Fund(G),Equity - Small cap Fund,10.34,30.24,14.68,1.76,74.50053705692802,71.56829100892246,68.99362154500355,70.86740548656411,37.16475095785441,2.7553919318902453,95.22752117920074,68.53177077754584,12.12758620689655,2.552413793103449,22,2,Open ended,Nifty Smallcap 250 - TRI,5000.0,1000.0
Franklin India NSE Nifty 50 Index Fund(G),Index Funds - Nifty,4.42,14.37,11.46,0.66,61.783029001074105,44.33768016472204,57.58327427356485,54.44954698641386,79.3103448275862,9.105162446742856,84.22939603107322,68.10970870787179,11.5208,-0.06079999999999863,23,13,Open ended,NIFTY 50 - TRI,5000.0,1000.0
Franklin India NSE Nifty 50 Index Fund(IDCW),Index Funds - Nifty,4.42,14.37,11.46,0.66,61.783029001074105,44.33768016472204,57.58327427356485,54.44954698641386,79.3103448275862,9.105162446742856,84.22939603107322,68.10970870787179,11.5208,-0.06079999999999863,23,13,Open ended,NIFTY 50 - TRI,5000.0,1000.0
Quantum Gold Saving Fund-Reg(G),FoFs (Domestic / Overseas ) - Gold,12.64,10.09,11.65,0.21,79.44146079484426,36.99382292381607,58.25655563430191,56.114716853264625,96.55172413793103,21.22383082688218,63.23924667659349,68.00510113026344,11.126842105263158,0.5231578947368423,25,1,Open ended,Gold-India,1000.0,1000.0
Nippon India Index Fund-Nifty 50 Plan(Q-IDCW),Index Funds - Nifty,4.16,13.68,10.91,0.59,61.224489795918366,43.15374056280028,55.63430191353649,53.008171084792004,81.99233716475096,9.251725875353001,83.97554072618895,67.99605501513098,11.5208,-0.6107999999999993,26,15,Open ended,NIFTY 50 - TRI,1000.0,1000.0
Nippon India Index Fund-Nifty 50 Plan(H-IDCW),Index Funds - Nifty,4.16,13.68,10.91,0.59,61.224489795918366,43.15374056280028,55.63430191353649,53.008171084792004,81.99233716475096,9.251725875353001,83.97554072618895,67.99605501513098,11.5208,-0.6107999999999993,26,15,Open ended,NIFTY 50 - TRI,1000.0,1000.0
Nippon India Index Fund-Nifty 50 Plan(A-IDCW),Index Funds - Nifty,4.16,13.68,10.84,0.59,61.224489795918366,43.15374056280028,55.38625088589653,52.884145570972024,81.99233716475096,9.221996532036751,84.02703345928836,67.94691544149585,11.5208,-0.6807999999999996,28,17,Open ended,NIFTY 50 - TRI,1000.0,1000.0
Nippon India Index Fund-S&P BSE Sensex Plan(G),Index Funds - Sensex,5.97,14.74,12.72,0.81,65.11278195488721,44.97254632807138,62.04819277108433,57.53841667494102,73.5632183908046,10.852023616327081,81.20374373158415,67.4609488680677,12.6,0.120000000000001,29,5,Open ended,S&P BSE SENSEX - TRI,5000.0,1000.0
DSP Nifty 50 Equal Weight Index Fund-Reg(IDCW),Index Funds - Nifty,4.46,18.21,10.08,0.88,61.868958109559614,50.926561427590954,52.693125442948265,53.99832277166334,70.88122605363985,5.8744176830781285,89.82521010802763,67.17577042624855,11.5208,-1.4407999999999994,30,18,Open ended,NIFTY50 Equal Weight - TRI,1000.0,1000.0
DSP Nifty 50 Equal Weight Index Fund-Reg(G),Index Funds - Nifty,4.46,18.21,10.08,0.88,61.868958109559614,50.926561427590954,52.693125442948265,53.99832277166334,70.88122605363985,5.8744176830781285,89.82521010802763,67.17577042624855,11.5208,-1.4407999999999994,30,18,Open ended,NIFTY50 Equal Weight - TRI,1000.0,1000.0
Nippon India Index Fund-S&P BSE Sensex Plan(H-IDCW),Index Funds - Sensex,5.97,14.39,12.27,0.81,65.11278195488721,44.37199725463281,60.45357902197023,56.5609450783524,73.5632183908046,10.881985067777299,81.15184897540387,66.95923938072832,12.6,-0.33000000000000007,32,6,Open ended,S&P BSE SENSEX - TRI,5000.0,1000.0
Nippon India Index Fund-S&P BSE Sensex Plan(Q-IDCW),Index Funds - Sensex,5.97,14.39,12.27,0.81,65.11278195488721,44.37199725463281,60.45357902197023,56.5609450783524,73.5632183908046,10.881985067777299,81.15184897540387,66.95923938072832,12.6,-0.33000000000000007,32,6,Open ended,S&P BSE SENSEX - TRI,5000.0,1000.0
Nippon India Index Fund-S&P BSE Sensex Plan(A-IDCW),Index Funds - Sensex,5.97,14.38,12.27,0.81,65.11278195488721,44.35483870967742,60.45357902197023,56.55579751486578,73.5632183908046,10.891662096791396,81.13508786948513,66.95247532250532,12.6,-0.33000000000000007,34,8,Open ended,S&P BSE SENSEX - TRI,5000.0,1000.0
ICICI Pru Thematic Advantage Fund(FOF)(G),FoFs (Domestic) - Equity Oriented,6.37,23.61,14.85,1.61,65.97207303974221,60.192175703500354,69.59603118355776,66.05008291077743,42.911877394636,4.7429383251213295,91.78498984372422,66.69925826497877,9.208461538461538,5.641538461538461,35,3,Open ended,NIFTY 200 - TRI,5000.0,1000.0
Nippon India Gold Savings Fund(IDCW),FoFs (Domestic / Overseas ) - Gold,12.26,9.92,11.41,0.37,78.62513426423202,36.702127659574465,57.40609496810772,55.43871263477261,90.42145593869732,20.962030649635075,63.69269788501601,66.24789477331464,11.126842105263158,0.28315789473684205,36,2,Open ended,Gold-India,1000.0,1000.0
Nippon India Gold Savings Fund(G),FoFs (Domestic / Overseas ) - Gold,12.26,9.92,11.41,0.37,78.62513426423202,36.702127659574465,57.40609496810772,55.43871263477261,90.42145593869732,20.962030649635075,63.69269788501601,66.24789477331464,11.126842105263158,0.28315789473684205,36,2,Open ended,Gold-India,1000.0,1000.0
SBI Gold-Reg(IDCW),FoFs (Domestic / Overseas ) - Gold,13.02,10.11,11.7,0.42,80.25778732545649,37.02814001372684,58.43373493975903,56.37686693908887,88.50574712643679,21.615161204455454,62.561442580091466,65.9552308961765,11.126842105263158,0.5731578947368412,38,4,Open ended,Gold-London Bullion Market association (LBMA),5000.0,1000.0
SBI Gold-Reg(G),FoFs (Domestic / Overseas ) - Gold,13.02,10.1,11.7,0.42,80.25778732545649,37.010981468771455,58.43373493975903,56.371719375602254,88.50574712643679,21.62371323962879,62.54663002066313,65.94895397457611,11.126842105263158,0.5731578947368412,39,5,Open ended,Gold-London Bullion Market association (LBMA),5000.0,1000.0
ICICI Pru Value Discovery Fund(G),Equity - Value Fund,10.1,25.48,13.97,1.74,73.98496240601503,63.400823610157865,66.4776754075124,67.05607726800656,37.931034482758605,5.444421749380113,90.56998491224061,65.65329348275309,9.0436,4.926400000000001,40,1,Open ended,NIFTY 500 - TRI,1000.0,1000.0
Invesco India Gold Fund(G),FoFs (Domestic / Overseas ) - Gold,12.62,10.11,11.47,0.45,79.3984962406015,37.02814001372684,57.61871013465627,55.79749631956649,87.35632183908046,21.18795942478453,63.30137776756535,65.5631730614447,11.126842105263158,0.34315789473684255,41,6,Open ended,Gold-India,1000.0,1000.0
Invesco India Gold Fund(IDCW),FoFs (Domestic / Overseas ) - Gold,12.62,10.11,11.47,0.45,79.3984962406015,37.02814001372684,57.61871013465627,55.79749631956649,87.35632183908046,21.18795942478453,63.30137776756535,65.5631730614447,11.126842105263158,0.34315789473684255,41,6,Open ended,Gold-India,1000.0,1000.0
Taurus Nifty 50 Index Fund-Reg(G),Index Funds - Nifty,4.44,15.3,12.21,1.04,61.82599355531686,45.9334248455731,60.24096385542168,56.26570809244615,64.75095785440612,8.753967975170035,84.83768269917465,65.53001418461827,11.5208,0.6892000000000014,43,20,Open ended,NIFTY 50 - TRI,5000.0,1000.0
Taurus Nifty 50 Index Fund-Reg(IDCW),Index Funds - Nifty,4.43,15.29,12.21,1.04,61.804511278195484,45.91626630061771,60.24096385542168,56.25626407353525,64.75095785440612,8.756692383994038,84.83296388467089,65.52411247153688,11.5208,0.6892000000000014,44,21,Open ended,NIFTY 50 - TRI,5000.0,1000.0
IDBI Nifty Index Fund(IDCW),Index Funds - Nifty,4.15,14.04,11.25,0.9,61.203007518796994,43.77144818119424,56.83912119064494,53.791596553440144,70.11494252873563,9.070711500091237,84.28906682104267,65.49680061416464,11.5208,-0.2707999999999995,45,22,Open ended,NIFTY 50 - TRI,5000.0,1000.0
IDBI Nifty Index Fund(G),Index Funds - Nifty,4.16,14.02,11.24,0.9,61.224489795918366,43.737131091283466,56.80368532955351,53.76787995134546,70.11494252873563,9.092909932616495,84.25061800806054,65.47533010987178,11.5208,-0.2807999999999993,46,23,Open ended,NIFTY 50 - TRI,5000.0,1000.0
Nippon India Quant Fund(G),Equity - Thematic Fund - Other,8.15,17.09,11.05,1.01,69.79591836734693,49.004804392587516,56.13040396881643,56.72582697565386,65.90038314176245,10.565595687644514,81.69985145676907,65.26297213745981,8.65263157894737,2.397368421052631,47,1,Open ended,S&P BSE 200 - TRI,5000.0,1000.0
Nippon India Quant Fund(IDCW),Equity - Thematic Fund - Other,8.15,17.09,11.05,1.01,69.79591836734693,49.004804392587516,56.13040396881643,56.72582697565386,65.90038314176245,10.565595687644514,81.69985145676907,65.26297213745981,8.65263157894737,2.397368421052631,47,1,Open ended,S&P BSE 200 - TRI,5000.0,1000.0
Kotak Gold Fund(G),FoFs (Domestic / Overseas ) - Gold,12.41,10.12,12.0,0.54,78.94736842105263,37.04529855868223,59.496810772501775,56.651468638066085,83.9080459770115,20.96893755168129,63.680734779749066,65.22292950822319,11.126842105263158,0.8731578947368419,49,8,Open ended,Gold-India,5000.0,1000.0
Kotak Gold Fund(IDCW),FoFs (Domestic / Overseas ) - Gold,12.41,10.12,12.0,0.54,78.94736842105263,37.04529855868223,59.496810772501775,56.651468638066085,83.9080459770115,20.96893755168129,63.680734779749066,65.22292950822319,11.126842105263158,0.8731578947368419,49,8,Open ended,Gold-India,5000.0,1000.0
Quantum Equity FoF-Reg(IDCW),FoFs (Domestic) - Equity Oriented,0.93,12.62,8.96,0.75,54.285714285714285,41.33493479752917,48.724309000708715,47.61977779675597,75.86206896551724,6.496855254791858,88.74711660927966,64.96218529207721,9.208461538461538,-0.2484615384615374,51,4,Open ended,S&P BSE 200 - TRI,1000.0,1000.0
Quantum Equity FoF-Reg(G),FoFs (Domestic) - Equity Oriented,0.93,12.62,8.96,0.75,54.285714285714285,41.33493479752917,48.724309000708715,47.61977779675597,75.86206896551724,6.496855254791858,88.74711660927966,64.96218529207721,9.208461538461538,-0.2484615384615374,51,4,Open ended,S&P BSE 200 - TRI,1000.0,1000.0
ICICI Pru Value Discovery Fund(IDCW),Equity - Value Fund,10.08,25.12,13.49,1.74,73.94199785177229,62.78311599176391,64.77675407512402,66.01171140544564,37.931034482758605,5.951147377585233,89.69231037869208,64.9116919180855,9.0436,4.446400000000001,53,2,Open ended,NIFTY 500 - TRI,1000.0,1000.0
ICICI Pru Regular Gold Savings Fund(FOF)(IDCW),FoFs (Domestic / Overseas ) - Gold,12.6,10.09,11.5,0.53,79.35553168635874,36.99382292381607,57.72501771793055,55.83176207338184,84.2911877394636,21.182445331816517,63.3109284567436,64.81641008574272,11.126842105263158,0.3731578947368419,54,10,Open ended,Gold-India,1000.0,1000.0
ICICI Pru Regular Gold Savings Fund(FOF)(G),FoFs (Domestic / Overseas ) - Gold,12.6,10.09,11.5,0.53,79.35553168635874,36.99382292381607,57.72501771793055,55.83176207338184,84.2911877394636,21.182445331816517,63.3109284567436,64.81641008574272,11.126842105263158,0.3731578947368419,54,10,Open ended,Gold-India,1000.0,1000.0
Aditya Birla SL Gold Fund(IDCW),FoFs (Domestic / Overseas ) - Gold,13.3,9.9,11.56,0.51,80.85929108485499,36.66781056966369,57.937632884479086,56.14101783010965,85.0574712643678,22.10088499767679,61.72014429178703,64.76491280409354,11.126842105263158,0.4331578947368424,56,12,Open ended,Gold-India,1000.0,1000.0
Aditya Birla SL Gold Fund(G),FoFs (Domestic / Overseas ) - Gold,13.3,9.89,11.55,0.51,80.85929108485499,36.65065202470831,57.90219702338767,56.11815233607733,85.0574712643678,22.109802125333,61.7046993736289,64.74961882753784,11.126842105263158,0.4231578947368426,57,13,Open ended,Gold-India,1000.0,1000.0
Axis Gold Fund-Reg(IDCW),FoFs (Domestic / Overseas ) - Gold,12.87,10.26,11.95,0.6,79.93555316863588,37.28551818805765,59.319631467044644,56.83258182366679,81.60919540229885,21.328946916658893,63.05718026840725,64.58288482950992,11.126842105263158,0.8231578947368412,58,14,Open ended,Gold-India,5000.0,1000.0
Axis Gold Fund-Reg(G),FoFs (Domestic / Overseas ) - Gold,12.87,10.25,11.94,0.6,79.93555316863588,37.268359643102265,59.284195605953215,56.80971632963446,81.60919540229885,21.33723273869048,63.04282880366606,64.56786421630846,11.126842105263158,0.8131578947368414,59,15,Open ended,Gold-India,5000.0,1000.0
LIC MF Nifty 50 Index Fund(IDCW),Index Funds - Nifty,4.04,14.07,11.34,1.01,60.96670247046186,43.8229238160604,57.15804394046775,53.91923960914437,65.90038314176245,9.002226160618845,84.40768690858246,64.53663731715841,11.5208,-0.18079999999999963,60,24,Open ended,NIFTY 50 - TRI,5000.0,1000.0
LIC MF Nifty 50 Index Fund(G),Index Funds - Nifty,4.04,14.07,11.34,1.01,60.96670247046186,43.8229238160604,57.15804394046775,53.91923960914437,65.90038314176245,9.002226160618845,84.40768690858246,64.53663731715841,11.5208,-0.18079999999999963,60,24,Open ended,NIFTY 50 - TRI,5000.0,1000.0
LIC MF S&P BSE Sensex Index Fund(IDCW),Index Funds - Sensex,5.58,14.22,12.39,1.08,64.27497314715359,44.08030199039123,60.87880935506733,56.518489904081754,63.2183908045977,10.813174998688133,81.27103151113863,64.38160053097496,12.6,-0.20999999999999908,62,9,Open ended,S&P BSE SENSEX - TRI,5000.0,1000.0
LIC MF S&P BSE Sensex Index Fund(G),Index Funds - Sensex,5.58,14.22,12.39,1.08,64.27497314715359,44.08030199039123,60.87880935506733,56.518489904081754,63.2183908045977,10.813174998688133,81.27103151113863,64.38160053097496,12.6,-0.20999999999999908,62,9,Open ended,S&P BSE SENSEX - TRI,5000.0,1000.0
Quant Small Cap Fund(IDCW),Equity - Small cap Fund,7.19,46.81,23.43,2.67,67.73361976369495,100.00000000000003,100.0,93.546723952739,2.298850574712641,18.62900331520555,67.73361976369493,64.28147956097139,12.12758620689655,11.30241379310345,64,3,Open ended,Nifty Smallcap 250 - TRI,5000.0,1000.0
SBI Contra Fund-Reg(G),Equity - Contra Fund,14.48,29.38,13.69,1.91,83.39419978517722,70.0926561427591,65.4854712969525,70.44937244833943,31.417624521072796,9.29946030279478,83.89286227258958,64.05230792258531,12.436666666666667,1.253333333333332,65,1,Open ended,S&P BSE 500 - TRI,5000.0,1000.0
SBI Contra Fund-Reg(IDCW),Equity - Contra Fund,14.48,29.38,13.69,1.91,83.39419978517722,70.0926561427591,65.4854712969525,70.44937244833943,31.417624521072796,9.29946030279478,83.89286227258958,64.05230792258531,12.436666666666667,1.253333333333332,65,1,Open ended,S&P BSE 500 - TRI,5000.0,1000.0
Quant Small Cap Fund(G),Equity - Small cap Fund,7.09,46.69,23.04,2.67,67.5187969924812,99.79409746053535,98.61800141743444,92.75098934537407,2.298850574712641,18.304092156631743,68.29638239829083,64.02430291593791,12.12758620689655,10.912413793103449,67,4,Open ended,Nifty Smallcap 250 - TRI,5000.0,1000.0
HDFC Gold Fund(G),FoFs (Domestic / Overseas ) - Gold,11.82,10.02,11.48,0.65,77.67991407089151,36.873713109128346,57.6541459957477,55.42516974479066,79.6934865900383,20.404263504173752,64.65877891974768,63.80065124984183,11.126842105263158,0.35315789473684234,68,16,Open ended,Gold-India,1000.0,1000.0
Aditya Birla SL Financial Planning FOF Moderate Plan(G),FoFs (Domestic) - Debt Oriented,4.17,10.97,8.72,0.67,61.24597207303973,38.50377487989019,47.87384833451453,47.73725104583227,78.9272030651341,11.429636207360115,80.20328937682343,63.651248633405515,7.596764705882354,1.1232352941176469,69,3,Open ended,CRISIL Hybrid 50+50 - Moderate Index,1000.0,1000.0
Aditya Birla SL Financial Planning FOF Moderate Plan(IDCW-Payout),FoFs (Domestic) - Debt Oriented,4.17,10.97,8.72,0.67,61.24597207303973,38.50377487989019,47.87384833451453,47.73725104583227,78.9272030651341,11.429636207360115,80.20328937682343,63.651248633405515,7.596764705882354,1.1232352941176469,69,3,Open ended,CRISIL Hybrid 50+50 - Moderate Index,1000.0,1000.0
Sundaram Nifty 100 Equal Weight Fund(G),Index Funds - Other,-2.14,13.92,7.77,0.95,47.690655209452196,43.565545641729585,44.5074415308292,44.86151549982391,68.19923371647509,2.161656237525289,96.25590156810802,63.544541571057735,9.1675,-1.3975000000000009,71,1,Open ended,Nifty100 Equal Weight - TRI,1000.0,1000.0
Sundaram Nifty 100 Equal Weight Fund(IDCW),Index Funds - Other,-2.14,13.92,7.77,0.95,47.690655209452196,43.565545641729585,44.5074415308292,44.86151549982391,68.19923371647509,2.161656237525289,96.25590156810802,63.544541571057735,9.1675,-1.3975000000000009,71,1,Open ended,Nifty100 Equal Weight - TRI,1000.0,1000.0
IDBI Gold Fund(G),FoFs (Domestic / Overseas ) - Gold,12.08,10.01,11.28,0.67,78.23845327604727,36.85655456417296,56.94542877391919,55.177371411420935,78.9272030651341,20.69386906172558,64.1571673799136,63.35977831697239,11.126842105263158,0.15315789473684127,73,17,Open ended,Gold-India,5000.0,1000.0
SBI Small Cap Fund-Reg(IDCW-Payout),Equity - Small cap Fund,9.65,24.58,13.03,1.83,73.01825993555316,61.85655456417296,63.14670446491849,64.73397058882176,34.48275862068966,6.1059501168083115,89.42418416920688,63.343720991885014,12.12758620689655,0.9024137931034488,74,5,Open ended,S&P BSE 250 Small Cap - TRI,5000.0,1000.0
SBI Small Cap Fund-Reg(G),Equity - Small cap Fund,9.65,24.58,13.03,1.83,73.01825993555316,61.85655456417296,63.14670446491849,64.73397058882176,34.48275862068966,6.1059501168083115,89.42418416920688,63.343720991885014,12.12758620689655,0.9024137931034488,74,5,Open ended,S&P BSE 250 Small Cap - TRI,5000.0,1000.0
Quant Multi Asset Fund(IDCW),Hybrid - Multi Asset Allocation,7.62,28.31,20.14,2.31,68.65735767991407,68.2566918325326,88.34160170092133,78.37927993620326,16.09195402298851,11.482113628169083,80.11239581773212,63.24072742828179,10.563571428571427,9.576428571428574,76,1,Open ended,NULL,5000.0,1000.0
Quant Multi Asset Fund(G),Hybrid - Multi Asset Allocation,7.61,28.21,20.08,2.31,68.63587540279269,68.08510638297874,88.12898653437277,78.21720026263856,16.09195402298851,11.416668075119858,80.22575084074283,63.18802634725212,10.563571428571427,9.516428571428571,77,2,Open ended,NULL,5000.0,1000.0
Kotak Emerging Equity Fund(G),Equity - Mid Cap Fund,7.66,20.37,13.58,1.69,68.74328678839957,54.63280713795471,65.09567682494684,62.686337911539745,39.84674329501916,7.324415067635971,87.31374096713147,63.13329002130753,11.362272727272726,2.2177272727272737,78,1,Open ended,Nifty Midcap 150 - TRI,1000.0,1000.0
Kotak Emerging Equity Fund(IDCW),Equity - Mid Cap Fund,7.66,20.37,13.33,1.69,68.74328678839957,54.63280713795471,64.20978029766123,62.24338964789694,39.84674329501916,7.2038963065011385,87.52248558468224,62.96400204387382,11.362272727272726,1.9677272727272737,79,2,Open ended,Nifty Midcap 150 - TRI,1000.0,1000.0
SBI Magnum Midcap Fund-Reg(IDCW),Equity - Mid Cap Fund,6.23,23.05,12.19,1.8,65.67132116004296,59.231297185998635,60.170092133238825,60.988699454427596,35.63218390804597,3.47895495670232,93.974273257748,62.89596401866229,11.362272727272726,0.8277272727272731,80,3,Open ended,Nifty Free Float Midcap 150 - TRI,5000.0,1000.0
SBI Magnum Midcap Fund-Reg(G),Equity - Mid Cap Fund,6.23,23.05,12.19,1.8,65.67132116004296,59.231297185998635,60.170092133238825,60.988699454427596,35.63218390804597,3.47895495670232,93.974273257748,62.89596401866229,11.362272727272726,0.8277272727272731,80,3,Open ended,Nifty Free Float Midcap 150 - TRI,5000.0,1000.0
Quant Mid Cap Fund(IDCW),Equity - Mid Cap Fund,10.93,31.73,18.4,2.68,75.76799140708914,74.12491420727522,82.17576187101345,78.47895347910712,1.9157088122605304,4.253927070124113,92.63198218285243,62.8763994883318,11.362272727272726,7.037727272727272,82,5,Open ended,Nifty Midcap 150 - TRI,5000.0,1000.0
Aditya Birla SL Financial Planning FOF Aggressive Plan(G),FoFs (Domestic) - Equity Oriented,4.24,13.06,9.69,0.98,61.39634801288937,42.08991077556624,51.31112686038271,50.5618062654391,67.04980842911877,9.656440256607185,83.27455485530291,62.86199395382497,9.208461538461538,0.48153846153846125,83,6,Open ended,CRISIL Hybrid 35+65 - Aggressive Index,1000.0,1000.0
Aditya Birla SL Financial Planning FOF Aggressive Plan(IDCW-Payout),FoFs (Domestic) - Equity Oriented,4.24,13.06,9.69,0.98,61.39634801288937,42.08991077556624,51.31112686038271,50.5618062654391,67.04980842911877,9.656440256607185,83.27455485530291,62.86199395382497,9.208461538461538,0.48153846153846125,83,6,Open ended,CRISIL Hybrid 35+65 - Aggressive Index,1000.0,1000.0
PGIM India Midcap Opp Fund-Reg(G),Equity - Mid Cap Fund,1.23,29.12,16.77,1.94,54.930182599355525,69.64653397391902,76.39971651311126,70.07985496860243,30.268199233716466,10.97814008732183,80.98530359614996,62.85330319176782,11.362272727272726,5.407727272727273,85,6,Open ended,Nifty Midcap 150 - TRI,5000.0,1000.0
Quant Absolute Fund(IDCW),Hybrid - Aggressive Hybrid Fund,7.49,27.54,17.4,2.31,68.3780880773362,66.93548387096774,78.632175761871,73.07235065769306,16.09195402298851,6.377565135288467,88.95373315710049,62.79759712386878,9.219019607843137,8.180980392156862,86,1,Open ended,CRISIL Hybrid 25+75 - Aggressive Index,5000.0,1000.0
Aditya Birla SL Financial Planning FOF Conservative Plan(G),FoFs (Domestic) - Debt Oriented,4.68,8.95,7.59,0.5,62.34156820622986,35.03774879890186,43.869596031183555,44.914436296508306,85.44061302681992,13.93265849122143,75.86792760869855,62.78435330713377,7.596764705882354,-0.006764705882353894,87,5,Open ended,CRISIL Short Term Debt Hybrid 75+25 Fund Index,1000.0,1000.0
Quant Absolute Fund(G),Hybrid - Aggressive Hybrid Fund,7.46,27.53,17.37,2.31,68.31364124597206,66.91832532601236,78.52586817859675,73.00115993629649,16.09195402298851,6.3373435091067,89.02339905721036,62.77941823819796,9.219019607843137,8.150980392156864,88,2,Open ended,CRISIL Hybrid 25+75 - Aggressive Index,5000.0,1000.0
Aditya Birla SL Financial Planning FOF Conservative Plan(IDCW-Payout),FoFs (Domestic) - Debt Oriented,4.68,8.95,7.58,0.5,62.34156820622986,35.03774879890186,43.834160170092126,44.89671836596259,85.44061302681992,13.93675930441556,75.86082479189396,62.77371863765977,7.596764705882354,-0.01676470588235368,89,6,Open ended,CRISIL Short Term Debt Hybrid 75+25 Fund Index,1000.0,1000.0
PGIM India Midcap Opp Fund-Reg(IDCW),Equity - Mid Cap Fund,1.23,29.11,16.43,1.94,54.930182599355525,69.62937542896364,75.19489723600283,69.47229776656161,30.268199233716466,10.469797531720936,81.86577873010012,62.76964337423495,11.362272727272726,5.067727272727273,90,7,Open ended,Nifty Midcap 150 - TRI,5000.0,1000.0
Quantum Multi Asset FOFs-Reg(G),FoFs (Domestic) - Debt Oriented,6.49,8.91,7.77,0.47,66.22986036519872,34.96911461908031,44.5074415308292,45.99042722417843,86.59003831417624,16.021222305089715,72.25042896822885,62.70533043269049,7.596764705882354,0.17323529411764582,91,7,Open ended,NULL,1000.0,1000.0
Quant Mid Cap Fund(G),Equity - Mid Cap Fund,10.56,31.55,18.3,2.68,74.97314715359829,73.81606039807824,81.82140326009922,78.05014918019273,1.9157088122605304,4.326718845317188,92.50590312984488,62.63047757562272,11.362272727272726,6.937727272727274,92,8,Open ended,Nifty Midcap 150 - TRI,5000.0,1000.0
Parag Parikh Flexi Cap Fund-Reg(G),Equity - Flexi Cap Fund,1.05,20.74,16.16,1.67,54.54350161117078,55.26767330130406,74.23812898653436,64.60806680589255,40.613026819923384,11.167519576853953,80.65728869836886,62.62161228251934,10.461,5.699,93,1,Open ended,NIFTY 500 - TRI,1000.0,1000.0
Axis Small Cap Fund-Reg(G),Equity - Small cap Fund,5.6,21.52,17.75,1.92,64.31793770139635,56.6060398078243,79.87243090007085,69.78161493266198,31.034482758620683,11.851445637880792,79.47269401204993,62.51760165899864,12.12758620689655,5.6224137931034495,94,7,Open ended,Nifty Smallcap 250 - TRI,1000.0,1000.0
ICICI Pru Nifty Next 50 Index Fund(G),Index Funds - Nifty Next 50,-6.46,10.22,5.11,0.65,38.410311493018256,37.21688400823611,35.081502480510274,36.387878741329615,79.6934865900383,1.6864703215167334,97.078947717676,62.38704794759339,5.025,0.08499999999999996,95,1,Open ended,NIFTY NEXT 50 - TRI,1000.0,1000.0
ICICI Pru Nifty Next 50 Index Fund(IDCW),Index Funds - Nifty Next 50,-6.46,10.22,5.11,0.65,38.410311493018256,37.21688400823611,35.081502480510274,36.387878741329615,79.6934865900383,1.6864703215167334,97.078947717676,62.38704794759339,5.025,0.08499999999999996,95,1,Open ended,NIFTY NEXT 50 - TRI,1000.0,1000.0
Bank of India Short Term Income Fund-Reg(M-IDCW),Debt - Short Duration Fund,18.78,27.19,8.67,1.06,92.63157894736842,66.33493479752917,47.696669029057404,62.27513074326114,63.984674329501914,22.575962784069652,60.89728542820724,62.35805531105785,5.2086538461538465,3.4613461538461534,97,1,Open ended,NULL,5000.0,1000.0
Bank of India Short Term Income Fund-Reg(G),Debt - Short Duration Fund,18.78,27.19,8.67,1.06,92.63157894736842,66.33493479752917,47.696669029057404,62.27513074326114,63.984674329501914,22.575962784069652,60.89728542820724,62.35805531105785,5.2086538461538465,3.4613461538461534,97,1,Open ended,NULL,5000.0,1000.0
Bank of India Short Term Income Fund-Reg(Q-IDCW),Debt - Short Duration Fund,18.78,27.19,8.67,1.06,92.63157894736842,66.33493479752917,47.696669029057404,62.27513074326114,63.984674329501914,22.575962784069652,60.89728542820724,62.35805531105785,5.2086538461538465,3.4613461538461534,97,1,Open ended,NULL,5000.0,1000.0
ICICI Pru Equity & Debt Fund(G),Hybrid - Aggressive Hybrid Fund,7.94,20.29,13.38,1.76,69.34479054779807,54.495538778311605,64.38695960311836,62.41109954461227,37.16475095785441,7.559988665368943,86.90571552693616,62.223166393503774,9.219019607843137,4.160980392156864,100,3,Open ended,CRISIL Hybrid 35+65 - Aggressive Index,5000.0,1000.0
Axis Small Cap Fund-Reg(IDCW),Equity - Small cap Fund,5.58,21.06,17.26,1.92,64.27497314715359,55.816746739876464,78.13607370659108,68.66805550468919,31.034482758620683,11.268126573974873,80.48303226775849,62.21340650893939,12.12758620689655,5.132413793103451,101,8,Open ended,Nifty Smallcap 250 - TRI,1000.0,1000.0
UTI Banking & PSU Debt Fund-Reg(IDCW),Debt - Banking and PSU Fund,4.2,10.38,6.82,0.57,61.31041890440386,37.49142072752231,41.14103472714387,44.0800273627094,82.75862068965517,12.828798427668028,77.77986932321924,62.1746361845733,4.9189795918367345,1.9010204081632658,102,1,Open ended,CRISIL Banking and PSU Debt Index,20000.0,1000.0
UTI Banking & PSU Debt Fund-Reg(G),Debt - Banking and PSU Fund,4.2,10.38,6.82,0.57,61.31041890440386,37.49142072752231,41.14103472714387,44.0800273627094,82.75862068965517,12.828798427668028,77.77986932321924,62.1746361845733,4.9189795918367345,1.9010204081632658,102,1,Open ended,CRISIL Banking and PSU Debt Index,1000.0,1000.0
ICICI Pru Equity & Debt Fund(A-IDCW),Hybrid - Aggressive Hybrid Fund,7.91,20.29,13.23,1.76,69.28034371643395,54.495538778311605,63.85542168674698,62.132441220153765,37.16475095785441,7.4791671121202885,87.04570256350947,62.118833990417855,9.219019607843137,4.010980392156863,104,4,Open ended,CRISIL Hybrid 35+65 - Aggressive Index,5000.0,1000.0
SBI Technology Opp Fund-Reg(IDCW),Equity - Sectoral Fund - Technology,0.29,27.54,21.97,1.97,52.91084854994629,66.93548387096774,94.82636428065202,78.0759970116056,29.118773946360154,21.336596358080765,63.04393104721505,62.0786747541966,20.878999999999998,1.091000000000001,105,1,Open ended,S&P BSE TECk Index - TRI,5000.0,1000.0
SBI Technology Opp Fund-Reg(G),Equity - Sectoral Fund - Technology,0.29,27.5,21.94,1.97,52.91084854994629,66.8668496911462,94.72005669737776,78.002252966022,29.118773946360154,21.286071323365466,63.13144297439612,62.06368071320007,20.878999999999998,1.0610000000000035,106,2,Open ended,S&P BSE TECk Index - TRI,5000.0,1000.0
DSP World Mining Fund-Reg(IDCW),FoFs (Overseas),7.42,24.93,14.32,2.18,68.22771213748658,62.457103637611546,67.71793054571226,66.24163879163692,21.0727969348659,3.194685677995528,94.46664209149912,62.00567915240971,6.912058823529412,7.4079411764705885,107,1,Open ended,MSCI ACWI Metals & Mining 30% Buffer 10/40 (1994) Net TRI,1000.0,1000.0
DSP World Mining Fund-Reg(G),FoFs (Overseas),7.42,24.93,14.32,2.18,68.22771213748658,62.457103637611546,67.71793054571226,66.24163879163692,21.0727969348659,3.194685677995528,94.46664209149912,62.00567915240971,6.912058823529412,7.4079411764705885,107,1,Open ended,MSCI ACWI Metals & Mining 30% Buffer 10/40 (1994) Net TRI,1000.0,1000.0
Kotak Small Cap Fund(G),Equity - Small cap Fund,0.39,26.02,15.01,1.87,53.12567132116004,64.3273850377488,70.16300496102055,65.00485225606693,32.950191570881216,8.658363852688156,85.0032738967263,61.990792494935334,12.12758620689655,2.8824137931034493,109,9,Open ended,Nifty Smallcap 250 - TRI,1000.0,1000.0
HSBC Small Cap Fund-Reg(G),Equity - Small cap Fund,7.04,26.72,11.35,1.85,67.41138560687432,65.52848318462594,57.19347980155918,61.737561977542235,33.716475095785434,5.437879518919975,90.5813163877924,61.94322885966558,12.12758620689655,-0.7775862068965509,110,10,Open ended,Nifty Smallcap 250 - TRI,5000.0,1000.0
HDFC Dynamic PE Ratio FOF-Reg(G),FoFs (Domestic) - Debt Oriented,8.13,14.05,9.46,1.0,69.75295381310418,43.788606726149624,50.49610205527995,52.335223808105695,66.28352490421456,13.478156110691165,76.65514882393796,61.90228033609098,7.596764705882354,1.863235294117647,111,8,Open ended,NIFTY 50 Hybrid Composite Debt 65:35 Index,1000.0,1000.0
HDFC Dynamic PE Ratio FOF-Reg(IDCW),FoFs (Domestic) - Debt Oriented,8.13,14.05,9.46,1.0,69.75295381310418,43.788606726149624,50.49610205527995,52.335223808105695,66.28352490421456,13.478156110691165,76.65514882393796,61.90228033609098,7.596764705882354,1.863235294117647,111,8,Open ended,NIFTY 50 Hybrid Composite Debt 65:35 Index,1000.0,1000.0
Kotak Small Cap Fund(IDCW),Equity - Small cap Fund,0.4,25.61,14.7,1.87,53.14715359828141,63.6238846945779,69.06449326718638,64.24884276162284,32.950191570881216,8.090362767306774,85.98708063536112,61.858739432372005,12.12758620689655,2.5724137931034488,113,11,Open ended,Nifty Smallcap 250 - TRI,1000.0,1000.0
Quant Flexi Cap Fund(G),Equity - Flexi Cap Fund,4.23,34.23,16.65,2.33,61.37486573576799,78.41455044612218,75.97448618001417,73.78658137099734,15.325670498084287,9.214605125985834,84.03983575010793,61.734667247546724,10.461,6.188999999999998,114,2,Open ended,NIFTY 500 - TRI,5000.0,1000.0
Nippon India Growth Fund(G),Equity - Mid Cap Fund,6.92,20.35,13.26,1.83,67.15359828141783,54.598490048043935,63.96172927002126,61.79113130570738,34.48275862068966,6.525450422073319,88.69758832669723,61.69065238970041,11.362272727272726,1.8977272727272734,115,9,Open ended,Nifty Midcap 150 - TRI,1000.0,1000.0
ICICI Pru Smallcap Fund(G),Equity - Small cap Fund,7.22,24.21,12.43,2.0,67.79806659505907,61.221688400823616,61.02055279943301,62.436396238975405,27.969348659003824,3.856248153617361,93.32078227134106,61.54073085207392,12.12758620689655,0.3024137931034492,116,12,Open ended,Nifty Smallcap 250 - TRI,5000.0,1000.0
Quant Flexi Cap Fund(IDCW),Equity - Flexi Cap Fund,3.98,34.12,16.59,2.33,60.837808807733616,78.2258064516129,75.76187101346564,73.5162392037634,15.325670498084287,9.408693432383586,83.70366494227201,61.51545346197078,10.461,6.129,117,3,Open ended,NIFTY 500 - TRI,5000.0,1000.0
ICICI Pru Smallcap Fund(IDCW),Equity - Small cap Fund,7.21,24.21,12.4,2.0,67.77658431793769,61.221688400823616,60.91424521615876,62.37894599191401,27.969348659003824,3.876271398818708,93.28610099331992,61.503335409037945,12.12758620689655,0.2724137931034498,118,13,Open ended,Nifty Smallcap 250 - TRI,5000.0,1000.0
Quant Infrastructure Fund(G),Equity - Sectoral Fund - Infrastructure,3.48,35.85,18.38,2.39,59.76369495166487,81.194234728895,82.1048901488306,77.36345448341677,13.026819923371647,12.644012623076863,78.09992772528864,61.46341415387346,9.401428571428571,8.978571428571428,119,1,Open ended,Nifty Infrastructure - TRI,5000.0,1000.0
Quant Infrastructure Fund(IDCW),Equity - Sectoral Fund - Infrastructure,3.43,35.89,18.41,2.39,59.656283566058,81.26286890871654,82.21119773210488,77.415716251879,13.026819923371647,12.757141860964248,77.90398213744615,61.44055864114395,9.401428571428571,9.008571428571429,120,2,Open ended,Nifty Infrastructure - TRI,5000.0,1000.0
HSBC Small Cap Fund-Reg(IDCW),Equity - Small cap Fund,6.99,26.73,10.96,1.85,67.30397422126745,65.54564172958133,55.81148121899362,61.0302279726247,33.716475095785434,6.190355528353728,89.27798970797646,61.26373018725282,12.12758620689655,-1.1675862068965497,121,14,Open ended,Nifty Smallcap 250 - TRI,5000.0,1000.0
DSP Small Cap Fund-Reg(G),Equity - Small cap Fund,2.85,24.38,10.75,1.83,58.410311493018256,61.513383665065206,55.0673281360737,57.66974146616006,34.48275862068966,3.223771769025181,94.41626350404219,61.05962626426299,12.12758620689655,-1.3775862068965505,122,15,Open ended,S&P BSE 250 Small Cap - TRI,1000.0,1000.0
HDFC Small Cap Fund-Reg(G),Equity - Small cap Fund,9.89,26.33,11.56,1.93,73.53383458646616,64.85929993136583,57.937632884479086,63.13337333894252,30.651340996168575,7.8145007701447655,86.46488763032315,60.84574382609419,12.12758620689655,-0.56758620689655,123,16,Open ended,S&P BSE 250 Small Cap - TRI,1000.0,1000.0
IDBI Liquid Fund(G),Debt - Liquid Fund,5.24,4.3,5.36,0.17,63.54457572502685,27.05902539464654,35.96739900779588,38.81032226729727,98.08429118773945,19.022158916360134,67.0526542872149,60.68939750238722,4.42803738317757,0.93196261682243,124,1,Open ended,NULL,5000.0,1000.0
Nippon India Growth Fund(IDCW),Equity - Mid Cap Fund,6.92,19.45,12.5,1.83,67.15359828141783,53.05422100205903,61.268603827073,59.981287870437775,34.48275862068966,7.081686293876303,87.7341595357421,60.54487347432683,11.362272727272726,1.1377272727272736,125,10,Open ended,Nifty Midcap 150 - TRI,1000.0,1000.0
Mirae Asset Emerging Bluechip-Reg(G),Equity - Large & Mid Cap Fund,-1.06,17.43,13.65,1.63,50.01074113856069,49.5881949210707,65.34372785258682,57.55047063032676,42.1455938697318,8.976969095361994,84.4514334288574,60.42449213981068,10.412619047619048,3.2373809523809527,126,1,Open ended,NIFTY LargeMidcap 250 - TRI,5000.0,1000.0
Mirae Asset Emerging Bluechip-Reg(IDCW),Equity - Large & Mid Cap Fund,-1.06,17.43,13.22,1.63,50.01074113856069,49.5881949210707,63.81998582565556,56.78859961686113,42.1455938697318,8.097506370130223,85.97470755232182,60.424375163943964,10.412619047619048,2.807380952380953,127,2,Open ended,NIFTY LargeMidcap 250 - TRI,5000.0,1000.0
ICICI Pru Focused Equity Fund(G),Equity - Focused Fund,5.88,21.29,12.05,1.95,64.91944146079484,56.21139327385038,59.67399007795889,59.68430131329353,29.885057471264375,4.384336515058744,92.40610639843878,60.414941624072554,9.83,2.2200000000000006,128,1,Open ended,S&P BSE 500 - TRI,5000.0,1000.0
HDFC Small Cap Fund-Reg(IDCW),Equity - Small cap Fund,9.9,26.33,11.29,1.93,73.55531686358754,64.85929993136583,56.98086463501062,62.65928566963257,30.651340996168575,8.290586226575703,85.64028343104015,60.40254894161846,12.12758620689655,-0.8375862068965514,129,17,Open ended,S&P BSE 250 Small Cap - TRI,1000.0,1000.0
Mirae Asset Tax Saver Fund-Reg(G),Equity - ELSS,0.67,17.48,13.43,1.71,53.72717508055853,49.67398764584764,64.56413890857547,57.929700764153736,39.08045977011494,7.69831927563371,86.66611988171557,60.40149529503449,10.023387096774194,3.406612903225806,130,1,Open ended,NIFTY 500 - TRI,1000.0,1000.0
Mirae Asset Tax Saver Fund-Reg(IDCW),Equity - ELSS,0.67,17.49,13.2,1.71,53.72717508055853,49.69114619080302,63.74911410347271,57.52733592508896,39.08045977011494,7.238269277615122,87.46294985230573,60.39952036814965,10.023387096774194,3.1766129032258057,131,2,Open ended,NIFTY 500 - TRI,1000.0,1000.0
Aditya Birla SL Global Emerging Opp Fund(G),FoFs (Overseas),-1.41,10.17,9.12,1.1,49.25886143931256,37.13109128345916,49.2912827781715,45.636741061986015,62.45210727969348,7.011349338566435,87.8559867159885,60.395394029913504,6.912058823529412,2.2079411764705874,132,3,Open ended,MSCI AC World Index,1000.0,1000.0
Aditya Birla SL Global Emerging Opp Fund(IDCW),FoFs (Overseas),-1.41,10.17,9.12,1.1,49.25886143931256,37.13109128345916,49.2912827781715,45.636741061986015,62.45210727969348,7.011349338566435,87.8559867159885,60.395394029913504,6.912058823529412,2.2079411764705874,132,3,Open ended,MSCI AC World Index,1000.0,1000.0
HDFC Mid-Cap Opportunities Fund(G),Equity - Mid Cap Fund,12.13,21.44,12.02,1.76,78.34586466165415,56.46877144818121,59.56768249468462,62.3936456141275,37.16475095785441,11.838007874645527,79.49596890071348,60.36200277170572,11.362272727272726,0.6577272727272732,134,11,Open ended,Nifty Midcap 150 - TRI,1000.0,1000.0
Franklin India Liquid Fund-Super Inst(G),Debt - Liquid Fund,5.22,4.18,5.34,0.21,63.5016111707841,26.853122855181883,35.89652728561303,38.704522733517905,96.55172413793103,19.09160162575203,66.9323759863329,60.223286397824936,4.42803738317757,0.9119626168224295,135,2,Open ended,NULL,10000.0,1000.0
Canara Rob Liquid Fund-Reg(G),Debt - Liquid Fund,5.25,3.98,5.08,0.18,63.56605800214823,26.50995195607413,34.975194897236,38.153794635869886,97.70114942528735,19.417572738950543,66.36777745647329,60.0941290383751,4.42803738317757,0.6519626168224297,136,3,Open ended,NULL,5000.0,1000.0
DSP Small Cap Fund-Reg(IDCW-Reinv),Equity - Small cap Fund,2.85,24.38,10.17,1.83,58.410311493018256,61.513383665065206,53.012048192771076,56.64210149450875,34.48275862068966,4.301995823185138,92.54872466029424,60.078921567500345,12.12758620689655,-1.9575862068965506,137,18,Open ended,S&P BSE 250 Small Cap - TRI,1000.0,1000.0
DSP Small Cap Fund-Reg(IDCW),Equity - Small cap Fund,2.85,24.38,10.17,1.83,58.410311493018256,61.513383665065206,53.012048192771076,56.64210149450875,34.48275862068966,4.301995823185138,92.54872466029424,60.078921567500345,12.12758620689655,-1.9575862068965506,137,18,Open ended,S&P BSE 250 Small Cap - TRI,1000.0,1000.0
Axis Liquid Fund-Reg(G),Debt - Liquid Fund,5.26,4.19,5.29,0.22,63.5875402792696,26.870281400137273,35.719347980155916,38.63826646597306,96.16858237547893,19.162025036319463,66.81039906118784,60.06387859215322,4.42803738317757,0.8619626168224297,139,4,Open ended,Nifty Liquid Fund Index,1000.0,NULL
ICICI Pru Focused Equity Fund(IDCW),Equity - Focused Fund,5.86,21.28,11.68,1.95,64.8764769065521,56.194234728895,58.36286321757618,59.01499740876701,29.885057471264375,4.518691588698032,92.17339658464088,60.02211221835982,9.83,1.8499999999999996,140,2,Open ended,S&P BSE 500 - TRI,5000.0,1000.0
UTI Overnight Fund-Reg(G),Debt - Overnight Fund,5.0,3.77,4.54,0.12,63.02900107411386,26.149622512010986,33.06165839829907,36.981516167575606,100.0,19.604023525244067,66.04483522150176,60.00196688916324,4.346,0.19399999999999995,141,1,Open ended,CRISIL Overnight Index,20000.0,1000.0
Navi Liquid Fund-Reg(G),Debt - Liquid Fund,5.35,4.1,5.13,0.2,63.78088077336197,26.715854495538782,35.152374202693125,38.34711960468059,96.93486590038314,19.42756815375064,66.3504648901968,59.99489249998528,4.42803738317757,0.7019626168224296,142,5,Open ended,NULL,1000.0,1000.0
ICICI Pru Multi-Asset Fund(G),Hybrid - Multi Asset Allocation,11.87,20.55,12.89,1.86,77.78732545649838,54.941660947151696,62.65060240963856,63.365264580264466,33.33333333333333,11.622338763081844,79.86951875956503,59.98334531335682,10.563571428571427,2.3264285714285737,143,3,Open ended,NULL,5000.0,1000.0
IDFC All Seasons Bond Fund-Reg(G),FoFs (Domestic) - Debt Oriented,3.3,5.14,6.74,0.51,59.37701396348013,28.50034317089911,40.85754783841247,40.854279663171994,85.0574712643678,15.540484398208486,73.08309144807146,59.962280509695816,7.596764705882354,-0.8567647058823535,144,10,Open ended,NIFTY Medium Duration Debt Index,1000.0,1000.0
Bank of India Liquid Fund-Reg(G),Debt - Liquid Fund,5.29,4.16,5.21,0.22,63.651987110633726,26.818805765271108,35.43586109142452,38.49396969742034,96.16858237547893,19.266061083531717,66.63020334159756,59.946681277979295,4.42803738317757,0.7819626168224296,145,6,Open ended,NULL,5000.0,NULL
HSBC Liquid Fund(G),Debt - Liquid Fund,5.21,4.08,5.22,0.22,63.48012889366272,26.68153740562801,35.47129695251594,38.43613547667892,96.16858237547893,19.217573880447606,66.71418564085616,59.93875974242323,4.42803738317757,0.7919626168224294,146,7,Open ended,Nifty Liquid Fund Index,5000.0,1000.0
Invesco India Liquid Fund(G),Debt - Liquid Fund,5.21,4.11,5.19,0.22,63.48012889366272,26.733013040494168,35.36498936924167,38.398424375501634,96.16858237547893,19.21510954667321,66.71845399216022,59.920971279660606,4.42803738317757,0.76196261682243,147,8,Open ended,Nifty Liquid Fund Index,1000.0,1000.0
UTI Liquid Cash Plan-Reg(G),Debt - Liquid Fund,5.21,4.15,5.25,0.23,63.48012889366272,26.801647220315722,35.57760453579022,38.52532221272237,95.78544061302682,19.152368479323695,66.82712470853068,59.91580243675056,4.42803738317757,0.8219626168224297,148,9,Open ended,NULL,1000.0,NULL
Motilal Oswal Midcap Fund-Reg(G),Equity - Mid Cap Fund,12.78,20.59,14.89,2.04,79.7422126745435,55.01029512697324,69.73777462792346,67.3204183869624,26.436781609195403,12.440894787349373,78.45173813669209,59.882339129953074,11.362272727272726,3.527727272727274,149,12,Open ended,Nifty Midcap 150 - TRI,1000.0,1000.0
ICICI Pru Large & Mid Cap Fund(G),Equity - Large & Mid Cap Fund,9.92,20.43,12.37,1.87,73.5982814178303,54.73575840768703,60.80793763288448,61.544352622314406,32.950191570881216,9.628594817765515,83.32278457013572,59.84042034641144,10.412619047619048,1.9573809523809516,150,3,Open ended,NIFTY LargeMidcap 250 - TRI,5000.0,1000.0
UTI Treasury Advantage Fund-Reg(M-IDCW),Debt - Low Duration Fund,5.65,4.79,6.77,0.44,64.42534908700321,27.89979409746054,40.963855421686745,41.73693575748218,87.73946360153256,18.507780123436977,67.94358449089376,59.78922990184767,5.122105263157894,1.6478947368421055,151,1,Open ended,CRISIL Low Duration Debt Index,20000.0,1000.0
UTI Treasury Advantage Fund-Reg(DD-IDCW),Debt - Low Duration Fund,5.65,4.79,6.77,0.44,64.42534908700321,27.89979409746054,40.963855421686745,41.73693575748218,87.73946360153256,18.507780123436977,67.94358449089376,59.78922990184767,5.122105263157894,1.6478947368421055,151,1,Open ended,CRISIL Low Duration Debt Index,20000.0,1000.0
UTI Treasury Advantage Fund-Reg(G),Debt - Low Duration Fund,5.65,4.79,6.77,0.44,64.42534908700321,27.89979409746054,40.963855421686745,41.73693575748218,87.73946360153256,18.507780123436977,67.94358449089376,59.78922990184767,5.122105263157894,1.6478947368421055,151,1,Open ended,CRISIL Low Duration Debt Index,20000.0,1000.0
UTI Treasury Advantage Fund-Reg(W-IDCW),Debt - Low Duration Fund,5.65,4.79,6.77,0.44,64.42534908700321,27.89979409746054,40.963855421686745,41.73693575748218,87.73946360153256,18.507780123436977,67.94358449089376,59.78922990184767,5.122105263157894,1.6478947368421055,151,1,Open ended,CRISIL Low Duration Debt Index,20000.0,1000.0
IDFC Sterling Value Fund-Reg(G),Equity - Value Fund,5.12,23.35,10.55,1.91,63.28678839957035,59.74605353466027,54.35861091424521,57.76047919743476,31.417624521072796,4.495807205632843,92.21303349880965,59.78790410368799,9.0436,1.506400000000001,155,3,Open ended,S&P BSE 500 - TRI,1000.0,1000.0
Mahindra Manulife Liquid Fund-Reg(G),Debt - Liquid Fund,5.25,4.2,5.3,0.26,63.56605800214823,26.887439945092662,35.75478384124734,38.65683550458111,94.6360153256705,19.137301189042773,66.85322202082963,59.70072708891559,4.42803738317757,0.8719626168224295,156,10,Open ended,NULL,1000.0,NULL
IDBI Liquid Fund(W-IDCW),Debt - Liquid Fund,5.29,4.24,4.55,0.17,63.651987110633726,26.95607412491421,33.0970942593905,37.36576678929626,98.08429118773945,19.65495541968359,65.95661859260676,59.69311083973468,4.42803738317757,0.12196261682242948,157,11,Open ended,NULL,5000.0,1000.0
IDBI Liquid Fund(M-IDCW),Debt - Liquid Fund,5.24,4.25,4.53,0.17,63.54457572502685,26.973232669869596,33.02622253720765,37.313996214570075,98.08429118773945,19.60217547658325,66.04803613567714,59.690079938139185,4.42803738317757,0.10196261682242991,158,12,Open ended,NULL,5000.0,1000.0
IDBI Liquid Fund(DD-IDCW),Debt - Liquid Fund,5.24,4.23,4.52,0.17,63.54457572502685,26.938915579958824,32.99078667611622,37.285983157051135,98.08429118773945,19.621983945165766,66.0137268616721,59.66749609087845,4.42803738317757,0.09196261682242923,159,13,Open ended,NULL,5000.0,1000.0
Motilal Oswal Midcap Fund-Reg(IDCW),Equity - Mid Cap Fund,12.78,20.59,14.62,2.04,79.7422126745435,55.01029512697324,68.78100637845499,66.84203426222817,26.436781609195403,12.392526493932474,78.53551447836554,59.66409115300432,11.362272727272726,3.257727272727273,160,13,Open ended,Nifty Midcap 150 - TRI,1000.0,1000.0
IDBI Nifty Junior Index Fund(IDCW),Index Funds - Nifty Next 50,-6.21,10.18,4.94,0.9,38.94736842105263,37.148249828414556,34.47909284195606,36.17349505371293,70.11494252873563,2.248210895337557,96.10598450314544,59.641979284826725,5.025,-0.08499999999999996,161,3,Open ended,NIFTY NEXT 50 - TRI,5000.0,1000.0
IDBI Nifty Junior Index Fund(G),Index Funds - Nifty Next 50,-6.21,10.18,4.94,0.9,38.94736842105263,37.148249828414556,34.47909284195606,36.17349505371293,70.11494252873563,2.248210895337557,96.10598450314544,59.641979284826725,5.025,-0.08499999999999996,161,3,Open ended,NIFTY NEXT 50 - TRI,5000.0,1000.0
JM Liquid Fund(Q-IDCW),Debt - Liquid Fund,5.2,4.08,5.2,0.25,63.458646616541344,26.68153740562801,35.4004252303331,38.39640316016322,95.01915708812261,19.217346999385352,66.71457861038326,59.63163550470808,4.42803738317757,0.7719626168224298,163,14,Open ended,NULL,5000.0,1000.0
JM Liquid Fund(G),Debt - Liquid Fund,5.2,4.08,5.2,0.25,63.458646616541344,26.68153740562801,35.4004252303331,38.39640316016322,95.01915708812261,19.217346999385352,66.71457861038326,59.63163550470808,4.42803738317757,0.7719626168224298,163,14,Open ended,NULL,5000.0,1000.0
ICICI Pru Asset Allocator Fund(FOF)(G),FoFs (Domestic) - Debt Oriented,7.86,12.54,11.45,1.35,69.17293233082707,41.19766643788607,57.54783841247342,54.96780560376794,52.87356321839081,14.053981843768645,75.65778939794218,59.61674095596722,7.596764705882354,3.8532352941176455,165,11,Open ended,CRISIL Hybrid 50+50 - Moderate Index,5000.0,1000.0
Union Liquid Fund(G),Debt - Liquid Fund,5.23,4.2,4.48,0.17,63.523093447905474,26.887439945092662,32.84904323175053,37.19537228898416,98.08429118773945,19.65794656107654,65.95143778374154,59.60661838736233,4.42803738317757,0.051962616822430086,166,16,Open ended,NULL,5000.0,2000.0
ICICI Pru Large & Mid Cap Fund(IDCW),Equity - Large & Mid Cap Fund,9.92,20.44,12.12,1.87,73.5982814178303,54.752916952642416,59.922041105598865,61.10655192215822,32.950191570881216,9.73744623786911,83.13424838004028,59.57438594880948,10.412619047619048,1.7073809523809516,167,4,Open ended,NIFTY LargeMidcap 250 - TRI,5000.0,1000.0
IDFC Tax Advt(ELSS) Fund-Reg(G),Equity - ELSS,4.15,21.04,11.54,2.02,61.203007518796994,55.78242964996569,57.86676116229623,57.90871097989722,27.203065134099624,2.73427754128406,95.2640923765015,59.57114486759889,10.023387096774194,1.5166129032258056,168,3,Open ended,S&P BSE 500 - TRI,1000.0,1000.0
IDFC Cash Fund-Reg(G),Debt - Liquid Fund,5.18,4.08,5.13,0.25,63.41568206229859,26.68153740562801,35.152374202693125,38.26378473549468,95.01915708812261,19.23524122917165,66.68358489523108,59.55757786358576,4.42803738317757,0.7019626168224296,169,17,Open ended,Nifty Liquid Fund Index,1000.0,1000.0
PGIM India Liquid Fund(G),Debt - Liquid Fund,5.19,4.13,5.27,0.27,63.43716433941997,26.767330130404943,35.64847625797306,38.541870035992005,94.25287356321839,19.130092710804345,66.86570747138384,59.55058027664656,4.42803738317757,0.8419626168224292,170,18,Open ended,NULL,5000.0,1000.0
HDFC Flexi Cap Fund(G),Equity - Flexi Cap Fund,13.99,20.31,12.39,1.77,82.34156820622987,54.52985586822238,60.87880935506733,63.26667507924635,36.7816091954023,14.574238522437199,74.75667839751121,59.51790943785156,10.461,1.9290000000000003,171,4,Open ended,NIFTY 500 - TRI,1000.0,1000.0
Mirae Asset Cash Management-Reg(G),Debt - Liquid Fund,5.21,4.15,5.23,0.27,63.48012889366272,26.801647220315722,35.506732813607364,38.48988635163094,94.25287356321839,19.16420457215414,66.80662399438525,59.50981756521638,4.42803738317757,0.8019626168224301,172,19,Open ended,NULL,5000.0,1000.0
JM Low Duration Fund(DD-IDCW),Debt - Low Duration Fund,5.17,4.34,10.71,0.79,63.39419978517723,27.127659574468087,54.92558469170801,48.27993017522988,74.32950191570882,18.972365962455306,67.13889821323701,59.5070651198514,5.122105263157894,5.587894736842107,173,5,Open ended,CRISIL Low Duration Debt Index,5000.0,1000.0
JM Low Duration Fund(FN-IDCW),Debt - Low Duration Fund,5.17,4.34,10.7,0.79,63.39419978517723,27.127659574468087,54.89014883061658,48.262212244684164,74.32950191570882,18.96635895118208,67.14930266196387,59.500807266760255,5.122105263157894,5.577894736842105,174,6,Open ended,CRISIL Low Duration Debt Index,5000.0,1000.0
JM Low Duration Fund(G),Debt - Low Duration Fund,5.17,4.34,10.69,0.79,63.39419978517723,27.127659574468087,54.85471296952515,48.24449431413845,74.32950191570882,18.960372112654788,67.15967217046986,59.494540678613895,5.122105263157894,5.5678947368421055,175,7,Open ended,CRISIL Low Duration Debt Index,5000.0,1000.0
HDFC Mid-Cap Opportunities Fund(IDCW),Equity - Mid Cap Fund,12.02,20.93,11.5,1.76,78.109559613319,55.59368565545641,57.72501771793055,61.162526478266,37.16475095785441,12.43004897236084,78.47052363930172,59.49008188842203,11.362272727272726,0.1377272727272736,176,14,Open ended,Nifty Midcap 150 - TRI,1000.0,1000.0
JM Low Duration Fund(W-IDCW),Debt - Low Duration Fund,5.17,4.34,10.68,0.79,63.39419978517723,27.127659574468087,54.81927710843373,48.226776383592735,74.32950191570882,18.9544054659884,67.17000670564684,59.48826534713528,5.122105263157894,5.557894736842106,177,8,Open ended,CRISIL Low Duration Debt Index,5000.0,1000.0
DSP Liquidity Fund-Reg(G),Debt - Liquid Fund,5.2,4.13,5.21,0.27,63.458646616541344,26.767330130404943,35.43586109142452,38.439858908142014,94.25287356321839,19.17755912125192,66.78349323683572,59.479021154084535,4.42803738317757,0.7819626168224296,178,20,Open ended,NULL,1000.0,1000.0
Franklin India Flexi Cap Fund(G),Equity - Flexi Cap Fund,2.93,18.3,11.1,1.84,58.58216970998925,51.080988332189435,56.30758327427357,55.194522078791465,34.099616858237546,3.8461833940676824,93.33821494624706,59.45671899051688,10.461,0.6389999999999993,179,5,Open ended,NIFTY 500 - TRI,5000.0,1000.0
SBI Overnight Fund-Reg(G),Debt - Overnight Fund,4.95,3.72,4.57,0.18,62.921589688506984,26.06382978723405,33.16796598157335,36.98744986465829,97.70114942528735,19.554374360150245,66.13083009799762,59.45171981315039,4.346,0.2240000000000002,180,2,Open ended,CRISIL Overnight Index,5000.0,2000.0
Quant Tax Plan(IDCW),Equity - ELSS,3.42,33.99,19.74,2.62,59.63480128893662,78.00274536719287,86.92416725726434,78.78986749657736,4.214559386973171,13.914516599316451,75.8993502872234,59.42341116683782,10.023387096774194,9.716612903225805,181,4,Open ended,NIFTY 500 - TRI,1000.0,1000.0
UTI Money Market Fund-Reg(W-IDCW),Debt - Money Market Fund,6.19,5.25,4.91,0.27,65.58539205155746,28.689087165408377,34.37278525868178,38.910197189274896,94.25287356321839,19.865667876489066,65.59165391163201,59.41623046335005,4.472884615384616,0.43711538461538435,182,1,Open ended,CRISIL Money Market Index,20000.0,1000.0
UTI Money Market Fund-Reg(G),Debt - Money Market Fund,6.19,5.25,4.91,0.27,65.58539205155746,28.689087165408377,34.37278525868178,38.910197189274896,94.25287356321839,19.865667876489066,65.59165391163201,59.41623046335005,4.472884615384616,0.43711538461538435,182,1,Open ended,CRISIL Money Market Index,1000.0,1000.0
IDFC Tax Advt(ELSS) Fund-Reg(IDCW),Equity - ELSS,4.17,21.05,11.39,2.02,61.24597207303973,55.79958819492108,57.33522324592488,57.65668249604671,27.203065134099624,2.8081793848946095,95.13609062859501,59.41313018869702,10.023387096774194,1.366612903225807,184,5,Open ended,S&P BSE 500 - TRI,1000.0,1000.0
IDFC Sterling Value Fund-Reg(IDCW),Equity - Value Fund,5.12,23.02,10.37,1.91,63.28678839957035,59.17982155113246,53.72076541459957,57.27168685255359,31.417624521072796,4.798910750454636,91.68804275922407,59.41226024635101,9.0436,1.3263999999999996,185,4,Open ended,S&P BSE 500 - TRI,1000.0,1000.0
UTI Overnight Fund-Reg(DD-IDCW),Debt - Overnight Fund,5.0,3.72,4.06,0.12,63.02900107411386,26.06382978723405,31.360737065910698,36.105317683948336,100.0,19.98899722464218,65.37804121456647,59.39716914561578,4.346,-0.2860000000000005,186,3,Open ended,CRISIL Overnight Index,20000.0,1000.0
SBI Large & Midcap Fund-Reg(IDCW),Equity - Large & Mid Cap Fund,8.22,17.72,12.34,1.79,69.94629430719657,50.08579272477694,60.7016300496102,59.365811703677494,36.01532567049808,9.938136499097057,82.7866426510092,59.383397932215566,10.412619047619048,1.9273809523809522,187,5,Open ended,NIFTY LargeMidcap 250 - TRI,5000.0,1000.0
SBI Large & Midcap Fund-Reg(G),Equity - Large & Mid Cap Fund,8.22,17.71,12.34,1.79,69.94629430719657,50.06863417982156,60.7016300496102,59.36066414019088,36.01532567049808,9.946907312844125,82.77145115597557,59.37702627671385,10.412619047619048,1.9273809523809522,188,6,Open ended,NIFTY LargeMidcap 250 - TRI,5000.0,1000.0
SBI Liquid Fund-Reg(G),Debt - Liquid Fund,5.15,4.12,5.19,0.28,63.35123523093448,26.750171585449557,35.36498936924167,38.3777932064426,93.86973180076627,19.135842908269883,66.85574783721998,59.37026651271786,4.42803738317757,0.76196261682243,189,21,Open ended,NULL,1000.0,1000.0
ICICI Pru Bluechip Fund(G),Equity - Large Cap Fund,5.63,16.09,11.48,1.67,64.38238453276047,47.28894989704874,57.6541459957477,55.890234873540564,40.613026819923384,8.61096192478689,85.08537644422802,59.369718252808134,10.044583333333334,1.4354166666666668,190,1,Open ended,NIFTY 100 - TRI,1000.0,1000.0
UTI Money Market Fund-Reg(M-IDCW),Debt - Money Market Fund,6.19,5.25,4.87,0.27,65.58539205155746,28.689087165408377,34.231041814316086,38.83932546709205,94.25287356321839,19.896171551255016,65.53881999711983,59.36758612363059,4.472884615384616,0.3971153846153843,191,3,Open ended,CRISIL Money Market Index,20000.0,1000.0
ICICI Pru Liquid Fund(G),Debt - Liquid Fund,5.14,4.14,5.23,0.29,63.3297529538131,26.78448867536033,35.506732813607364,38.4546636001744,93.48659003831418,19.08644516278256,66.94130724218337,59.334306120211586,4.42803738317757,0.8019626168224301,192,22,Open ended,NULL,1000.0,1000.0
UTI Money Market Fund-Reg(DD-IDCW),Debt - Money Market Fund,6.19,5.25,4.83,0.27,65.58539205155746,28.689087165408377,34.08929836995039,38.7684537449092,94.25287356321839,19.926964614586517,65.48548484690897,59.31881647498644,4.472884615384616,0.3571153846153843,193,4,Open ended,CRISIL Money Market Index,20000.0,1000.0
Franklin India Focused Equity Fund(G),Equity - Focused Fund,5.81,18.42,11.97,1.87,64.76906552094522,51.28689087165409,59.390503189227495,58.03513196029902,32.950191570881216,6.786831595372624,88.24486285440088,59.31632958647003,9.83,2.1400000000000006,194,3,Open ended,NIFTY 500 - TRI,5000.0,1000.0
Quant Tax Plan(G),Equity - ELSS,3.28,33.87,19.68,2.62,59.33404940923738,77.79684282772821,86.7115520907158,78.56163877552385,4.214559386973171,13.963490699748775,75.81452465701963,59.288090398760126,10.023387096774194,9.656612903225806,195,6,Open ended,NIFTY 500 - TRI,1000.0,1000.0
UTI Overnight Fund-Reg(IDCW),Debt - Overnight Fund,5.0,3.51,4.05,0.12,63.02900107411386,25.703500343170905,31.32530120481928,35.97950092018368,100.0,20.124289781033113,65.14370763301149,59.27567736834472,4.346,-0.29600000000000026,196,4,Open ended,CRISIL Overnight Index,20000.0,1000.0
LIC MF Liquid Fund-Reg(G),Debt - Liquid Fund,5.12,4.13,5.2,0.3,63.28678839957035,26.767330130404943,35.4004252303331,38.387769334202105,93.10344827586206,19.086864654714372,66.94058066084412,59.2048919012776,4.42803738317757,0.7719626168224298,197,23,Open ended,NULL,5000.0,1000.0
HDFC Overnight Fund(G),Debt - Overnight Fund,4.91,3.68,4.51,0.2,62.83566058002148,25.995195607412498,32.9553508150248,36.843366205740445,96.93486590038314,19.57249997472746,66.09943561263147,59.18025848112387,4.346,0.1639999999999997,198,5,Open ended,CRISIL Overnight Index,1000.0,1000.0
ICICI Pru Multi-Asset Fund(IDCW),Hybrid - Multi Asset Allocation,11.86,20.48,12.19,1.86,77.765843179377,54.82155113246397,60.170092133238825,62.084680042234005,33.33333333333333,12.004567764318427,79.20747870929695,59.177543031774576,10.563571428571427,1.6264285714285727,199,4,Open ended,NULL,5000.0,1000.0
Canara Rob Liquid Fund-Reg(DD-IDCW),Debt - Liquid Fund,5.24,3.91,4.28,0.18,63.54457572502685,26.389842141386417,32.140326009922035,36.69603079238232,97.70114942528735,19.999038279220027,65.36064959787606,59.11346515198201,4.42803738317757,-0.1480373831775701,200,24,Open ended,NULL,5000.0,1000.0
HDFC Liquid Fund(G),Debt - Liquid Fund,5.15,4.08,5.15,0.3,63.35123523093448,26.68153740562801,35.223245924875975,38.28633123031328,93.10344827586206,19.186850121149906,66.7674007529593,59.11087787236198,4.42803738317757,0.72196261682243,201,25,Open ended,NULL,1000.0,1000.0
Quant Large & Mid Cap Fund(IDCW),Equity - Large & Mid Cap Fund,7.16,23.32,13.37,2.31,67.66917293233082,59.69457789979411,64.35152374202693,63.61796982741786,16.09195402298851,4.0059977255022,93.06140840442482,59.097325520562265,10.412619047619048,2.9573809523809516,202,7,Open ended,NIFTY LargeMidcap 250 - TRI,5000.0,1000.0
Canara Rob Liquid Fund-Reg(W-IDCW),Debt - Liquid Fund,5.25,3.88,4.26,0.18,63.56605800214823,26.33836650652025,32.069454287739184,36.64944869625531,97.70114942528735,20.044876430949525,65.28125559015552,59.07032560198837,4.42803738317757,-0.16803738317757055,203,26,Open ended,NULL,5000.0,1000.0
Tata Liquid Fund-Reg(G),Debt - Liquid Fund,5.14,4.15,5.24,0.32,63.3297529538131,26.801647220315722,35.54216867469879,38.47752909420673,92.33716475095785,19.073756245344786,66.96328509187865,59.063877007812486,4.42803738317757,0.8119626168224299,204,27,Open ended,NULL,5000.0,1000.0
Axis Liquid Fund-Reg(M-IDCW),Debt - Liquid Fund,5.26,4.13,4.46,0.22,63.5875402792696,26.767330130404943,32.77817150956768,37.136792849759246,96.16858237547893,19.752954603803346,65.78687902661105,59.05726177540212,4.42803738317757,0.031962616822429624,205,28,Open ended,Nifty Liquid Fund Index,5000.0,NULL
Quantum Liquid Fund-Reg(G),Debt - Liquid Fund,4.94,3.8,4.76,0.25,62.900107411385605,26.20109814687715,33.84124734231042,37.36097459749547,95.01915708812261,19.36322334237015,66.46191337271125,59.0507549139562,4.42803738317757,0.33196261682242945,206,29,Open ended,NULL,5000.0,1000.0
SBI BlueChip Fund-Reg(G),Equity - Large Cap Fund,6.59,15.37,11.0,1.59,66.44468313641245,46.053534660260816,55.95322466335932,55.08160935704039,43.67816091954022,10.197005273001382,82.33826878211386,59.04491210393371,10.044583333333334,0.9554166666666664,207,2,Open ended,S&P BSE 100 - TRI,5000.0,1000.0
SBI BlueChip Fund-Reg(IDCW),Equity - Large Cap Fund,6.59,15.37,10.99,1.59,66.44468313641245,46.053534660260816,55.9177888022679,55.063891426494685,43.67816091954022,10.197368535369062,82.33763959323656,59.03589584144154,10.044583333333334,0.9454166666666666,208,3,Open ended,S&P BSE 100 - TRI,5000.0,1000.0
Axis Liquid Fund-Reg(DD-IDCW),Debt - Liquid Fund,5.26,4.11,4.45,0.22,63.5875402792696,26.733013040494168,32.742735648476256,37.1087797922403,96.16858237547893,19.77277133050373,65.75255544912628,59.03467435227145,4.42803738317757,0.021962616822429837,209,30,Open ended,Nifty Liquid Fund Index,5000.0,NULL
Aditya Birla SL Money Manager Fund(G),Debt - Money Market Fund,6.15,5.18,5.08,0.33,65.49946294307196,28.568977350720658,34.975194897236,39.15818324244859,91.95402298850574,19.734197598222696,65.81936711327458,59.02243914666938,4.472884615384616,0.6071153846153843,210,5,Open ended,Nifty Money Market Index,1000.0,1000.0
IIFL Liquid Fund-Reg(G),Debt - Liquid Fund,5.11,3.78,4.78,0.25,63.26530612244897,26.16678105696637,33.91211906449326,37.45915507382634,95.01915708812261,19.569961732820786,66.10383197657573,59.010324803087755,4.42803738317757,0.3519626168224299,211,31,Open ended,NULL,5000.0,1000.0
Franklin India Liquid Fund-Super Inst(DD-IDCW),Debt - Liquid Fund,5.22,3.97,4.4,0.21,63.5016111707841,26.492793411118743,32.56555634301913,36.93093842900201,96.55172413793103,19.847630126800468,65.62289621054687,59.009124301620474,4.42803738317757,-0.028037383177569986,212,32,Open ended,NULL,10000.0,1000.0
Quant Large & Mid Cap Fund(G),Equity - Large & Mid Cap Fund,7.02,23.16,13.35,2.31,67.36842105263158,59.4200411805079,64.28065201984407,63.44002257460072,16.09195402298851,4.007006320660818,93.05966146636584,59.00791515963895,10.412619047619048,2.937380952380952,213,8,Open ended,NIFTY LargeMidcap 250 - TRI,5000.0,1000.0
ICICI Pru Bluechip Fund(IDCW),Equity - Large Cap Fund,5.63,16.08,11.04,1.67,64.38238453276047,47.271791352093345,56.09496810772501,55.1054983660426,40.613026819923384,8.556694436301115,85.17937049148453,59.00084851087328,10.044583333333334,0.9954166666666655,214,4,Open ended,NIFTY 100 - TRI,1000.0,1000.0
Bank of India Liquid Fund-Reg(W-IDCW),Debt - Liquid Fund,5.29,4.12,4.42,0.22,63.651987110633726,26.750171585449557,32.63642806520198,37.0736629303626,96.16858237547893,19.825727844145735,65.6608320769066,58.99418507827768,4.42803738317757,-0.008037383177570412,215,33,Open ended,NULL,5000.0,NULL
Navi Liquid Fund-Reg(W-IDCW),Debt - Liquid Fund,5.36,4.02,4.31,0.2,63.80236305048334,26.578586135895677,32.246633593196314,36.857365247463534,96.93486590038314,20.056172746175903,65.26168979824513,58.97782154838883,4.42803738317757,-0.11803738317757073,216,34,Open ended,NULL,1000.0,1000.0
ICICI Pru Money Market Fund(G),Debt - Money Market Fund,6.09,5.1,4.9,0.31,65.37056928034372,28.43170899107756,34.33734939759036,38.77230125218719,92.72030651340997,19.842785105138674,65.63128803422887,58.97404926300331,4.472884615384616,0.42711538461538456,217,6,Open ended,CRISIL Money Market Index,1000.0,1000.0
Franklin India Liquid Fund-Super Inst(W-IDCW),Debt - Liquid Fund,5.22,3.96,4.37,0.21,63.5016111707841,26.475634866163354,32.45924875974487,36.87263707387826,96.55172413793103,19.876094605480645,65.57359428726184,58.96764814323735,4.42803738317757,-0.058037383177570234,218,35,Open ended,NULL,2500000.0,1000.0
Bank of India Liquid Fund-Reg(DD-IDCW),Debt - Liquid Fund,5.29,4.09,4.41,0.22,63.651987110633726,26.698695950583396,32.600992204110554,37.04050230935704,96.16858237547893,19.851730039255113,65.61579495386883,58.96634548701546,4.42803738317757,-0.0180373831775702,219,36,Open ended,NULL,5000.0,NULL
IDFC All Seasons Bond Fund-Reg(Q-IDCW),FoFs (Domestic) - Debt Oriented,3.3,5.02,5.84,0.51,59.37701396348013,28.29444063143446,37.668320340184266,39.1978951522185,85.0574712643678,15.943981960634526,72.38421316921935,58.95936868450604,7.596764705882354,-1.756764705882354,220,12,Open ended,NIFTY Medium Duration Debt Index,1000.0,1000.0
Franklin India Focused Equity Fund(IDCW),Equity - Focused Fund,5.81,18.42,11.54,1.87,64.76906552094522,51.28689087165409,57.86676116229623,57.27326094683339,32.950191570881216,6.741729893915561,88.32298129283231,58.95492368934508,9.83,1.709999999999999,221,4,Open ended,NIFTY 500 - TRI,5000.0,1000.0
Kotak Liquid Fund-Reg(G),Debt - Liquid Fund,5.12,4.08,5.17,0.32,63.28678839957035,26.68153740562801,35.29411764705882,38.30887772513188,92.33716475095785,19.138576029419028,66.85101393252641,58.95148353343701,4.42803738317757,0.7419626168224296,222,37,Open ended,Nifty Liquid Fund Index,1000.0,NULL
Aditya Birla SL Money Manager Fund(W-IDCW),Debt - Money Market Fund,6.15,5.19,5.01,0.33,65.49946294307196,28.58613589567605,34.72714386959603,39.039305292115216,91.95402298850574,19.778950569580992,65.74185269309234,58.94362156645713,4.472884615384616,0.537115384615384,223,7,Open ended,Nifty Money Market Index,1000.0,1000.0
UTI Liquid Cash Plan-Reg(M-IDCW),Debt - Liquid Fund,5.21,4.11,4.44,0.23,63.48012889366272,26.733013040494168,32.707299787384834,37.06957958457321,95.78544061302682,19.718898028982455,65.8458667445326,58.94261663167646,4.42803738317757,0.01196261682243005,224,38,Open ended,NULL,20000.0,NULL
Franklin India Flexi Cap Fund(IDCW),Equity - Flexi Cap Fund,2.93,17.95,10.72,1.84,58.58216970998925,50.48043925875086,54.96102055279943,54.34107599602282,34.099616858237546,4.058455499647574,92.97054887435307,58.93807943115907,10.461,0.25900000000000034,225,6,Open ended,NIFTY 500 - TRI,5000.0,1000.0
Navi Liquid Fund-Reg(DD-IDCW),Debt - Liquid Fund,5.33,3.96,4.29,0.2,63.737916219119214,26.475634866163354,32.175761871013464,36.77815463917958,96.93486590038314,20.071283992277436,65.23551635223158,58.93167288274347,4.42803738317757,-0.1380373831775703,226,39,Open ended,NULL,1000.0,1000.0
Invesco India Liquid Fund(DD-IDCW),Debt - Liquid Fund,5.22,4.05,4.38,0.22,63.5016111707841,26.63006177076184,32.49468462083628,36.936683075803515,96.16858237547893,19.81301950067916,65.68284357347075,58.93119802513918,4.42803738317757,-0.04803738317757045,227,40,Open ended,Nifty Liquid Fund Index,1000.0,1000.0
Invesco India Liquid Fund(W-IDCW),Debt - Liquid Fund,5.21,4.04,4.38,0.22,63.48012889366272,26.612903225806456,32.49468462083628,36.927239056892624,96.16858237547893,19.806924031795848,65.6934012352726,58.9291154311342,4.42803738317757,-0.04803738317757045,228,41,Open ended,Nifty Liquid Fund Index,1000.0,1000.0
HSBC Liquid Fund(DD-IDCW),Debt - Liquid Fund,5.2,4.01,4.39,0.22,63.458646616541344,26.56142759094029,32.5301204819277,36.92521784155421,96.16858237547893,19.80573904835658,65.69545368679553,58.92861793634572,4.42803738317757,-0.03803738317757066,229,42,Open ended,Nifty Liquid Fund Index,100000.0,1000.0
UTI Liquid Cash Plan-Reg(DD-IDCW),Debt - Liquid Fund,5.21,4.09,4.43,0.23,63.48012889366272,26.698695950583396,32.67186392629341,37.04156652705427,95.78544061302682,19.738717179323498,65.81153896917905,58.920028159078605,4.42803738317757,0.001962616822429375,230,43,Open ended,NULL,20000.0,NULL
Aditya Birla SL Money Manager Fund(DD-IDCW),Debt - Money Market Fund,6.16,5.18,4.99,0.33,65.52094522019334,28.568977350720658,34.65627214741318,39.00301832296145,91.95402298850574,19.812164324214145,65.68432478255758,58.91109610424656,4.472884615384616,0.5171153846153844,231,8,Open ended,Nifty Money Market Index,1000.0,1000.0
Aditya Birla SL Liquid Fund(G),Debt - Liquid Fund,5.21,4.17,5.28,0.34,63.48012889366272,26.835964310226494,35.683912119064495,38.58877113133274,91.57088122605363,19.121151662606252,66.88119382113587,58.907404327463745,4.42803738317757,0.8519626168224299,232,44,Open ended,NULL,1000.0,1000.0
Franklin India Savings Fund(G),Debt - Money Market Fund,5.78,4.77,4.66,0.28,64.7046186895811,27.865477007549767,33.48688873139617,38.04401120587923,93.86973180076627,19.84636529854578,65.62508695734684,58.89571029246789,4.472884615384616,0.18711538461538435,233,9,Open ended,Nifty Money Market Index,10000.0,1000.0
Invesco India Liquid Fund(M-IDCW),Debt - Liquid Fund,5.21,4.02,4.36,0.22,63.48012889366272,26.578586135895677,32.42381289865344,36.88150806882797,96.16858237547893,19.83425192687824,65.646067932526,58.89441661141522,4.42803738317757,-0.06803738317757002,234,45,Open ended,Nifty Liquid Fund Index,1000.0,1000.0
Mirae Asset Large Cap Fund-Reg(G),Equity - Large Cap Fund,2.14,13.78,10.96,1.58,56.88506981740065,43.32532601235416,55.81148121899362,52.28035237668319,44.06130268199233,7.537940881317389,86.94390340910776,58.89147771111662,10.044583333333334,0.9154166666666672,235,5,Open ended,NIFTY 100 - TRI,5000.0,1000.0
Nippon India Liquid Fund(G),Debt - Liquid Fund,5.14,4.13,5.26,0.34,63.3297529538131,26.767330130404943,35.61304039688164,38.502669828324926,91.57088122605363,19.075610552918487,66.96007333694814,58.8840735549129,4.42803738317757,0.8319626168224294,236,46,Open ended,Nifty Liquid Fund Index,1000.0,1000.0
ICICI Pru Money Market Fund(DD-IDCW),Debt - Money Market Fund,6.08,5.1,4.82,0.31,65.34908700322234,28.43170899107756,34.05386250885897,38.62626135239722,92.72030651340997,19.890921235669694,65.54791381046937,58.88018575716845,4.472884615384616,0.3471153846153845,237,10,Open ended,CRISIL Money Market Index,1000.0,1000.0
ICICI Pru Money Market Fund(W-IDCW),Debt - Money Market Fund,6.09,5.1,4.82,0.31,65.37056928034372,28.43170899107756,34.05386250885897,38.630557807821496,92.72030651340997,19.903199628278298,65.526647010636,58.87701728492224,4.472884615384616,0.3471153846153845,238,11,Open ended,CRISIL Money Market Index,1000.0,1000.0
Indiabulls Liquid Fund-Reg(G),Debt - Liquid Fund,4.98,3.9,5.07,0.31,62.9860365198711,26.372683596431024,34.93975903614458,37.97889190097582,92.72030651340997,19.150831464022243,66.82978689712482,58.876969303121605,4.42803738317757,0.6419626168224299,239,47,Open ended,NULL,1000.0,1000.0
UTI Liquid Cash Plan-Reg(W-IDCW),Debt - Liquid Fund,5.21,4.05,4.41,0.23,63.48012889366272,26.63006177076184,32.600992204110554,36.98554041201638,95.78544061302682,19.778357447364183,65.74288001090694,58.87485036199163,4.42803738317757,-0.0180373831775702,240,48,Open ended,NULL,20000.0,NULL
HSBC Liquid Fund(W-IDCW),Debt - Liquid Fund,5.16,3.94,4.35,0.22,63.37271750805586,26.441317776252575,32.38837703756201,36.801127353267944,96.16858237547893,19.829797252280255,65.65378365526088,58.85615518431892,4.42803738317757,-0.0780373831775707,241,49,Open ended,Nifty Liquid Fund Index,100000.0,1000.0
Templeton India Equity Income Fund(G),Equity - Dividend Yield Fund,7.38,23.58,12.98,2.31,68.14178302900106,60.14070006863419,62.96952515946137,63.15532920612115,16.09195402298851,4.057335566645139,92.97248865521436,58.843775272611296,10.248999999999999,2.7310000000000016,242,1,Open ended,Nifty Dividend Opportunities 50,5000.0,1000.0
IDFC All Seasons Bond Fund-Reg(A-IDCW),FoFs (Domestic) - Debt Oriented,3.3,4.76,5.86,0.51,59.37701396348013,27.848318462594374,37.73919206236711,39.09949436265789,85.0574712643678,16.124946290238928,72.07077375598689,58.831808436417624,7.596764705882354,-1.7367647058823534,243,13,Open ended,NIFTY Medium Duration Debt Index,1000.0,1000.0
Union Liquid Fund(W-IDCW),Debt - Liquid Fund,5.23,4.11,3.87,0.17,63.523093447905474,26.733013040494168,30.687455705173633,36.068250454316164,98.08429118773945,20.196232070792902,65.01909993193469,58.80997300707662,4.42803738317757,-0.5580373831775702,244,50,Open ended,NULL,5000.0,1000.0
Union Liquid Fund(DD-IDCW),Debt - Liquid Fund,5.23,4.11,3.87,0.17,63.523093447905474,26.733013040494168,30.687455705173633,36.068250454316164,98.08429118773945,20.196232070792902,65.01909993193469,58.80997300707662,4.42803738317757,-0.5580373831775702,244,50,Open ended,NULL,5000.0,1000.0
Union Liquid Fund(FN-IDCW Reinv),Debt - Liquid Fund,4.93,4.03,3.82,0.17,62.87862513426423,26.59574468085107,30.510276399716506,35.80958663096642,98.08429118773945,19.914320527265346,65.50738504856459,58.80271237455922,4.42803738317757,-0.6080373831775705,246,52,Open ended,NULL,5000.0,1000.0
Union Liquid Fund(FN-IDCW Payout),Debt - Liquid Fund,4.93,4.03,3.82,0.17,62.87862513426423,26.59574468085107,30.510276399716506,35.80958663096642,98.08429118773945,19.914320527265346,65.50738504856459,58.80271237455922,4.42803738317757,-0.6080373831775705,246,52,Open ended,NULL,5000.0,1000.0
Nippon India Money Market Fund(G),Debt - Money Market Fund,6.2,5.31,4.92,0.34,65.60687432867884,28.792038435140704,34.40822111977321,38.963096956164584,91.57088122605363,19.833597807192675,65.64720090105561,58.7860690098596,4.472884615384616,0.44711538461538414,248,12,Open ended,CRISIL Money Market Index,1000.0,1000.0
IIFL Focused Equity Fund-Reg(IDCW),Equity - Focused Fund,2.69,16.79,15.98,1.92,58.066595059076256,48.490048043925874,73.60028348688871,62.96047516843737,31.034482758620683,12.672342935876587,78.0508581841252,58.751572819905164,9.83,6.15,249,5,Open ended,S&P BSE 500 - TRI,1000.0,1000.0
IIFL Focused Equity Fund-Reg(G),Equity - Focused Fund,2.69,16.79,15.97,1.92,58.066595059076256,48.490048043925874,73.56484762579731,62.94275723789167,31.034482758620683,12.653403095783373,78.08366294945387,58.750915045964476,9.83,6.140000000000001,250,6,Open ended,S&P BSE 500 - TRI,1000.0,1000.0
IDFC All Seasons Bond Fund-Reg(H-IDCW),FoFs (Domestic) - Debt Oriented,3.3,4.8,5.76,0.51,59.37701396348013,27.916952642415925,37.38483345145287,38.94290531114724,85.0574712643678,16.140178793995446,72.04439028555413,58.74691804305411,7.596764705882354,-1.836764705882354,251,14,Open ended,NIFTY Medium Duration Debt Index,1000.0,1000.0
Axis Midcap Fund-Reg(G),Equity - Mid Cap Fund,0.03,16.01,14.98,1.78,52.35230934479055,47.151681537405636,70.05669737774627,59.64431501905294,36.398467432950184,12.007856010814105,79.20178329929863,58.72222019258867,11.362272727272726,3.617727272727274,252,15,Open ended,S&P BSE 150 MidCap - TRI,1000.0,1000.0
Nippon India Money Market Fund(M-IDCW),Debt - Money Market Fund,6.21,5.31,4.87,0.34,65.6283566058002,28.792038435140704,34.231041814316086,38.87880375886029,91.57088122605363,19.88420005198553,65.55955524209736,58.722010996467894,4.472884615384616,0.3971153846153843,253,13,Open ended,CRISIL Money Market Index,1000.0,1000.0
Nippon India Money Market Fund(W-IDCW),Debt - Money Market Fund,6.21,5.31,4.86,0.34,65.6283566058002,28.792038435140704,34.195605953224664,38.861085828314586,91.57088122605363,19.891919179571136,65.54618532092897,58.70980955090294,4.472884615384616,0.38711538461538453,254,14,Open ended,CRISIL Money Market Index,1000.0,1000.0
Navi Liquid Fund-Reg(M-IDCW),Debt - Liquid Fund,5.36,3.79,4.18,0.2,63.80236305048334,26.183939601921765,31.78596739900779,36.508638190177095,96.93486590038314,20.29605088314159,64.84620867739558,58.69958773953323,4.42803738317757,-0.24803738317757063,255,54,Open ended,NULL,1000.0,1000.0
Canara Rob Emerg Equities Fund-Reg(G),Equity - Large & Mid Cap Fund,-0.28,15.38,11.05,1.71,51.68635875402793,46.07069320521621,56.13040396881643,52.22368169677867,39.08045977011494,5.041213777033093,91.26836160636248,58.69904619250869,10.412619047619048,0.637380952380953,256,9,Open ended,NIFTY LargeMidcap 250 - TRI,5000.0,1000.0
Nippon India Money Market Fund(DD-IDCW),Debt - Money Market Fund,6.21,5.31,4.85,0.34,65.6283566058002,28.792038435140704,34.160170092133235,38.84336789776887,91.57088122605363,19.899656346763866,65.53278415424451,58.69760029395897,4.472884615384616,0.37711538461538385,257,15,Open ended,CRISIL Money Market Index,10000.0,10000.0
PGIM India Liquid Fund(M-IDCW),Debt - Liquid Fund,5.19,4.05,4.57,0.27,63.43716433941997,26.63006177076184,33.16796598157335,37.260434389899224,94.25287356321839,19.63725778631074,65.98727179278225,58.69025353394977,4.42803738317757,0.14196261682242994,258,55,Open ended,NULL,5000.0,1000.0
Kotak Equity Opp Fund(G),Equity - Large & Mid Cap Fund,7.25,15.92,12.44,1.77,67.86251342642319,46.99725463280714,61.05598866052444,58.19967340538901,36.7816091954023,10.640612500975223,81.56991852465838,58.687718632709675,10.412619047619048,2.027380952380952,259,10,Open ended,NIFTY LargeMidcap 250 - TRI,1000.0,1000.0
Mahindra Manulife Liquid Fund-Reg(DD-IDCW),Debt - Liquid Fund,5.25,4.12,4.47,0.26,63.56605800214823,26.750171585449557,32.813607370659106,37.14506676139406,94.6360153256705,19.73950339636568,65.81017720131624,58.68408151244372,4.42803738317757,0.04196261682242941,260,56,Open ended,NULL,1000.0,NULL
Mahindra Manulife Liquid Fund-Reg(W-IDCW),Debt - Liquid Fund,5.25,4.13,4.46,0.26,63.56605800214823,26.767330130404943,32.77817150956768,37.132496394334964,94.6360153256705,19.74069629700742,65.80811103679636,58.677279787784194,4.42803738317757,0.031962616822429624,261,57,Open ended,NULL,1000.0,NULL
Union Liquid Fund(M-IDCW),Debt - Liquid Fund,5.23,4.01,3.8,0.17,63.523093447905474,26.56142759094029,30.43940467753366,35.89274930563001,98.08429118773945,20.313107065229726,64.81666650343578,58.671614075608815,4.42803738317757,-0.6280373831775705,262,58,Open ended,NULL,5000.0,1000.0
Union Liquid Fund(M-IDCW Reinv),Debt - Liquid Fund,5.23,4.01,3.8,0.17,63.523093447905474,26.56142759094029,30.43940467753366,35.89274930563001,98.08429118773945,20.313107065229726,64.81666650343578,58.671614075608815,4.42803738317757,-0.6280373831775705,262,58,Open ended,NULL,5000.0,1000.0
Mirae Asset Large Cap Fund-Reg(IDCW),Equity - Large Cap Fund,2.14,13.78,10.54,1.58,56.88506981740065,43.32532601235416,54.32317505315378,51.536199293763275,44.06130268199233,7.203964653413531,87.52236720435745,58.66401711846909,10.044583333333334,0.4954166666666655,264,6,Open ended,NIFTY 100 - TRI,5000.0,1000.0
Nippon India Money Market Fund(Q-IDCW),Debt - Money Market Fund,6.2,5.31,4.81,0.34,65.60687432867884,28.792038435140704,34.018426647767534,38.768199720161746,91.57088122605363,19.91848932736826,65.50016447497974,58.65186128533921,4.472884615384616,0.3371153846153838,265,16,Open ended,CRISIL Money Market Index,1000.0,1000.0
JM Liquid Fund(DD-IDCW),Debt - Liquid Fund,5.19,4.02,4.38,0.25,63.43716433941997,26.578586135895677,32.49468462083628,36.908351019070835,95.01915708812261,19.794747028794433,65.71449242315497,58.63758788735481,4.42803738317757,-0.04803738317757045,266,60,Open ended,NULL,5000.0,1000.0
Canara Rob Emerg Equities Fund-Reg(IDCW),Equity - Large & Mid Cap Fund,-0.31,15.37,10.74,1.71,51.6219119226638,46.053534660260816,55.03189227498228,51.656388920102145,39.08045977011494,4.532212425101593,92.14997780902908,58.63580385483708,10.412619047619048,0.32738095238095255,267,11,Open ended,NIFTY LargeMidcap 250 - TRI,5000.0,1000.0
JM Liquid Fund(W-IDCW),Debt - Liquid Fund,5.2,4.01,4.38,0.25,63.458646616541344,26.56142759094029,32.49468462083628,36.9074999110085,95.01915708812261,19.813191116347436,65.68254632641391,58.629175809138374,4.42803738317757,-0.04803738317757045,268,61,Open ended,NULL,5000.0,1000.0
Aditya Birla SL Corp Bond Fund(G),Debt - Corporate Bond Fund,5.76,4.27,6.25,0.47,64.66165413533834,27.007549759780375,39.12119064493267,40.595191077468115,86.59003831417624,19.221893538031885,66.7067037744489,58.62178106089034,5.055423728813559,1.194576271186441,269,1,Open ended,NIFTY Corporate Bond Index,1000.0,1000.0
IDFC Cash Fund-Reg(DD-IDCW),Debt - Liquid Fund,5.21,4.04,4.34,0.25,63.48012889366272,26.612903225806456,32.35294117647059,36.85636733470977,95.01915708812261,19.83701161676082,65.64128800943622,58.59329494174459,4.42803738317757,-0.08803738317757048,270,62,Open ended,Nifty Liquid Fund Index,1000.0,1000.0
DSP Tax Saver Fund-Reg(G),Equity - ELSS,3.1,16.3,12.09,1.84,58.94736842105262,47.64927934111188,59.815733522324585,55.992124247706386,34.099616858237546,6.787531241805712,88.24365103123144,58.58187909622043,10.023387096774194,2.0666129032258063,271,7,Open ended,NIFTY 500 - TRI,1000.0,1000.0
PGIM India Liquid Fund(W-IDCW),Debt - Liquid Fund,5.19,4.07,4.47,0.27,63.43716433941997,26.66437886067262,32.813607370659106,37.093550211415334,94.25287356321839,19.697093713510736,65.88363292675388,58.58090172820073,4.42803738317757,0.04196261682242941,272,63,Open ended,NULL,5000.0,1000.0
IDFC Cash Fund-Reg(W-IDCW),Debt - Liquid Fund,5.18,4.02,4.33,0.25,63.41568206229859,26.578586135895677,32.31750531537916,36.815464910917996,95.01915708812261,19.82003795246238,65.67068725839175,58.580193542087585,4.42803738317757,-0.09803738317757027,273,64,Open ended,Nifty Liquid Fund Index,1000.0,1000.0
PGIM India Liquid Fund(DD-IDCW),Debt - Liquid Fund,5.19,4.09,4.45,0.27,63.43716433941997,26.698695950583396,32.742735648476256,37.06840947729714,94.25287356321839,19.69937997370593,65.87967300793647,58.56734138143728,4.42803738317757,0.021962616822429837,274,65,Open ended,NULL,5000.0,1000.0
Edelweiss Mid Cap Fund-Reg(G),Equity - Mid Cap Fund,5.79,21.16,11.88,2.12,64.72610096670248,55.98833218943034,59.071580439404684,59.27751006987194,23.37164750957854,4.4314900686201435,92.32443404791302,58.56277542430885,11.362272727272726,0.5177272727272744,275,16,Open ended,Nifty Midcap 150 - TRI,5000.0,1000.0
IDFC Cash Fund-Reg(M-IDCW),Debt - Liquid Fund,5.18,4.0,4.32,0.25,63.41568206229859,26.544269045984905,32.282069454287736,36.78745185339906,95.01915708812261,19.839881070589442,65.63631796961508,58.55759469113395,4.42803738317757,-0.10803738317757006,276,66,Open ended,Nifty Liquid Fund Index,1000.0,1000.0
Franklin India Savings Fund(DD-IDCW),Debt - Money Market Fund,5.78,4.77,4.38,0.28,64.7046186895811,27.865477007549767,32.49468462083628,37.54790915059929,93.86973180076627,20.0666878836069,65.24347704596607,58.55225678698273,4.472884615384616,-0.0928846153846159,277,17,Open ended,Nifty Money Market Index,10000.0,1000.0
Mirae Asset Cash Management-Reg(W-IDCW),Debt - Liquid Fund,5.22,4.11,4.43,0.27,63.5016111707841,26.733013040494168,32.67186392629341,37.05615810945178,94.25287356321839,19.738596173781374,65.81174855692602,58.544234584761995,4.42803738317757,0.001962616822429375,278,67,Open ended,NULL,5000.0,1000.0
Axis Money Market Fund-Reg(A-IDCW),Debt - Money Market Fund,6.05,5.12,4.92,0.36,65.28464017185821,28.46602608098834,34.40822111977321,38.800846418554755,90.80459770114942,19.766441590615642,65.76351888021114,58.54245235461752,4.472884615384616,0.44711538461538414,279,18,Open ended,Nifty Money Market Index,5000.0,1000.0
Axis Money Market Fund-Reg(G),Debt - Money Market Fund,6.05,5.12,4.92,0.36,65.28464017185821,28.46602608098834,34.40822111977321,38.800846418554755,90.80459770114942,19.766441590615642,65.76351888021114,58.54245235461752,4.472884615384616,0.44711538461538414,279,18,Open ended,Nifty Money Market Index,5000.0,1000.0
Aditya Birla SL Active Debt Multi-Mgr FoF(IDCW),FoFs (Domestic) - Debt Oriented,3.16,5.06,6.37,0.62,59.076262083780875,28.363074811256006,39.54642097802976,40.09738534914786,80.84291187739463,15.544462023171697,73.07620199954172,58.52847114380801,7.596764705882354,-1.2267647058823536,281,15,Open ended,NULL,1000.0,1000.0
Aditya Birla SL Active Debt Multi-Mgr FoF(IDCW-Payout),FoFs (Domestic) - Debt Oriented,3.16,5.06,6.37,0.62,59.076262083780875,28.363074811256006,39.54642097802976,40.09738534914786,80.84291187739463,15.544462023171697,73.07620199954172,58.52847114380801,7.596764705882354,-1.2267647058823536,281,15,Open ended,NULL,1000.0,1000.0
Aditya Birla SL Active Debt Multi-Mgr FoF(G),FoFs (Domestic) - Debt Oriented,3.16,5.05,6.37,0.62,59.076262083780875,28.34591626630062,39.54642097802976,40.09223778566124,80.84291187739463,15.552171088925595,73.06284950597708,58.522559238673544,7.596764705882354,-1.2267647058823536,283,17,Open ended,NULL,1000.0,1000.0
Aditya Birla SL Corp Bond Fund(M-IDCW),Debt - Corporate Bond Fund,5.76,4.27,6.15,0.47,64.66165413533834,27.007549759780375,38.76683203401843,40.418011772011,86.59003831417624,19.26419004089206,66.63344408251258,58.51487648517771,5.055423728813559,1.0945762711864413,284,2,Open ended,NIFTY Corporate Bond Index,1000.0,1000.0
Mirae Asset Cash Management-Reg(DD-IDCW),Debt - Liquid Fund,5.22,4.09,4.41,0.27,63.5016111707841,26.698695950583396,32.600992204110554,37.01042712138712,94.25287356321839,19.76587936442169,65.76449268454441,58.509555122634254,4.42803738317757,-0.0180373831775702,285,68,Open ended,NULL,5000.0,1000.0
Axis Midcap Fund-Reg(IDCW),Equity - Mid Cap Fund,0.02,15.64,14.49,1.78,52.33082706766917,46.516815374056286,68.32034018426647,58.58138011788395,36.398467432950184,11.290563580772186,80.44417023201578,58.50134947518347,11.362272727272726,3.127727272727274,286,17,Open ended,S&P BSE 150 MidCap - TRI,1000.0,1000.0
Axis Money Market Fund-Reg(M-IDCW),Debt - Money Market Fund,6.05,5.12,4.87,0.36,65.28464017185821,28.46602608098834,34.231041814316086,38.71225676582619,90.80459770114942,19.80392099614561,65.69860264559574,58.48192846959939,4.472884615384616,0.3971153846153843,287,20,Open ended,Nifty Money Market Index,5000.0,1000.0
DSP Liquidity Fund-Reg(W-IDCW),Debt - Liquid Fund,5.2,4.05,4.39,0.27,63.458646616541344,26.63006177076184,32.5301204819277,36.945808095500674,94.25287356321839,19.781005549927027,65.73829336272445,58.470695779236046,4.42803738317757,-0.03803738317757066,288,69,Open ended,NULL,1000.0,1000.0
HDFC Flexi Cap Fund(IDCW),Equity - Flexi Cap Fund,14.07,19.68,11.78,1.77,82.51342642320085,53.44886753603295,58.71722182849043,61.89595645969527,36.7816091954023,15.485280609715707,73.17870721451123,58.43805733232602,10.461,1.318999999999999,289,7,Open ended,NIFTY 500 - TRI,1000.0,1000.0
Axis Money Market Fund-Reg(Q-IDCW),Debt - Money Market Fund,6.05,5.12,4.83,0.36,65.28464017185821,28.46602608098834,34.08929836995039,38.64138504364334,90.80459770114942,19.834233389714814,65.64610003983486,58.43336695706774,4.472884615384616,0.3571153846153843,290,21,Open ended,Nifty Money Market Index,5000.0,1000.0
Templeton India Equity Income Fund(IDCW),Equity - Dividend Yield Fund,7.38,23.58,12.61,2.31,68.14178302900106,60.14070006863419,61.65839829907866,62.4997657759298,16.09195402298851,4.249608099843999,92.63946285881396,58.43273710841552,10.248999999999999,2.3610000000000007,291,2,Open ended,Nifty Dividend Opportunities 50,5000.0,1000.0
Tata Equity Savings Fund-Reg(G),Hybrid - Equity Savings,3.59,7.42,6.53,0.78,60.0,32.41249142072753,40.11339475549256,41.78044480396454,74.71264367816092,14.23523568434853,75.34384853699083,58.40434545577021,6.148095238095239,0.3819047619047611,292,1,Open ended,NIFTY 50 Equity Savings Index,5000.0,1000.0
SBI Liquid Fund-Reg(FN-IDCW),Debt - Liquid Fund,5.15,4.07,4.39,0.28,63.35123523093448,26.66437886067262,32.5301204819277,36.934620945352535,93.86973180076627,19.707331416975215,65.86590070420057,58.40121859891798,4.42803738317757,-0.03803738317757066,293,70,Open ended,NULL,5000.0,NULL
Sundaram Money Market Fund-Reg(M-IDCW),Debt - Money Market Fund,5.9,5.05,4.4,0.31,64.96240601503759,28.34591626630062,32.56555634301913,37.779034254407264,92.72030651340997,20.033840339817402,65.30037066071331,58.39468642073446,4.472884615384616,-0.07288461538461544,294,22,Open ended,Nifty Money Market Index,1000.0,1000.0
Tata Ethical Fund-Reg(G),Equity - Thematic Fund - Other,-0.0,18.0,11.76,1.92,52.28786251342642,50.56623198352781,58.64635010630758,54.950617150897415,31.034482758620683,4.25602876377296,92.62834194267067,58.39101475077155,8.65263157894737,3.1073684210526302,295,3,Open ended,Nifty500 Shariah - TRI,5000.0,1000.0
Tata Equity Savings Fund-Reg(P-IDCW),Hybrid - Equity Savings,3.55,7.41,6.51,0.78,59.91407089151449,32.39533287577214,40.042523033309706,41.72267555768939,74.71264367816092,14.204687451480737,75.3967596283993,58.388688605484745,6.148095238095239,0.3619047619047606,296,2,Open ended,NIFTY 50 Equity Savings Index,5000.0,1000.0
Sundaram Money Market Fund-Reg(G),Debt - Money Market Fund,5.84,5.01,4.39,0.31,64.83351235230934,28.277282086479072,32.5301204819277,37.71494733736944,92.72030651340997,19.991472065181718,65.37375466501135,58.38098896329005,4.472884615384616,-0.08288461538461611,297,23,Open ended,Nifty Money Market Index,1000.0,1000.0
Axis Money Market Fund-Reg(DD-IDCW),Debt - Money Market Fund,6.05,5.12,4.78,0.36,65.28464017185821,28.46602608098834,33.91211906449326,38.55279539091478,90.80459770114942,19.872532773443194,65.57976356131874,58.37248801107443,4.472884615384616,0.30711538461538446,298,24,Open ended,Nifty Money Market Index,5000.0,1000.0
SBI Liquid Fund-Reg(W-IDCW),Debt - Liquid Fund,5.15,4.06,4.37,0.28,63.35123523093448,26.64722031571723,32.45924875974487,36.894037520774496,93.86973180076627,19.72848707523733,65.82925802922303,58.37176621788457,4.42803738317757,-0.058037383177570234,299,71,Open ended,NULL,5000.0,NULL
SBI Liquid Fund-Reg(DD-IDCW),Debt - Liquid Fund,5.15,4.05,4.37,0.28,63.35123523093448,26.63006177076184,32.45924875974487,36.88888995728788,93.86973180076627,19.734651544009157,65.81858085610855,58.36652314286265,4.42803738317757,-0.058037383177570234,300,72,Open ended,NULL,5000.0,NULL
Aditya Birla SL Floating Rate Fund(G),Debt - Floater Fund,6.07,5.11,5.5,0.45,65.32760472610096,28.44886753603295,36.46350106307583,39.831931737568,87.35632183908046,19.396787051711964,66.40377932284075,58.355991159264306,5.277826086956522,0.2221739130434779,301,1,Open ended,CRISIL Low Duration Debt Index,1000.0,1000.0
Sundaram Money Market Fund-Reg(W-IDCW),Debt - Money Market Fund,5.88,5.08,4.35,0.31,64.91944146079484,28.397391901166785,32.38837703756201,37.69729438129001,92.72030651340997,20.033547775765946,65.3008773965149,58.35394316812622,4.472884615384616,-0.12288461538461615,302,25,Open ended,Nifty Money Market Index,1000.0,1000.0
Tata Ethical Fund-Reg(IDCW),Equity - Thematic Fund - Other,-0.06,17.94,11.51,1.92,52.15896885069817,50.46328071379548,57.76045357902196,54.45100477378926,31.034482758620683,3.818828817937835,93.38559446192347,58.33052169203067,8.65263157894737,2.8573684210526302,303,4,Open ended,Nifty500 Shariah - TRI,5000.0,1000.0
ICICI Pru Liquid Fund(W-IDCW),Debt - Liquid Fund,5.14,4.06,4.41,0.29,63.3297529538131,26.64722031571723,32.600992204110554,36.960612787533066,93.48659003831418,19.686341871360334,65.90225566363333,58.32751781925341,4.42803738317757,-0.0180373831775702,304,73,Open ended,NULL,1000.0,1000.0
Sundaram Money Market Fund-Reg(Q-IDCW),Debt - Money Market Fund,5.84,5.01,4.34,0.31,64.83351235230934,28.277282086479072,32.35294117647059,37.62635768464088,92.72030651340997,20.03312453652268,65.30161046838799,58.31865808776993,4.472884615384616,-0.13288461538461593,305,26,Open ended,Nifty Money Market Index,1000.0,1000.0
Franklin India Savings Fund(Q-IDCW),Debt - Money Market Fund,5.78,4.77,4.19,0.28,64.7046186895811,27.865477007549767,31.821403260099224,37.21126847023076,93.86973180076627,20.224068043489265,64.97088661294649,58.315788838543575,4.472884615384616,-0.2828846153846154,306,27,Open ended,Nifty Money Market Index,10000.0,1000.0
ICICI Pru Liquid Fund(DD-IDCW),Debt - Liquid Fund,5.14,4.06,4.4,0.29,63.3297529538131,26.64722031571723,32.56555634301913,36.94289485698735,93.48659003831418,19.693783685825903,65.88936606287847,58.31543645379183,4.42803738317757,-0.028037383177569986,307,74,Open ended,NULL,1000.0,1000.0
Edelweiss Liquid Fund-Reg(G),Debt - Liquid Fund,5.04,4.05,5.18,0.39,63.11493018259935,26.63006177076184,35.32955350815025,38.27678132182355,89.65517241379311,19.056293520597546,66.99353141837946,58.30056661895492,4.42803738317757,0.7519626168224294,308,75,Open ended,Nifty Liquid Fund Index,5000.0,1000.0
Sundaram Money Market Fund-Reg(DD-IDCW),Debt - Money Market Fund,5.85,5.02,4.32,0.31,64.85499462943072,28.29444063143446,32.282069454287736,37.60036584246035,92.72030651340997,20.05646507045677,65.26118347773837,58.29555541901726,4.472884615384616,-0.1528846153846155,309,28,Open ended,Nifty Money Market Index,1000.0,1000.0
Quant Active Fund(G),Equity - Multi Cap Fund,2.98,31.0,18.93,2.63,58.68958109559613,72.87234042553192,84.05386250885896,75.62654960120827,3.8314176245210607,12.711699794034894,77.98269010616873,58.26680173327658,12.057857142857143,6.872142857142856,310,1,Open ended,Nifty500 Multicap 50:25:25 - TRI,5000.0,1000.0
Kotak Equity Opp Fund(IDCW),Equity - Large & Mid Cap Fund,7.24,15.83,11.93,1.77,67.84103114930183,46.842827728208654,59.248759744861786,57.24543442075385,36.7816091954023,10.556663172320649,81.7153230271494,58.24695026601485,10.412619047619048,1.517380952380952,311,12,Open ended,NIFTY LargeMidcap 250 - TRI,1000.0,1000.0
Aditya Birla SL Floating Rate Fund(W-IDCW),Debt - Floater Fund,6.05,5.08,5.4,0.45,65.28464017185821,28.397391901166785,36.109142452161585,39.63071683080247,87.35632183908046,19.456574932981823,66.30022367480446,58.22949479387246,5.277826086956522,0.12217391304347824,312,2,Open ended,CRISIL Low Duration Debt Index,1000.0,1000.0
Baroda BNP Paribas Ultra Short Duration Fund-Reg(G),Debt - Ultra Short Duration Fund,6.25,5.19,4.53,0.34,65.71428571428571,28.58613589567605,33.02622253720765,38.23180918016378,91.57088122605363,20.27610807743142,64.88075063013108,58.22881255412806,4.4264935064935065,0.10350649350649377,313,1,Open ended,CRISIL Ultra Short Term Debt Index,5000.0,1000.0
LIC MF Liquid Fund-Reg(DD-IDCW),Debt - Liquid Fund,5.09,4.05,4.38,0.3,63.22234156820623,26.63006177076184,32.49468462083628,36.88082915528794,93.10344827586206,19.653573226529424,65.95901262137565,58.2060298019534,4.42803738317757,-0.04803738317757045,314,76,Open ended,NULL,5000.0,1000.0
Aditya Birla SL Floating Rate Fund(DD-IDCW),Debt - Floater Fund,6.07,5.04,5.39,0.45,65.32760472610096,28.328757721345234,36.073706591070156,39.60100155715884,87.35632183908046,19.513625448092817,66.20140928403424,58.189933559358096,5.277826086956522,0.11217391304347757,315,3,Open ended,CRISIL Low Duration Debt Index,1000.0,1000.0
DSP Tax Saver Fund-Reg(IDCW),Equity - ELSS,3.1,16.16,11.44,1.84,58.94736842105262,47.409059711736454,57.51240255138199,54.76839287342246,34.099616858237546,6.2884713491438395,89.10804812134167,58.18611268160603,10.023387096774194,1.416612903225806,316,8,Open ended,NIFTY 500 - TRI,1000.0,1000.0
Nippon India Value Fund(G),Equity - Value Fund,2.88,17.91,11.0,1.94,58.47475832438238,50.411805078929305,55.95322466335932,54.79510552023493,30.268199233716466,4.12465509775745,92.85588780698612,58.17857452029311,9.0436,1.9564000000000004,317,5,Open ended,NIFTY 500 - TRI,1000.0,1000.0
HDFC Money Market Fund(G),Debt - Money Market Fund,6.04,5.08,5.03,0.41,65.26315789473685,28.397391901166785,34.79801559177888,38.970856945186846,88.88888888888889,19.698466866996576,65.88125455514981,58.17796433360309,4.472884615384616,0.5571153846153845,318,29,Open ended,Nifty Money Market Index,1000.0,1000.0
Tata Mid Cap Growth Fund-Reg(G),Equity - Mid Cap Fund,3.44,17.0,11.64,1.91,59.67776584317937,48.85037748798902,58.221119773210496,55.70122630163783,31.417624521072796,5.876010088250149,89.82245198136346,58.16063227642798,11.362272727272726,0.27772727272727415,319,18,Open ended,Nifty Midcap 150 - TRI,5000.0,1000.0
Quant Active Fund(IDCW),Equity - Multi Cap Fund,2.85,30.93,18.92,2.63,58.410311493018256,72.75223061084421,84.01842664776755,75.51694480574069,3.8314176245210607,12.834805406287165,77.76946493105092,58.15869304176334,12.057857142857143,6.862142857142858,320,2,Open ended,Nifty500 Multicap 50:25:25 - TRI,5000.0,1000.0
HDFC Liquid Fund(M-IDCW),Debt - Liquid Fund,5.15,4.04,4.36,0.3,63.35123523093448,26.612903225806456,32.42381289865344,36.86602446325555,93.10344827586206,19.748321286733365,65.79490416718383,58.15760034238925,4.42803738317757,-0.06803738317757002,321,77,Open ended,NULL,5000.0,NULL
Baroda BNP Paribas Ultra Short Duration Fund-Reg(DD-IDCW),Debt - Ultra Short Duration Fund,6.24,5.19,4.46,0.34,65.69280343716434,28.58613589567605,32.77817150956768,38.103487210919525,91.57088122605363,20.321790167009738,64.8016269299855,58.14487064446955,4.4264935064935065,0.033506493506493484,322,2,Open ended,CRISIL Ultra Short Term Debt Index,5000.0,1000.0
HDFC Liquid Fund(W-IDCW),Debt - Liquid Fund,5.15,4.01,4.35,0.3,63.35123523093448,26.56142759094029,32.38837703756201,36.832863842249985,93.10344827586206,19.774317828706305,65.74987683566559,58.1297631990069,4.42803738317757,-0.0780373831775707,323,78,Open ended,NULL,5000.0,NULL
Nippon India Focused Equity Fund(G),Equity - Focused Fund,2.92,18.26,10.18,1.89,58.56068743286789,51.01235415236789,53.047484053862505,53.5395857592152,32.18390804597702,3.9054342594163516,93.23558943707074,58.12466725036954,9.83,0.34999999999999964,324,7,Open ended,S&P BSE 500 - TRI,5000.0,1000.0
HDFC Balanced Advantage Fund(G),Hybrid - Balanced Advantage,14.46,17.82,11.48,1.65,83.35123523093448,50.257378174330825,57.6541459957477,60.57453349635999,41.37931034482758,17.369781922676403,69.91465519353305,58.11075813277016,7.937894736842105,3.5421052631578958,325,1,Open ended,NIFTY 50 Hybrid Composite Debt 50:50 Index,1000.0,1000.0
HDFC Liquid Fund(DD-IDCW),Debt - Liquid Fund,5.12,4.0,4.33,0.3,63.28678839957035,26.544269045984905,32.31750531537916,36.77939105139912,93.10344827586206,19.7587089668481,65.77691217745233,58.10978563902816,4.42803738317757,-0.09803738317757027,326,79,Open ended,NULL,10000.0,NULL
Tata Money Market Fund-Reg(G),Debt - Money Market Fund,6.12,5.14,5.04,0.42,65.43501611170784,28.50034317089911,34.8334514528703,39.05383190004645,88.50574712643679,19.751515069839982,65.7893723725748,58.100695824776125,4.472884615384616,0.5671153846153842,327,30,Open ended,CRISIL Money Market Index,5000.0,1000.0
HDFC Floating Rate Debt Fund(G),Debt - Floater Fund,6.51,4.78,5.79,0.48,66.27282491944145,27.882635552505153,37.491141034727136,40.364926167003404,86.20689655172413,19.977134197505,65.39858858029963,58.083834366507645,5.277826086956522,0.5121739130434779,328,4,Open ended,NIFTY Low Duration Debt Index,1000.0,1000.0
IIFL Liquid Fund-Reg(DD-IDCW),Debt - Liquid Fund,5.11,3.72,4.03,0.25,63.26530612244897,26.06382978723405,31.254429482636425,36.099424901978225,95.01915708812261,20.147739285780773,65.10309189937621,58.08027469786382,4.42803738317757,-0.3980373831775701,329,80,Open ended,NULL,5000.0,1000.0
Quantum Liquid Fund-Reg(DD-IDCW),Debt - Liquid Fund,4.94,3.73,3.98,0.25,62.900107411385605,26.080988332189435,31.077250177179305,35.942943070523604,95.01915708812261,19.972082201331293,65.40733889435214,58.07809553088049,4.42803738317757,-0.44803738317757036,330,81,Open ended,NULL,100000.0,1000.0
Quantum Liquid Fund-Reg(M-IDCW),Debt - Liquid Fund,4.94,3.73,3.98,0.25,62.900107411385605,26.080988332189435,31.077250177179305,35.942943070523604,95.01915708812261,19.972082201331293,65.40733889435214,58.07809553088049,4.42803738317757,-0.44803738317757036,330,81,Open ended,NULL,10000.0,1000.0
IIFL Liquid Fund-Reg(W-IDCW),Debt - Liquid Fund,5.05,3.68,4.01,0.25,63.136412459720724,25.995195607412498,31.183557760453574,36.01762005439468,95.01915708812261,20.113735002620192,65.1619890454853,58.05409656059932,4.42803738317757,-0.41803738317757055,332,83,Open ended,NULL,5000.0,1000.0
IIFL Liquid Fund-Reg(W-IDCW Reinv),Debt - Liquid Fund,5.05,3.68,4.01,0.25,63.136412459720724,25.995195607412498,31.183557760453574,36.01762005439468,95.01915708812261,20.113735002620192,65.1619890454853,58.05409656059932,4.42803738317757,-0.41803738317757055,332,83,Open ended,NULL,5000.0,1000.0
Tata Liquid Fund-Reg(DD-IDCW),Debt - Liquid Fund,5.13,4.05,4.4,0.32,63.30827067669173,26.63006177076184,32.56555634301913,36.93345083807647,92.33716475095785,19.687710163814245,65.89988571158355,58.02598803467358,4.42803738317757,-0.028037383177569986,334,85,Open ended,NULL,5000.0,1000.0
HDFC Floating Rate Debt Fund(DD-IDCW),Debt - Floater Fund,6.46,4.75,5.74,0.48,66.16541353383458,27.83115991763899,37.31396172927002,40.239411546693624,86.20689655172413,19.965991092107053,65.41788900500296,58.02590216252858,5.277826086956522,0.4621739130434781,335,5,Open ended,NIFTY Low Duration Debt Index,1000.0,1000.0
HDFC Floating Rate Debt Fund(M-IDCW),Debt - Floater Fund,6.51,4.77,5.73,0.48,66.27282491944145,27.865477007549767,37.2785258681786,40.253471020242515,86.20689655172413,20.018321774280256,65.32724960468424,58.010272049223346,5.277826086956522,0.4521739130434783,336,6,Open ended,NIFTY Low Duration Debt Index,1000.0,1000.0
Invesco India Contra Fund(G),Equity - Contra Fund,3.52,15.5,11.0,1.78,59.849624060150376,46.276595744680854,55.95322466335932,53.82951586711399,36.398467432950184,6.988635693534366,87.89532790320912,57.98820676759682,12.436666666666667,-1.4366666666666674,337,3,Open ended,S&P BSE 500 - TRI,1000.0,1000.0
Kotak Liquid Fund-Reg(DD-IDCW),Debt - Liquid Fund,5.12,4.01,4.36,0.32,63.28678839957035,26.56142759094029,32.42381289865344,36.837692406522876,92.33716475095785,19.730023419441874,65.82659700300283,57.95978664175161,4.42803738317757,-0.06803738317757002,338,86,Open ended,Nifty Liquid Fund Index,1000.0,NULL
Tata Mid Cap Growth Fund-Reg(IDCW),Equity - Mid Cap Fund,3.34,16.92,11.36,1.91,59.462943071965626,48.71310912834592,57.22891566265061,55.12097918422221,31.417624521072796,5.6725768572826984,90.17480867334697,57.95859789071604,11.362272727272726,-0.002272727272726982,339,19,Open ended,Nifty Midcap 150 - TRI,5000.0,1000.0
SBI Magnum Children's Benefit Fund-Savings Plan,Solution Oriented - Children's Fund,2.48,10.77,7.49,1.17,57.61546723952738,38.16060398078244,43.51523742026931,44.728893352274866,59.77011494252873,10.049712140517837,82.59338797118133,57.955322404564946,8.626999999999999,-1.1369999999999987,340,1,Open ended,NIFTY 50 Hybrid Composite Debt 15:85 Index,5000.0,1000.0
SBI Conservative Hybrid Fund-Reg(G),Hybrid - Conservative Hybrid Fund,5.32,9.91,8.19,1.11,63.71643394199785,36.68496911461908,45.99574769666903,46.74665137111981,62.06896551724137,13.732039236296757,76.2154103512047,57.94441965267142,5.775925925925925,2.4140740740740743,341,1,Open ended,NIFTY 50 Hybrid Composite Debt 15:85 Index,5000.0,1000.0
Tata Money Market Fund-Reg(DD-IDCW),Debt - Money Market Fund,6.13,5.13,4.91,0.42,65.4564983888292,28.483184625943725,34.37278525868178,38.82264769488985,88.50574712643679,19.865844004971716,65.5913488481514,57.93559784109197,4.472884615384616,0.43711538461538435,342,31,Open ended,CRISIL Money Market Index,5000.0,1000.0
Indiabulls Liquid Fund-Reg(M-IDCW),Debt - Liquid Fund,4.98,3.86,4.27,0.31,62.9860365198711,26.304049416609477,32.10489014883061,36.54086720337237,92.72030651340997,19.718278881256662,65.84693913985106,57.91224501500144,4.42803738317757,-0.15803738317757077,343,87,Open ended,NULL,1000.0,1000.0
Nippon India Liquid Fund(W-IDCW),Debt - Liquid Fund,5.15,4.07,4.45,0.34,63.35123523093448,26.66437886067262,32.742735648476256,37.04092852862681,91.57088122605363,19.662790994928326,65.94304697817634,57.8989463153709,4.42803738317757,0.021962616822429837,344,88,Open ended,Nifty Liquid Fund Index,5000.0,1000.0
Aditya Birla SL Liquid Fund(W-IDCW),Debt - Liquid Fund,5.1,4.08,4.43,0.34,63.2438238453276,26.68153740562801,32.67186392629341,36.98915795390063,91.57088122605363,19.610071964910702,66.03435901669262,57.89588903763688,4.42803738317757,0.001962616822429375,345,89,Open ended,NULL,1000.0,NULL
Aditya Birla SL Liquid Fund(DD-IDCW),Debt - Liquid Fund,5.21,4.1,4.45,0.34,63.48012889366272,26.715854495538782,32.742735648476256,37.08214995163231,91.57088122605363,19.71768458331006,65.8479684940894,57.89578740585191,4.42803738317757,0.021962616822429837,346,90,Open ended,NULL,1000.0,NULL
Indiabulls Liquid Fund-Reg(DD-IDCW),Debt - Liquid Fund,4.87,3.78,4.26,0.31,62.74973147153597,26.16678105696637,32.069454287739184,36.4347077552667,92.72030651340997,19.64023599815246,65.9821133785567,57.892958850625014,4.42803738317757,-0.16803738317757055,347,91,Open ended,NULL,1000.0,1000.0
ICICI Pru LT Equity Fund (Tax Saving)(G),Equity - ELSS,1.74,14.95,11.12,1.78,56.02577873254565,45.33287577213453,56.378454996456405,52.9942459763777,36.398467432950184,6.277836339969715,89.12646849757022,57.87835697081895,10.023387096774194,1.0966129032258056,348,9,Open ended,NIFTY 500 - TRI,1000.0,1000.0
Nippon India Liquid Fund(DD-IDCW),Debt - Liquid Fund,5.14,4.06,4.43,0.34,63.3297529538131,26.64722031571723,32.67186392629341,36.996048648624495,91.57088122605363,19.67151363013337,65.92793893082532,57.87272936353198,4.42803738317757,0.001962616822429375,349,92,Open ended,Nifty Liquid Fund Index,10000.0,10000.0
Indiabulls Liquid Fund-Reg(W-IDCW),Debt - Liquid Fund,4.98,3.83,4.25,0.31,62.9860365198711,26.252573781743312,32.03401842664776,36.48998865182109,92.72030651340997,19.751792369971312,65.7888920746584,57.872293972927636,4.42803738317757,-0.17803738317757034,350,93,Open ended,NULL,1000.0,1000.0
HDFC Floating Rate Debt Fund(W-IDCW),Debt - Floater Fund,6.51,4.63,5.66,0.48,66.27282491944145,27.625257378174332,37.03047484053862,40.0573796176099,86.20689655172413,20.154435535419466,65.09149365478183,57.85328736043144,5.277826086956522,0.38217391304347803,351,7,Open ended,NIFTY Low Duration Debt Index,1000.0,1000.0
ICICI Pru Corp Bond Fund(G),Debt - Corporate Bond Fund,6.63,4.89,5.98,0.53,66.53061224489795,28.07137954701442,38.16442239546421,40.809747510816024,84.2911877394636,19.9400050995677,65.46289806436623,57.84339520636547,5.055423728813559,0.9245762711864414,352,3,Open ended,CRISIL Corporate Bond Index,1000.0,1000.0
Indiabulls Liquid Fund-Reg(FN-IDCW),Debt - Liquid Fund,4.98,3.84,4.22,0.31,62.9860365198711,26.2697323266987,31.92771084337349,36.441982423670574,92.72030651340997,19.768321916339254,65.76026206052306,57.84113335531855,4.42803738317757,-0.2080373831775706,353,94,Open ended,NULL,1000.0,1000.0
Canara Rob Bluechip Equity Fund-Reg(G),Equity - Large Cap Fund,1.69,14.05,13.12,1.78,55.918367346938766,43.788606726149624,63.46562721474132,56.0530690946033,36.398467432950184,9.927045209411906,82.80585332826536,57.827614737605536,10.044583333333334,3.0754166666666656,354,7,Open ended,S&P BSE 100 - TRI,5000.0,1000.0
Nippon India Liquid Fund(Q-IDCW),Debt - Liquid Fund,5.14,4.0,4.39,0.34,63.3297529538131,26.544269045984905,32.5301204819277,36.89429154552194,91.57088122605363,19.738370433200586,65.81213955108127,57.79290096704469,4.42803738317757,-0.03803738317757066,355,95,Open ended,Nifty Liquid Fund Index,1000.0,1000.0
Invesco India Midcap Fund(G),Equity - Mid Cap Fund,2.79,17.53,12.62,2.03,58.28141783029,49.759780370624576,61.69383416017009,57.43113475733042,26.819923371647512,6.146605161308843,89.35376756654799,57.75899011321408,11.362272727272726,1.2577272727272728,356,20,Open ended,S&P BSE 150 MidCap - TRI,1000.0,1000.0
Invesco India Contra Fund(IDCW),Equity - Contra Fund,3.5,15.43,10.69,1.78,59.806659505907625,46.15648592999314,54.85471296952515,53.23563416494204,36.398467432950184,6.910235967787573,88.03112021150203,57.72521399358408,12.436666666666667,-1.746666666666668,357,4,Open ended,S&P BSE 500 - TRI,1000.0,1000.0
ICICI Pru Corp Bond Fund(Q-IDCW),Debt - Corporate Bond Fund,6.63,4.89,5.87,0.53,66.53061224489795,28.07137954701442,37.77462792345854,40.614850274813186,84.2911877394636,20.000717666539654,65.35774081371288,57.71965727570071,5.055423728813559,0.814576271186441,358,4,Open ended,CRISIL Corporate Bond Index,1000.0,1000.0
Edelweiss Mid Cap Fund-Reg(IDCW),Equity - Mid Cap Fund,5.79,20.53,11.43,2.12,64.72610096670248,54.90734385724092,57.47696669029057,58.155906695658054,23.37164750957854,5.091838247564789,91.18067745129531,57.71603458804749,11.362272727272726,0.0677272727272733,359,21,Open ended,Nifty Midcap 150 - TRI,5000.0,1000.0
PGIM India Banking & PSU Debt Fund(G),Debt - Banking and PSU Fund,4.34,3.36,4.98,0.41,61.61117078410311,25.446122168840084,34.620836286321754,37.26648895063353,88.88888888888889,18.799664344450328,67.43802619017097,57.71497324508173,4.9189795918367345,0.06102040816326593,360,3,Open ended,CRISIL Banking and PSU Debt Index,5000.0,1000.0
ICICI Pru Corp Bond Fund(M-IDCW),Debt - Corporate Bond Fund,6.63,4.89,5.86,0.53,66.53061224489795,28.07137954701442,37.73919206236711,40.59713234426747,84.2911877394636,20.006353385316576,65.34797946245408,57.70835797261316,5.055423728813559,0.8045762711864413,361,5,Open ended,CRISIL Corporate Bond Index,1000.0,1000.0
Canara Rob Bluechip Equity Fund-Reg(IDCW),Equity - Large Cap Fund,1.62,13.99,12.69,1.78,55.76799140708915,43.68565545641731,61.94188518781005,55.23023751224805,36.398467432950184,9.286098305584805,83.91600593064786,57.693737097023536,10.044583333333334,2.645416666666666,362,8,Open ended,S&P BSE 100 - TRI,5000.0,1000.0
Tata Equity Savings Fund-Reg(M-IDCW),Hybrid - Equity Savings,3.57,7.13,6.03,0.78,59.95703544575724,31.914893617021278,38.34160170092133,40.7366760247185,74.71264367816092,14.69065049113438,74.55504695311858,57.68526067017912,6.148095238095239,-0.11809523809523892,363,3,Open ended,NIFTY 50 Equity Savings Index,5000.0,1000.0
HDFC Large and Mid Cap Fund-Reg(G),Equity - Large & Mid Cap Fund,7.34,19.37,12.22,2.09,68.05585392051557,52.916952642415936,60.276399716513104,59.624456435084454,24.521072796934874,7.570421618120705,86.88764512269715,57.66440769745023,10.412619047619048,1.807380952380953,364,13,Open ended,NIFTY LargeMidcap 250 - TRI,1000.0,1000.0
Invesco India Midcap Fund(IDCW),Equity - Mid Cap Fund,2.79,17.54,12.13,2.03,58.28141783029,49.77693891557996,59.957476966690294,56.56810372407713,26.819923371647512,5.458612321362208,90.54540612057916,57.62538423509524,11.362272727272726,0.7677272727272744,365,22,Open ended,S&P BSE 150 MidCap - TRI,1000.0,1000.0
SBI Long Term Equity Fund-Reg(G),Equity - ELSS,9.0,17.59,10.35,1.73,71.6219119226638,49.8627316403569,53.649893692416725,56.10814872284819,38.31417624521072,11.624671767658851,79.86547787710336,57.59898789200262,10.023387096774194,0.32661290322580605,366,10,Open ended,S&P BSE 500 - TRI,1000.0,1000.0
Nippon India Value Fund(IDCW),Equity - Value Fund,2.88,17.52,10.57,1.94,58.47475832438238,49.74262182566919,54.42948263642806,53.83247953079126,30.268199233716466,4.369994803260461,92.43094697194093,57.59102631680998,9.0436,1.5264000000000006,367,6,Open ended,NIFTY 500 - TRI,1000.0,1000.0
Quant Liquid Plan(G),Debt - Liquid Fund,5.04,4.56,5.56,0.54,63.11493018259935,27.50514756348662,36.67611622962438,39.21258842037804,83.9080459770115,18.489520309695113,67.97521141603141,57.57710855844975,4.42803738317757,1.1319626168224293,368,96,Open ended,NULL,5000.0,1000.0
SBI Equity Hybrid Fund-Reg(G),Hybrid - Aggressive Hybrid Fund,0.71,10.47,10.07,1.45,53.81310418904404,37.6458476321208,52.657689581856836,48.385219918373465,49.042145593869726,9.019151532671406,84.37837130425041,57.547739183716764,9.219019607843137,0.8509803921568633,369,5,Open ended,CRISIL Hybrid 35+65 - Aggressive Index,1000.0,1000.0
Canara Rob Flexi Cap Fund-Reg(G),Equity - Flexi Cap Fund,-0.61,14.29,12.64,1.77,50.97744360902256,44.20041180507893,61.76470588235294,54.33796520450466,36.7816091954023,8.858118817016054,84.65728814944627,57.52870693846448,10.461,2.1790000000000003,370,8,Open ended,S&P BSE 500 - TRI,5000.0,1000.0
ICICI Pru LT Equity Fund (Tax Saving)(IDCW),Equity - ELSS,1.73,14.88,10.5,1.78,56.004296455424274,45.21276595744681,54.18143160878809,51.855404882712946,36.398467432950184,5.776632962540095,89.99457821220344,57.52596385264488,10.023387096774194,0.4766129032258064,371,11,Open ended,NIFTY 500 - TRI,1000.0,1000.0
UTI Value Opp Fund-Reg(G),Equity - Value Fund,4.31,16.01,11.87,1.91,61.54672395273899,47.151681537405636,59.036144578313255,55.972921540926116,31.417624521072796,7.689394392118249,86.68157823341599,57.511261459085254,9.0436,2.8263999999999996,372,7,Open ended,NIFTY 500 - TRI,5000.0,1000.0
Kotak Flexicap Fund(G),Equity - Flexi Cap Fund,3.84,12.54,10.57,1.59,60.537056928034374,41.19766643788607,54.42948263642806,51.68145263518673,43.67816091954022,9.885978691813364,82.87698262323595,57.47951220328741,10.461,0.10899999999999999,373,9,Open ended,NIFTY 500 - TRI,5000.0,1000.0
UTI Mid Cap Fund-Reg(G),Equity - Mid Cap Fund,1.65,19.89,10.35,2.11,55.83243823845328,53.8091969800961,53.649893692416725,54.13419358792785,23.754789272030653,1.216715758535939,97.89258648784605,57.4789407339331,11.362272727272726,-1.0122727272727268,374,23,Open ended,Nifty Midcap 150 - TRI,5000.0,1000.0
UTI Mid Cap Fund-Reg(IDCW),Equity - Mid Cap Fund,1.65,19.89,10.35,2.11,55.83243823845328,53.8091969800961,53.649893692416725,54.13419358792785,23.754789272030653,1.216715758535939,97.89258648784605,57.4789407339331,11.362272727272726,-1.0122727272727268,374,23,Open ended,Nifty Midcap 150 - TRI,5000.0,1000.0
SBI Equity Hybrid Fund-Reg(IDCW),Hybrid - Aggressive Hybrid Fund,0.71,10.47,9.91,1.45,53.81310418904404,37.6458476321208,52.09071580439404,48.10173302964206,49.042145593869726,8.878823334572617,84.6214268730921,57.46675963156149,9.219019607843137,0.6909803921568631,376,6,Open ended,CRISIL Hybrid 35+65 - Aggressive Index,1000.0,1000.0
Nippon India Liquid Fund(M-IDCW),Debt - Liquid Fund,5.14,3.74,4.23,0.34,63.3297529538131,26.098146877144824,31.96314670446492,36.47696800613853,91.57088122605363,20.018552651745807,65.32684971318358,57.462916737878565,4.42803738317757,-0.19803738317756991,377,97,Open ended,Nifty Liquid Fund Index,1000.0,1000.0
ICICI Pru Savings Fund(G),Debt - Low Duration Fund,7.08,4.89,5.43,0.49,67.49731471535982,28.07137954701442,36.21545003543586,40.028601824894224,85.82375478927203,20.813798731738945,63.94944309811548,57.45760038429398,5.122105263157894,0.30789473684210567,378,9,Open ended,CRISIL Low Duration Debt Index,1000.0,1000.0
Franklin India Smaller Cos Fund(G),Equity - Small cap Fund,8.78,23.4,9.62,1.9,71.14930182599355,59.83184625943721,51.06307583274272,57.71095215940123,31.800766283524908,10.070026563594508,82.55820235828608,57.44521824015336,12.12758620689655,-2.5075862068965513,379,20,Open ended,Nifty Smallcap 250 - TRI,5000.0,1000.0
ICICI Pru Debt Mgmt Fund(FOF)(G),FoFs (Domestic) - Debt Oriented,4.62,5.62,6.52,0.74,62.21267454350161,29.323953328757725,40.077958894401135,41.27870035452821,76.24521072796935,16.769328428779172,70.9546711525453,57.43932064739277,7.596764705882354,-1.0767647058823542,380,18,Open ended,NULL,1000.0,1000.0
ICICI Pru Debt Mgmt Fund(FOF)(IDCW),FoFs (Domestic) - Debt Oriented,4.62,5.62,6.52,0.74,62.21267454350161,29.323953328757725,40.077958894401135,41.27870035452821,76.24521072796935,16.769328428779172,70.9546711525453,57.43932064739277,7.596764705882354,-1.0767647058823542,380,18,Open ended,NULL,1000.0,1000.0
Nippon India Focused Equity Fund(IDCW),Equity - Focused Fund,2.92,17.88,9.76,1.89,58.56068743286789,50.36032944406315,51.55917788802267,52.59982526380385,32.18390804597702,4.429150494972608,92.3284863083386,57.428011220480826,9.83,-0.07000000000000028,382,8,Open ended,S&P BSE 500 - TRI,5000.0,1000.0
ICICI Pru Savings Fund(W-IDCW),Debt - Low Duration Fund,7.08,4.89,5.4,0.49,67.49731471535982,28.07137954701442,36.109142452161585,39.97544803325708,85.82375478927203,20.833576083020976,63.91518772085587,57.42245964416052,5.122105263157894,0.2778947368421063,383,10,Open ended,CRISIL Low Duration Debt Index,1000.0,1000.0
ICICI Pru Savings Fund(DD-IDCW),Debt - Low Duration Fund,7.04,4.87,5.39,0.49,67.41138560687432,28.03706245710364,36.073706591070156,39.930249154041036,85.82375478927203,20.80454717337918,63.96546726724379,57.41243009114947,5.122105263157894,0.26789473684210563,384,11,Open ended,CRISIL Low Duration Debt Index,1000.0,1000.0
Canara Rob Equity Tax Saver Fund-Reg(G),Equity - ELSS,0.83,16.57,14.36,1.98,54.07089151450053,48.11256005490735,67.85967399007795,59.177783314411286,28.735632183908045,10.129007393864562,82.45604456358575,57.38681084407909,10.023387096774194,4.336612903225806,385,12,Open ended,S&P BSE 500 - TRI,1000.0,1000.0
ICICI Pru Savings Fund(FN-IDCW),Debt - Low Duration Fund,7.09,4.9,5.36,0.49,67.5187969924812,28.088538091969806,35.96739900779588,39.91402032998512,85.82375478927203,20.865891150712503,63.859216381764114,57.377752957751596,5.122105263157894,0.23789473684210627,386,12,Open ended,CRISIL Low Duration Debt Index,1000.0,1000.0
SBI Conservative Hybrid Fund-Reg(M-IDCW),Hybrid - Conservative Hybrid Fund,5.32,9.87,7.66,1.11,63.71643394199785,36.616334934797536,44.11764705882353,45.78701079825059,62.06896551724137,13.992840413786643,75.76368946111842,57.35166914371524,5.775925925925925,1.884074074074075,387,2,Open ended,NIFTY 50 Hybrid Composite Debt 15:85 Index,5000.0,1000.0
HDFC Retirement Savings Fund-Equity Plan-Reg(G),Solution Oriented - Retirement Fund,12.51,21.92,13.16,2.23,79.16219119226638,57.292381606039825,63.60737065910702,64.82383804981873,19.15708812260537,11.255517905283622,80.50487112254754,57.32740883619759,7.109999999999999,6.050000000000001,388,1,Open ended,NIFTY 500 - TRI,1000.0,1000.0
UTI Value Opp Fund-Reg(IDCW),Equity - Value Fund,4.31,16.01,11.56,1.91,61.54672395273899,47.151681537405636,57.937632884479086,55.42366569400903,31.417624521072796,7.489765583110455,87.02734547327195,57.32307534559071,9.0436,2.516400000000001,389,8,Open ended,NIFTY 500 - TRI,5000.0,1000.0
Edelweiss Liquid Fund-Reg(M-IDCW),Debt - Liquid Fund,5.04,4.0,4.37,0.39,63.11493018259935,26.544269045984905,32.45924875974487,36.81589113018778,89.65517241379311,19.63063526091646,65.99874234323957,57.32142425435206,4.42803738317757,-0.058037383177570234,390,98,Open ended,Nifty Liquid Fund Index,5000.0,1000.0
Edelweiss Liquid Fund-Reg(DD-IDCW),Debt - Liquid Fund,5.05,3.99,4.36,0.39,63.136412459720724,26.527110501029515,32.42381289865344,36.797322091579716,89.65517241379311,19.65653352309458,65.95388523731933,57.30092545856797,4.42803738317757,-0.06803738317757002,391,99,Open ended,Nifty Liquid Fund Index,5000.0,1000.0
Aditya Birla SL Savings Fund-Reg(G),Debt - Ultra Short Duration Fund,5.96,5.04,5.16,0.52,65.09129967776583,28.328757721345234,35.2586817859674,39.14622814494044,84.67432950191571,19.53413008436374,66.16589421222228,57.28317000100472,4.4264935064935065,0.7335064935064937,392,3,Open ended,NIFTY Ultra Short Duration Debt Index,1000.0,1000.0
ICICI Pru Savings Fund(M-IDCW),Debt - Low Duration Fund,7.08,4.89,5.28,0.49,67.49731471535982,28.07137954701442,35.683912119064495,39.762832866708536,85.82375478927203,20.914299736516273,63.77537025162943,57.281197693579635,5.122105263157894,0.1578947368421062,393,13,Open ended,CRISIL Low Duration Debt Index,1000.0,1000.0
Nippon India Multi Cap Fund(G),Equity - Multi Cap Fund,13.91,18.52,11.67,1.82,82.16970998925885,51.45847632120797,58.32742735648475,61.03519857245654,34.86590038314177,16.1183994391489,72.08211323470441,57.25460269068981,12.057857142857143,-0.38785714285714334,394,3,Open ended,Nifty500 Multicap 50:25:25 - TRI,1000.0,1000.0
Kotak Flexicap Fund(IDCW),Equity - Flexi Cap Fund,3.84,12.54,10.26,1.59,60.537056928034374,41.19766643788607,53.3309709425939,51.132196788269646,43.67816091954022,9.77374696115367,83.07137368295993,57.25348204475986,10.461,-0.2010000000000005,395,10,Open ended,NIFTY 500 - TRI,5000.0,1000.0
Canara Rob Equity Tax Saver Fund-Reg(IDCW),Equity - ELSS,0.83,16.37,13.91,1.98,54.07089151450053,47.769389155799594,66.26506024096386,58.27752517012192,28.735632183908045,9.402982964612448,83.71355576258661,57.25105957168462,10.023387096774194,3.8866129032258065,396,13,Open ended,S&P BSE 500 - TRI,1000.0,1000.0
SBI Conservative Hybrid Fund-Reg(A-IDCW),Hybrid - Conservative Hybrid Fund,5.32,9.91,7.53,1.11,63.71643394199785,36.68496911461908,43.65698086463501,45.5772679551028,62.06896551724137,14.033832312897152,75.69268940916028,57.229047709151814,5.775925925925925,1.754074074074075,397,3,Open ended,NIFTY 50 Hybrid Composite Debt 15:85 Index,5000.0,1000.0
SBI Conservative Hybrid Fund-Reg(Q-IDCW),Hybrid - Conservative Hybrid Fund,5.31,9.91,7.51,1.11,63.69495166487648,36.68496911461908,43.58610914245216,45.5375356385871,62.06896551724137,14.032880665545411,75.69433771072438,57.209593626284985,5.775925925925925,1.7340740740740745,398,4,Open ended,NIFTY 50 Hybrid Composite Debt 15:85 Index,5000.0,1000.0
Edelweiss Liquid Fund-Reg(W-IDCW),Debt - Liquid Fund,5.04,3.94,4.3,0.39,63.11493018259935,26.441317776252575,32.21119773210489,36.66098023544809,89.65517241379311,19.72006609610138,65.84384359293597,57.205244119406316,4.42803738317757,-0.12803738317757052,399,100,Open ended,Nifty Liquid Fund Index,5000.0,1000.0
HDFC Balanced Advantage Fund(IDCW),Hybrid - Balanced Advantage,14.45,17.67,10.76,1.65,83.32975295381311,50.0,55.10276399716513,59.21733258934519,41.37931034482758,17.952128647840556,68.90600107792739,57.17999415036134,7.937894736842105,2.822105263157895,400,2,Open ended,NIFTY 50 Hybrid Composite Debt 50:50 Index,1000.0,1000.0
IDFC Ultra Short Term Fund-Reg(G),Debt - Ultra Short Duration Fund,5.72,4.76,4.42,0.43,64.57572502685285,27.848318462594374,32.63642806520198,37.587854576749876,88.12260536398468,19.966417959945645,65.41714964821841,57.17886604142571,4.4264935064935065,-0.006493506493506551,401,4,Open ended,NIFTY Ultra Short Duration Debt Index,1000.0,1000.0
Aditya Birla SL Savings Fund-Reg(DD-IDCW),Debt - Ultra Short Duration Fund,5.96,5.02,5.08,0.52,65.09129967776583,28.29444063143446,34.975194897236,38.9941895736015,84.67432950191571,19.60281051442818,66.04693621786498,57.177411216745924,4.4264935064935065,0.6535064935064936,402,5,Open ended,NIFTY Ultra Short Duration Debt Index,1000.0,1000.0
IDBI Ultra ST(G),Debt - Ultra Short Duration Fund,5.86,4.85,4.48,0.44,64.8764769065521,28.002745367192865,32.84904323175053,37.800640607343546,87.73946360153256,20.037112185569413,65.2947036576363,57.158862118463986,4.4264935064935065,0.053506493506493946,403,6,Open ended,CRISIL Ultra Short Term Debt Index,5000.0,1000.0
Aditya Birla SL Savings Fund-Reg(W-IDCW),Debt - Ultra Short Duration Fund,5.77,4.94,5.04,0.52,64.68313641245972,28.15717227179136,34.8334514528703,38.80050469046451,84.67432950191571,19.44960347623158,66.31229859209864,57.14690936873584,4.4264935064935065,0.6135064935064936,404,7,Open ended,NIFTY Ultra Short Duration Debt Index,1000.0,1000.0
HSBC Value Fund-Reg(G),Equity - Value Fund,6.54,18.17,9.94,1.84,66.33727175080558,50.857927247769396,52.19702338766832,54.623344218326096,34.099616858237546,8.576614604908464,85.14486774736126,57.122793260562744,9.0436,0.8963999999999999,405,9,Open ended,NIFTY 500 - TRI,5000.0,1000.0
IDBI Ultra ST(M-IDCW),Debt - Ultra Short Duration Fund,5.86,4.85,4.44,0.44,64.8764769065521,28.002745367192865,32.707299787384834,37.729768885160695,87.73946360153256,20.069300213898998,65.23895235717399,57.10948843225699,4.4264935064935065,0.01350649350649391,406,8,Open ended,CRISIL Ultra Short Term Debt Index,5000.0,1000.0
IDFC Ultra Short Term Fund-Reg(W-IDCW),Debt - Ultra Short Duration Fund,5.72,4.76,4.36,0.43,64.57572502685285,27.848318462594374,32.42381289865344,37.481546993475604,88.12260536398468,20.0149235812106,65.3331354477348,57.104708699667675,4.4264935064935065,-0.06649350649350616,407,9,Open ended,NIFTY Ultra Short Duration Debt Index,1000.0,1000.0
IDBI Ultra ST(W-IDCW),Debt - Ultra Short Duration Fund,5.86,4.85,4.43,0.44,64.8764769065521,28.002745367192865,32.67186392629341,37.71205095461499,87.73946360153256,20.077391277105363,65.22493822461331,57.09712593384396,4.4264935064935065,0.0035064935064932357,408,10,Open ended,CRISIL Ultra Short Term Debt Index,5000.0,1000.0
IDFC Ultra Short Term Fund-Reg(M-IDCW),Debt - Ultra Short Duration Fund,5.74,4.77,4.35,0.43,64.6186895810956,27.865477007549767,32.38837703756201,37.477569537265055,88.12260536398468,20.0418242092696,65.2865421931811,57.091071657923976,4.4264935064935065,-0.07649350649350684,409,11,Open ended,NIFTY Ultra Short Duration Debt Index,1000.0,1000.0
IDBI Ultra ST(DD-IDCW),Debt - Ultra Short Duration Fund,5.86,4.85,4.42,0.44,64.8764769065521,28.002745367192865,32.63642806520198,37.69433302406927,87.73946360153256,20.085499920237677,65.21089364272771,57.084755823099705,4.4264935064935065,-0.006493506493506551,410,12,Open ended,CRISIL Ultra Short Term Debt Index,5000.0,1000.0
Sundaram Corp Bond Fund(G),Debt - Corporate Bond Fund,5.47,3.94,5.53,0.54,64.03866809881848,26.441317776252575,36.569808646350104,39.02503327581452,83.9080459770115,19.453728512390867,66.30515381988769,57.065816587132055,5.055423728813559,0.4745762711864412,411,6,Open ended,NIFTY Corporate Bond Index,5000.0,1000.0
IIFL Dynamic Bond Fund-Reg(H-IDCW),Debt - Dynamic Bond,3.7,2.92,5.4,0.52,60.236305048335126,24.691146190803025,36.109142452161585,37.509176092988724,84.67432950191571,18.14730894546896,68.56793888579858,57.065155143422935,4.625,0.7750000000000004,412,1,Open ended,CRISIL Dynamic Debt Index,10000.0,1000.0
IIFL Dynamic Bond Fund-Reg(G),Debt - Dynamic Bond,3.7,2.92,5.4,0.52,60.236305048335126,24.691146190803025,36.109142452161585,37.509176092988724,84.67432950191571,18.14730894546896,68.56793888579858,57.065155143422935,4.625,0.7750000000000004,412,1,Open ended,CRISIL Dynamic Debt Index,10000.0,1000.0
IIFL Dynamic Bond Fund-Reg(Q-IDCW),Debt - Dynamic Bond,3.7,2.92,5.4,0.52,60.236305048335126,24.691146190803025,36.109142452161585,37.509176092988724,84.67432950191571,18.14730894546896,68.56793888579858,57.065155143422935,4.625,0.7750000000000004,412,1,Open ended,CRISIL Dynamic Debt Index,10000.0,1000.0
IDFC Ultra Short Term Fund-Reg(Q-IDCW),Debt - Ultra Short Duration Fund,5.73,4.76,4.33,0.43,64.59720730397423,27.848318462594374,32.31750531537916,37.43268965726274,88.12260536398468,20.051739835875033,65.26936782411163,57.06433812565544,4.4264935064935065,-0.09649350649350641,415,13,Open ended,NIFTY Ultra Short Duration Debt Index,1000.0,1000.0
IDFC Ultra Short Term Fund-Reg(DD-IDCW),Debt - Ultra Short Duration Fund,5.72,4.72,4.33,0.43,64.57572502685285,27.779684282772827,32.31750531537916,37.407802947891994,88.12260536398468,20.06295580216464,65.24994120064204,57.04703811510267,4.4264935064935065,-0.09649350649350641,416,14,Open ended,NIFTY Ultra Short Duration Debt Index,1000.0,1000.0
LIC MF Ultra Short Term Fund-Reg(DD-IDCW),Debt - Ultra Short Duration Fund,5.36,4.52,4.08,0.4,63.80236305048334,27.43651338366507,31.431608788093545,36.70723101924296,89.272030651341,19.94284140903756,65.45798543225845,57.03611953052135,4.4264935064935065,-0.3464935064935064,417,15,Open ended,CRISIL Ultra Short Term Debt Index,5000.0,1000.0
Sundaram Corp Bond Fund(M-IDCW),Debt - Corporate Bond Fund,5.48,3.94,5.5,0.54,64.06015037593986,26.441317776252575,36.46350106307583,38.97617593960166,83.9080459770115,19.481597202211,66.25688383317886,57.02932042234842,5.055423728813559,0.44457627118644094,418,7,Open ended,NIFTY Corporate Bond Index,5000.0,1000.0
Nippon India Multi Cap Fund(IDCW),Equity - Multi Cap Fund,13.91,18.52,11.44,1.82,82.16970998925885,51.45847632120797,57.51240255138199,60.62768616990516,34.86590038314177,16.26761971063985,71.82365614296286,56.98623221647874,12.057857142857143,-0.6178571428571438,419,4,Open ended,Nifty500 Multicap 50:25:25 - TRI,1000.0,1000.0
IDBI ST Bond(G),Debt - Short Duration Fund,5.24,3.32,7.76,0.75,63.54457572502685,25.377487989018533,44.47200566973777,42.55816437657981,75.86206896551724,19.08354491973546,66.94633061049525,56.98118208229303,5.2086538461538465,2.5513461538461533,420,4,Open ended,NULL,5000.0,1000.0
IDBI ST Bond(M-IDCW),Debt - Short Duration Fund,5.24,3.32,7.76,0.75,63.54457572502685,25.377487989018533,44.47200566973777,42.55816437657981,75.86206896551724,19.08354491973546,66.94633061049525,56.98118208229303,5.2086538461538465,2.5513461538461533,420,4,Open ended,NULL,5000.0,1000.0
IDBI ST Bond(W-IDCW),Debt - Short Duration Fund,5.24,3.32,7.76,0.75,63.54457572502685,25.377487989018533,44.47200566973777,42.55816437657981,75.86206896551724,19.08354491973546,66.94633061049525,56.98118208229303,5.2086538461538465,2.5513461538461533,420,4,Open ended,NULL,5000.0,1000.0
IIFL Dynamic Bond Fund-Reg(M-IDCW),Debt - Dynamic Bond,3.7,2.92,5.32,0.52,60.236305048335126,24.691146190803025,35.82565556343019,37.36743264862302,84.67432950191571,18.181104776897747,68.50940278867989,56.97964939696041,4.625,0.6950000000000003,423,4,Open ended,CRISIL Dynamic Debt Index,10000.0,1000.0
Canara Rob Flexi Cap Fund-Reg(IDCW),Equity - Flexi Cap Fund,-1.59,13.92,11.93,1.77,48.87218045112782,43.565545641729585,59.248759744861786,52.46847965517533,36.7816091954023,7.977018819126085,86.18339811234053,56.97549165452337,10.461,1.4689999999999994,424,11,Open ended,S&P BSE 500 - TRI,5000.0,1000.0
Sundaram Banking & PSU Debt Fund(W-IDCW),Debt - Banking and PSU Fund,4.63,3.15,4.26,0.38,62.234156820622985,25.085792724776944,32.069454287739184,36.007296325427276,90.03831417624522,19.742854246203045,65.80437335914937,56.964320046562285,4.9189795918367345,-0.6589795918367347,425,4,Open ended,NIFTY Banking and PSU Debt Index,5000.0,1000.0
HSBC Managed Solutions India-Growth(G),FoFs (Domestic) - Equity Oriented,0.99,12.7,8.64,1.56,54.41460794844253,41.472203157172274,47.59036144578313,47.119763259731755,44.827586206896555,6.474411723014584,88.78598994661918,56.963275668244805,9.208461538461538,-0.5684615384615377,426,8,Open ended,S&P BSE 200 - TRI,5000.0,1000.0
HSBC Managed Solutions India-Growth(IDCW),FoFs (Domestic) - Equity Oriented,0.99,12.7,8.64,1.56,54.41460794844253,41.472203157172274,47.59036144578313,47.119763259731755,44.827586206896555,6.474411723014584,88.78598994661918,56.963275668244805,9.208461538461538,-0.5684615384615377,426,8,Open ended,S&P BSE 200 - TRI,5000.0,1000.0
Sundaram Corp Bond Fund(Q-IDCW),Debt - Corporate Bond Fund,5.47,3.94,5.43,0.54,64.03866809881848,26.441317776252575,36.21545003543586,38.84785397035739,83.9080459770115,19.507374144582244,66.21223685932809,56.95399769426359,5.055423728813559,0.37457627118644066,428,8,Open ended,NIFTY Corporate Bond Index,5000.0,1000.0
HSBC Value Fund-Reg(IDCW),Equity - Value Fund,6.61,18.19,9.78,1.84,66.48764769065521,50.89224433768017,51.63004961020552,54.380227644537854,34.099616858237546,8.79876111622477,84.76009870303724,56.90504271258762,9.0436,0.7363999999999997,429,10,Open ended,NIFTY 500 - TRI,5000.0,1000.0
SBI Flexicap Fund-Reg(IDCW),Equity - Flexi Cap Fund,0.57,13.19,9.83,1.7,53.51235230934479,42.31297185998628,51.80722891566265,49.29997647769616,39.46360153256705,6.034269981757202,89.5483378050088,56.902973073242045,10.461,-0.6310000000000002,430,12,Open ended,S&P BSE 500 - TRI,1000.0,1000.0
Sundaram Banking & PSU Debt Fund(G),Debt - Banking and PSU Fund,4.62,3.06,4.24,0.38,62.21267454350161,24.931365820178453,31.998582565556344,35.92123593753203,90.03831417624522,19.80207433032214,65.7018011646266,56.89564680398397,4.9189795918367345,-0.6789795918367343,431,5,Open ended,NIFTY Banking and PSU Debt Index,5000.0,1000.0
SBI Flexicap Fund-Reg(G),Equity - Flexi Cap Fund,0.57,13.18,9.82,1.7,53.51235230934479,42.29581331503089,51.771793054571226,49.27711098366384,39.46360153256705,6.036479182913954,89.54451135636117,56.89058371406397,10.461,-0.641,432,13,Open ended,S&P BSE 500 - TRI,1000.0,1000.0
Aditya Birla SL Frontline Equity Fund(G),Equity - Large Cap Fund,3.48,14.55,9.98,1.75,59.76369495166487,44.64653397391902,52.338766832034025,51.51608259852569,37.54789272030652,7.558974356708177,86.90747236107117,56.87188256960727,10.044583333333334,-0.06458333333333321,433,9,Open ended,NIFTY 100 - TRI,1000.0,1000.0
Nippon India Floating Rate Fund(G),Debt - Floater Fund,5.33,3.93,5.82,0.6,63.737916219119214,26.42415923129719,37.597448618001415,39.47355532221371,81.60919540229885,19.150643603938242,66.83011228033502,56.84660458176532,5.277826086956522,0.5421739130434782,434,8,Open ended,NULL,5000.0,1000.0
Sundaram Corp Bond Fund(H-IDCW),Debt - Corporate Bond Fund,5.47,3.94,5.33,0.54,64.03866809881848,26.441317776252575,35.86109142452161,38.670674664900275,83.9080459770115,19.5630123536665,66.11586865435201,56.84131599029102,5.055423728813559,0.274576271186441,435,9,Open ended,NIFTY Corporate Bond Index,5000.0,1000.0
PGIM India Flexi Cap Fund-Reg(G),Equity - Flexi Cap Fund,-3.66,19.84,13.39,1.94,44.42534908700322,53.72340425531915,64.42239546420979,57.213288826101284,30.268199233716466,10.006698644850491,82.66788953108832,56.84066660425184,10.461,2.9290000000000003,436,14,Open ended,NIFTY 500 - TRI,5000.0,1000.0
SBI Long Term Equity Fund-Reg(IDCW),Equity - ELSS,9.0,17.18,9.9,1.73,71.6219119226638,49.159231297186004,52.055279943302615,55.09979174533987,38.31417624521072,12.218921158451,78.8362077398845,56.837491868943744,10.023387096774194,-0.12338709677419324,437,14,Open ended,S&P BSE 500 - TRI,1000.0,1000.0
PGIM India Flexi Cap Fund-Reg(IDCW),Equity - Flexi Cap Fund,-3.66,19.85,13.28,1.94,44.42534908700322,53.740562800274546,64.03260099220411,57.02353915358506,30.268199233716466,9.807680527202978,83.01259902248053,56.83196914084178,10.461,2.818999999999999,438,15,Open ended,NIFTY 500 - TRI,5000.0,1000.0
Sundaram Liquid Fund(G),Debt - Liquid Fund,5.21,3.98,3.18,0.28,63.48012889366272,26.50995195607413,28.242381289865342,34.77020201048745,93.86973180076627,20.862622679416074,63.864877540112616,56.818753340463445,4.42803738317757,-1.2480373831775702,439,101,Open ended,Nifty Liquid Fund Index,1000.0,1000.0
ICICI Pru Constant Maturity Gilt Fund(G),Debt - Gilt Fund with 10 year constant duration,5.73,2.15,4.99,0.39,64.59720730397423,23.369938229238162,34.65627214741318,37.258559003272886,89.65517241379311,21.305432197457023,63.097908956790604,56.81754984428237,3.985555555555555,1.0044444444444451,440,1,Open ended,NULL,5000.0,1000.0
Sundaram Banking & PSU Debt Fund(M-IDCW),Debt - Banking and PSU Fund,4.62,3.06,4.16,0.38,62.21267454350161,24.931365820178453,31.715095676824944,35.77949249316633,90.03831417624522,19.857900558807202,65.60510730049552,56.80060161576835,4.9189795918367345,-0.7589795918367344,441,6,Open ended,NIFTY Banking and PSU Debt Index,5000.0,1000.0
LIC MF Ultra Short Term Fund-Reg(W-IDCW),Debt - Ultra Short Duration Fund,5.36,4.53,3.88,0.4,63.80236305048334,27.45367192862046,30.722891566265055,36.35801997181534,89.272030651341,20.108731838793172,65.17065477943228,56.78968134360099,4.4264935064935065,-0.5464935064935066,442,16,Open ended,CRISIL Ultra Short Term Debt Index,5000.0,1000.0
Sundaram Banking & PSU Debt Fund(DD-IDCW),Debt - Banking and PSU Fund,4.62,3.06,4.15,0.38,62.21267454350161,24.931365820178453,31.67965981573352,35.761774562620616,90.03831417624522,19.86496262409555,65.59287544460975,56.78868468652405,4.9189795918367345,-0.7689795918367341,443,7,Open ended,NIFTY Banking and PSU Debt Index,5000.0,1000.0
Nippon India Floating Rate Fund(DD-IDCW),Debt - Floater Fund,5.37,4.0,5.74,0.6,63.82384532760472,26.544269045984905,37.31396172927002,39.385030643951424,81.60919540229885,19.185615343388438,66.76953945077821,56.78719903524498,5.277826086956522,0.4621739130434781,444,9,Open ended,NULL,5000.0,1000.0
LIC MF Ultra Short Term Fund-Reg(M-IDCW),Debt - Ultra Short Duration Fund,5.36,4.52,3.87,0.4,63.80236305048334,27.43651338366507,30.687455705173633,36.33515447778301,89.272030651341,20.123124080088598,65.14572668627383,56.77201657329521,4.4264935064935065,-0.5564935064935064,445,17,Open ended,CRISIL Ultra Short Term Debt Index,5000.0,1000.0
LIC MF Ultra Short Term Fund-Reg(G),Debt - Ultra Short Duration Fund,5.37,4.52,3.87,0.4,63.82384532760472,27.43651338366507,30.687455705173633,36.33945093320728,89.272030651341,20.135486374333354,65.1243145645438,56.76881177057484,4.4264935064935065,-0.5564935064935064,446,18,Open ended,CRISIL Ultra Short Term Debt Index,5000.0,1000.0
HSBC Ultra Short Duration Fund-Reg(G),Debt - Ultra Short Duration Fund,5.9,4.88,4.47,0.48,64.96240601503759,28.05422100205903,32.813607370659106,37.815551188954785,86.20689655172413,20.07656649693311,65.22636678577675,56.76609142885261,4.4264935064935065,0.04350649350649327,447,19,Open ended,NIFTY Ultra Short Duration Debt Index,5000.0,1000.0
HDFC Large and Mid Cap Fund-Reg(IDCW),Equity - Large & Mid Cap Fund,7.35,18.81,11.63,2.09,68.07733619763694,51.95607412491421,58.18568391211907,58.29513143306119,24.521072796934874,8.129656756344204,85.91902144991624,56.75758927824337,10.412619047619048,1.2173809523809531,448,14,Open ended,NIFTY LargeMidcap 250 - TRI,1000.0,1000.0
Franklin India Smaller Cos Fund(IDCW),Equity - Small cap Fund,8.78,23.08,9.25,1.9,71.14930182599355,59.28277282086479,49.751948972360026,56.89066669763816,31.800766283524908,10.719902230615164,81.4325846844036,56.753671090801205,12.12758620689655,-2.8775862068965505,449,21,Open ended,Nifty Smallcap 250 - TRI,5000.0,1000.0
Nippon India Floating Rate Fund(W-IDCW),Debt - Floater Fund,5.33,3.93,5.72,0.6,63.737916219119214,26.42415923129719,37.24309000708716,39.29637601675658,81.60919540229885,19.197836421861677,66.74837192193928,56.73757983943783,5.277826086956522,0.44217391304347764,450,10,Open ended,NULL,5000.0,1000.0
SBI Magnum Ultra Short Duration Fund-Reg(G),Debt - Ultra Short Duration Fund,5.77,4.75,4.54,0.49,64.68313641245972,27.83115991763899,33.06165839829907,37.81680445693318,85.82375478927203,19.938840478368896,65.46491524745414,56.73056973764813,4.4264935064935065,0.11350649350649356,451,20,Open ended,CRISIL Ultra Short Term Debt Index,5000.0,1000.0
HSBC Ultra Short Duration Fund-Reg(M-IDCW),Debt - Ultra Short Duration Fund,5.9,4.88,4.44,0.48,64.96240601503759,28.05422100205903,32.707299787384834,37.76239739731764,86.20689655172413,20.100817317097114,65.18436313312748,56.72901361987172,4.4264935064935065,0.01350649350649391,452,21,Open ended,NIFTY Ultra Short Duration Debt Index,5000.0,1000.0
HSBC Ultra Short Duration Fund-Reg(DD-IDCW),Debt - Ultra Short Duration Fund,5.86,4.86,4.41,0.48,64.8764769065521,28.01990391214825,32.600992204110554,37.681762657010175,86.20689655172413,20.087725338325853,65.2070391055309,56.69436524281885,4.4264935064935065,-0.016493506493506338,453,22,Open ended,NIFTY Ultra Short Duration Debt Index,5000.0,1000.0
Nippon India Floating Rate Fund(M-IDCW),Debt - Floater Fund,5.34,3.93,5.67,0.6,63.75939849624059,26.42415923129719,37.065910701630045,39.2120828194523,81.60919540229885,19.23412443188722,66.68551924486947,56.67972007151823,5.277826086956522,0.3921739130434778,454,11,Open ended,NULL,5000.0,1000.0
SBI Magnum Ultra Short Duration Fund-Reg(W-IDCW),Debt - Ultra Short Duration Fund,5.78,4.76,4.48,0.49,64.7046186895811,27.848318462594374,32.84904323175053,37.719940892569795,85.82375478927203,19.992381058744066,65.37218024197762,56.65895420409731,4.4264935064935065,0.053506493506493946,455,23,Open ended,CRISIL Ultra Short Term Debt Index,5000.0,1000.0
SBI Magnum Ultra Short Duration Fund-Reg(DD-IDCW),Debt - Ultra Short Duration Fund,5.78,4.75,4.48,0.49,64.7046186895811,27.83115991763899,32.84904323175053,37.71479332908318,85.82375478927203,19.99836994402998,65.3618071883817,56.653787158955026,4.4264935064935065,0.053506493506493946,456,24,Open ended,CRISIL Ultra Short Term Debt Index,5000.0,1000.0
HSBC Ultra Short Duration Fund-Reg(W-IDCW),Debt - Ultra Short Duration Fund,5.9,4.88,4.37,0.48,64.96240601503759,28.05422100205903,32.45924875974487,37.63837188349766,86.20689655172413,20.158015866566686,65.08529233932693,56.642233164511595,4.4264935064935065,-0.056493506493506374,457,25,Open ended,NIFTY Ultra Short Duration Debt Index,5000.0,1000.0
Baroda BNP Paribas Money Market Fund-Reg(W-IDCW),Debt - Money Market Fund,5.53,4.52,3.72,0.39,64.16756176154672,27.43651338366507,30.155917788802267,36.14242526181,89.65517241379311,20.46687160993625,64.5503384996014,56.62259035925363,4.472884615384616,-0.7528846153846156,458,32,Open ended,CRISIL Money Market Index,5000.0,1000.0
Baroda BNP Paribas Money Market Fund-Reg(G),Debt - Money Market Fund,5.51,4.47,3.73,0.39,64.12459720730396,27.35072065888813,30.191353649893692,36.12581246407407,89.65517241379311,20.460743756904517,64.56095225239366,56.61693739858373,4.472884615384616,-0.7428846153846158,459,33,Open ended,CRISIL Money Market Index,5000.0,1000.0
Sundaram Corp Bond Fund(A-IDCW),Debt - Corporate Bond Fund,5.47,3.94,5.12,0.54,64.03866809881848,26.441317776252575,35.1169383416017,38.298598123440314,83.9080459770115,19.68626253516706,65.90239307795096,56.601908825460775,5.055423728813559,0.06457627118644105,460,10,Open ended,NIFTY Corporate Bond Index,5000.0,1000.0
Aditya Birla SL Frontline Equity Fund(IDCW),Equity - Large Cap Fund,3.49,14.55,9.64,1.75,59.785177228786246,44.64653397391902,51.133947554925584,50.917969415395746,37.54789272030652,7.595051343243756,86.84498518740756,56.55720418462639,10.044583333333334,-0.4045833333333331,461,10,Open ended,NIFTY 100 - TRI,1000.0,1000.0
Baroda BNP Paribas Money Market Fund-Reg(M-IDCW),Debt - Money Market Fund,5.5,4.49,3.67,0.39,64.10311493018258,27.385037748798908,29.978738483345147,36.025503552348766,89.65517241379311,20.49153298024946,64.50762375323464,56.55345081793132,4.472884615384616,-0.8028846153846159,462,34,Open ended,CRISIL Money Market Index,5000.0,1000.0
UTI Corporate Bond Fund-Reg(G),Debt - Corporate Bond Fund,4.88,3.61,5.31,0.57,62.77121374865735,25.875085792724782,35.79021970233877,38.21187833871829,82.75862068965517,19.094537518679722,66.92729087061656,56.52741705942708,5.055423728813559,0.25457627118644055,463,11,Open ended,CRISIL Corporate Bond Composite Index,1000.0,1000.0
Kotak Floating Rate Fund-Reg(G),Debt - Floater Fund,5.42,3.56,5.88,0.62,63.931256713211596,25.789293067947845,37.81006378454996,39.42807115530165,80.84291187739463,19.500534348892867,66.22408373297549,56.48078448024336,5.277826086956522,0.6021739130434778,464,12,Open ended,Nifty Short Duration Debt Index,5000.0,1000.0
HDFC Corp Bond Fund(G),Debt - Corporate Bond Fund,5.52,3.47,5.77,0.6,64.14607948442534,25.63486616334935,37.42026931254429,39.229810402162016,81.60919540229885,19.732706387255888,65.82194996643389,56.4726915432642,5.055423728813559,0.7145762711864405,465,12,Open ended,NIFTY Corporate Bond Index,1000.0,1000.0
HDFC Corp Bond Fund(IDCW),Debt - Corporate Bond Fund,5.52,3.47,5.77,0.6,64.14607948442534,25.63486616334935,37.42026931254429,39.229810402162016,81.60919540229885,19.732706387255888,65.82194996643389,56.4726915432642,5.055423728813559,0.7145762711864405,465,12,Open ended,NIFTY Corporate Bond Index,1000.0,1000.0
UTI Corporate Bond Fund-Reg(Q-IDCW),Debt - Corporate Bond Fund,4.88,3.61,5.26,0.57,62.77121374865735,25.875085792724782,35.61304039688164,38.12328868598972,82.75862068965517,19.121185448860423,66.88113530162704,56.471583340815414,5.055423728813559,0.20457627118644073,467,14,Open ended,CRISIL Corporate Bond Composite Index,20000.0,1000.0
Kotak Floating Rate Fund-Reg(IDCW),Debt - Floater Fund,5.42,3.56,5.87,0.62,63.931256713211596,25.789293067947845,37.77462792345854,39.410353224755944,80.84291187739463,19.504815097646528,66.2166692586397,56.47007189638656,5.277826086956522,0.592173913043478,468,13,Open ended,Nifty Short Duration Debt Index,5000.0,1000.0
Sundaram Liquid Fund(W-IDCW),Debt - Liquid Fund,5.21,3.93,2.92,0.28,63.48012889366272,26.42415923129719,27.321048901488304,34.28379799886585,93.86973180076627,21.140121272827486,63.384235877295154,56.45539091894828,4.42803738317757,-1.5080373831775704,469,102,Open ended,Nifty Liquid Fund Index,1000.0,1000.0
Sundaram Liquid Fund(DD-IDCW),Debt - Liquid Fund,5.2,3.92,2.92,0.28,63.458646616541344,26.407000686341803,27.321048901488304,34.27435397995497,93.86973180076627,21.132857193209393,63.39681763226391,56.453814348235035,4.42803738317757,-1.5080373831775704,470,103,Open ended,Nifty Liquid Fund Index,1000.0,1000.0
Edelweiss Balanced Advantage Fund-Reg(G),Hybrid - Dynamic Asset Allocation,2.66,13.23,10.31,1.75,58.002148227712134,42.38160603980783,53.508150248051024,51.06898658151029,37.54789272030652,8.041531177821865,86.07165942936334,56.43938132817261,6.648333333333333,3.661666666666667,471,1,Open ended,NIFTY 50 Hybrid Composite Debt 50:50 Index,5000.0,1000.0
Baroda BNP Paribas Money Market Fund-Reg(DD-IDCW),Debt - Money Market Fund,5.82,4.59,3.59,0.39,64.79054779806658,27.55662319835278,29.695251594613747,36.072722316426024,89.65517241379311,20.907011137106444,63.787994476123274,56.397152880692104,4.472884615384616,-0.8828846153846159,472,35,Open ended,CRISIL Money Market Index,5000.0,1000.0
Sundaram Liquid Fund(M-IDCW),Debt - Liquid Fund,4.81,3.77,2.82,0.28,62.62083780880773,26.149622512010986,26.966690290574057,33.85239946065187,93.86973180076627,20.824806442606036,63.93037718361865,56.37622697642216,4.42803738317757,-1.6080373831775705,473,104,Open ended,Nifty Liquid Fund Index,1000.0,1000.0
Kotak Bluechip Fund(G),Equity - Large Cap Fund,3.76,14.65,11.53,1.92,60.36519871106337,44.81811942347289,57.83132530120481,54.43413821985695,31.034482758620683,8.341419903590051,85.55223691971574,56.36374902951258,10.044583333333334,1.4854166666666657,474,11,Open ended,NIFTY 100 - TRI,1000.0,1000.0
DSP Banking & PSU Debt Fund-Reg(G),Debt - Banking and PSU Fund,4.5,3.32,5.17,0.57,61.95488721804511,25.377487989018533,35.29411764705882,37.651282663843986,82.75862068965517,18.916669510652707,67.23536729756043,56.324138328725894,4.9189795918367345,0.25102040816326543,475,8,Open ended,NIFTY Banking and PSU Debt Index,1000.0,1000.0
HDFC Corp Bond Fund(Q-IDCW),Debt - Corporate Bond Fund,5.51,3.47,5.62,0.6,64.12459720730396,25.63486616334935,36.88873139617292,38.95974498855206,81.60919540229885,19.79015439133163,65.72244710458129,56.31278312099607,5.055423728813559,0.564576271186441,476,15,Open ended,NIFTY Corporate Bond Index,1000.0,1000.0
SBI Healthcare Opp Fund-Reg(IDCW),Equity - Sectoral Fund - Pharma & Health Care,-0.51,18.09,11.49,2.12,51.192266380236305,50.720658888126295,57.689581856839126,54.299441870904715,23.37164750957854,3.894513435012777,93.25450485979827,56.30625902779656,12.22375,-0.7337500000000006,477,1,Open ended,S&P BSE Health Care - TRI,5000.0,1000.0
SBI Healthcare Opp Fund-Reg(G),Equity - Sectoral Fund - Pharma & Health Care,-0.51,18.09,11.49,2.12,51.192266380236305,50.720658888126295,57.689581856839126,54.299441870904715,23.37164750957854,3.894513435012777,93.25450485979827,56.30625902779656,12.22375,-0.7337500000000006,477,1,Open ended,S&P BSE Health Care - TRI,5000.0,1000.0
Nippon India Pharma Fund(G),Equity - Sectoral Fund - Pharma & Health Care,-3.33,18.76,14.08,1.99,45.13426423200859,51.87028140013727,66.86746987951807,58.021672206201934,28.352490421455933,11.125210239903591,80.73057061960144,56.28160136336531,12.22375,1.8562499999999993,479,3,Open ended,S&P BSE Health Care - TRI,5000.0,1000.0
Franklin India Taxshield(G),Equity - ELSS,3.59,15.53,10.25,1.9,60.0,46.32807137954702,53.29553508150248,52.546188954615346,31.800766283524908,6.83638589319669,88.15903229283619,56.26304412139794,10.023387096774194,0.2266129032258064,480,15,Open ended,NIFTY 500 - TRI,1000.0,1000.0
Invesco India - Invesco Pan European Equity FoF-Reg(IDCW),FoFs (Overseas),9.44,10.57,6.2,0.94,72.5671321160043,37.81743308167468,38.94401133947555,45.33066201744104,68.5823754789272,19.745569175135966,65.79967096429863,56.26084261952698,6.912058823529412,-0.7120588235294116,481,5,Open ended,MSCI Europe Index (Total Return Net),1000.0,1000.0
Invesco India - Invesco Pan European Equity FoF-Reg(G),FoFs (Overseas),9.44,10.57,6.2,0.94,72.5671321160043,37.81743308167468,38.94401133947555,45.33066201744104,68.5823754789272,19.745569175135966,65.79967096429863,56.26084261952698,6.912058823529412,-0.7120588235294116,481,5,Open ended,MSCI Europe Index (Total Return Net),1000.0,1000.0
DSP Savings Fund-Reg(G),Debt - Money Market Fund,5.82,4.37,4.48,0.51,64.79054779806658,27.179135209334255,32.84904323175053,37.53637173828886,85.0574712643678,20.2773516016536,64.87859678299782,56.252202880985834,4.472884615384616,0.0071153846153846345,483,36,Open ended,CRISIL Money Market Index,1000.0,1000.0
Canara Rob Equity Hybrid Fund-Reg(G),Hybrid - Aggressive Hybrid Fund,1.77,12.46,11.09,1.77,56.09022556390977,41.06039807824297,56.27214741318214,51.672238242845914,36.7816091954023,8.73046512351213,84.8783908323689,56.25111912836576,9.219019607843137,1.8709803921568628,484,7,Open ended,CRISIL Hybrid 35+65 - Aggressive Index,5000.0,1000.0
HSBC Managed Solutions India-Moderate(G),FoFs (Domestic) - Equity Oriented,1.12,11.17,8.0,1.47,54.69387755102041,38.84694577899794,45.32246633593196,45.25409241186944,48.27586206896552,7.9674437685778035,86.1999825863752,56.2460073697699,9.208461538461538,-1.2084615384615383,485,10,Open ended,CRISIL Hybrid 35+65 - Aggressive Index,5000.0,1000.0
HSBC Managed Solutions India-Moderate(IDCW),FoFs (Domestic) - Equity Oriented,1.12,11.17,8.0,1.47,54.69387755102041,38.84694577899794,45.32246633593196,45.25409241186944,48.27586206896552,7.9674437685778035,86.1999825863752,56.2460073697699,9.208461538461538,-1.2084615384615383,485,10,Open ended,CRISIL Hybrid 35+65 - Aggressive Index,5000.0,1000.0
Tata Treasury Advantage Fund-Reg(DD-IDCW),Debt - Low Duration Fund,5.28,4.42,4.93,0.59,63.63050483351235,27.264927934111192,34.44365698086463,38.12740783736814,81.99233716475096,19.2607607219383,66.63938383717586,56.22163416916577,5.122105263157894,-0.19210526315789433,487,14,Open ended,CRISIL Low Duration Debt Index,5000.0,1000.0
Aditya Birla SL Asset Allocator FoF(IDCW),FoFs (Domestic) - Debt Oriented,2.12,12.36,9.23,1.64,56.84210526315789,40.888812628689095,49.68107725017718,48.4756034663269,41.76245210727969,7.9905338292461385,86.1599894281478,56.21841211702032,7.596764705882354,1.6332352941176467,488,20,Open ended,CRISIL Hybrid 50+50 - Moderate Index,1000.0,1000.0
Aditya Birla SL Asset Allocator FoF(G),FoFs (Domestic) - Debt Oriented,2.12,12.36,9.23,1.64,56.84210526315789,40.888812628689095,49.68107725017718,48.4756034663269,41.76245210727969,7.9905338292461385,86.1599894281478,56.21841211702032,7.596764705882354,1.6332352941176467,488,20,Open ended,CRISIL Hybrid 50+50 - Moderate Index,1000.0,1000.0
Aditya Birla SL Asset Allocator FoF(IDCW-Payout),FoFs (Domestic) - Debt Oriented,2.12,12.36,9.23,1.64,56.84210526315789,40.888812628689095,49.68107725017718,48.4756034663269,41.76245210727969,7.9905338292461385,86.1599894281478,56.21841211702032,7.596764705882354,1.6332352941176467,488,20,Open ended,CRISIL Hybrid 50+50 - Moderate Index,1000.0,1000.0
IDFC Asset Alloc FoF-Mod-Reg(G),FoFs (Domestic) - Debt Oriented,0.54,6.99,6.19,1.04,53.44790547798066,31.674673987645853,38.90857547838412,39.64627103108195,64.75095785440612,11.088996476587205,80.7932946975987,56.20919865354218,7.596764705882354,-1.4067647058823534,491,23,Open ended,NIFTY 50 Hybrid Composite Debt 50:50 Index,1000.0,1000.0
Tata Treasury Advantage Fund-Reg(G),Debt - Low Duration Fund,5.31,4.37,4.95,0.59,63.69495166487648,27.179135209334255,34.51452870304748,38.149995247299316,81.99233716475096,19.3162709192436,66.5432373551049,56.20889125361363,5.122105263157894,-0.17210526315789387,492,15,Open ended,CRISIL Low Duration Debt Index,5000.0,1000.0
SBI Equity Savings Fund-Reg(G),Hybrid - Equity Savings,1.87,8.4,7.05,1.18,56.30504833512352,34.094028826355526,41.956059532246634,42.46724808105468,59.38697318007663,11.262285100460545,80.49314999667638,56.20365483471559,6.148095238095239,0.9019047619047607,493,4,Open ended,NIFTY 50 Equity Savings Index,1000.0,1000.0
IDFC Asset Alloc FoF-Cons-Reg(G),FoFs (Domestic) - Debt Oriented,1.84,5.37,5.8,0.86,56.24060150375939,28.89498970487303,37.526576895818565,38.67990566012307,71.64750957854406,13.979160079185151,75.78738449571274,56.19867634862574,7.596764705882354,-1.796764705882354,494,24,Open ended,CRISIL Hybrid 85+15 - Conservative Index,1000.0,1000.0
Franklin India Banking & PSU Debt Fund(G),Debt - Banking and PSU Fund,4.62,3.45,4.69,0.53,62.21267454350161,25.60054907343858,33.59319631467045,36.91929778806713,84.2911877394636,19.25012846471832,66.65779944688,56.19689569061946,4.9189795918367345,-0.2289795918367341,495,9,Open ended,NIFTY Banking and PSU Debt Index,5000.0,1000.0
ICICI Pru Constant Maturity Gilt Fund(Q-IDCW Payout),Debt - Gilt Fund with 10 year constant duration,5.73,2.15,4.44,0.39,64.59720730397423,23.369938229238162,32.707299787384834,36.28407282325871,89.65517241379311,21.617277957091286,62.557776256979146,56.19527357932242,3.985555555555555,0.4544444444444453,496,2,Open ended,NULL,5000.0,1000.0
SBI Equity Savings Fund-Reg(M-IDCW Payout),Hybrid - Equity Savings,1.87,8.4,7.03,1.18,56.30504833512352,34.094028826355526,41.88518781006378,42.431812219963255,59.38697318007663,11.26916089371392,80.48124077341919,56.18295959835558,6.148095238095239,0.8819047619047611,497,5,Open ended,NIFTY 50 Equity Savings Index,1000.0,1000.0
Kotak Bluechip Fund(IDCW),Equity - Large Cap Fund,3.75,14.65,11.22,1.92,60.343716433942,44.81811942347289,56.73281360737066,53.880585917515596,31.034482758620683,8.124476590835819,85.92799375976838,56.180912088355065,10.044583333333334,1.175416666666667,498,12,Open ended,NIFTY 100 - TRI,1000.0,1000.0
Edelweiss Balanced Advantage Fund-Reg(Q-IDCW),Hybrid - Dynamic Asset Allocation,2.63,13.15,10.01,1.75,57.937701396348004,42.244337680164726,52.44507441530829,50.48337879097316,37.54789272030652,7.963517290546209,86.20678344582072,56.18035843701839,6.648333333333333,3.3616666666666664,499,2,Open ended,NIFTY 50 Hybrid Composite Debt 50:50 Index,5000.0,1000.0
Nippon India Large Cap Fund(G),Equity - Large Cap Fund,10.67,15.97,11.02,1.81,75.2094522019334,47.083047357584086,56.024096385542165,57.17885284043299,35.249042145593855,14.37077407443155,75.10908915899094,56.178959246362695,10.044583333333334,0.9754166666666659,500,13,Open ended,S&P BSE 100 - TRI,1000.0,1000.0
SBI Equity Savings Fund-Reg(Q-IDCW Payout),Hybrid - Equity Savings,1.87,8.4,7.01,1.18,56.30504833512352,34.094028826355526,41.81431608788093,42.396376358871834,59.38697318007663,11.276180973484331,80.46908163858365,56.16220188410099,6.148095238095239,0.8619047619047606,501,6,Open ended,NIFTY 50 Equity Savings Index,1000.0,1000.0
IDFC Banking & PSU Debt Fund-Reg(G),Debt - Banking and PSU Fund,5.15,3.75,5.4,0.62,63.35123523093448,26.11530542210021,36.109142452161585,38.559409898897755,80.84291187739463,19.272272250909808,66.6194452841244,56.14529423982864,4.9189795918367345,0.48102040816326586,502,10,Open ended,NIFTY Banking and PSU Debt Index,1000.0,1000.0
UTI Corporate Bond Fund-Reg(A-IDCW),Debt - Corporate Bond Fund,4.88,3.61,4.97,0.57,62.77121374865735,25.875085792724782,34.585400425230326,37.60946870016407,82.75862068965517,19.285719724884807,66.59615357596624,56.14342791648739,5.055423728813559,-0.08542372881355931,503,16,Open ended,CRISIL Corporate Bond Composite Index,20000.0,1000.0
UTI Corporate Bond Fund-Reg(F-IDCW),Debt - Corporate Bond Fund,4.88,3.61,4.97,0.57,62.77121374865735,25.875085792724782,34.585400425230326,37.60946870016407,82.75862068965517,19.285719724884807,66.59615357596624,56.14342791648739,5.055423728813559,-0.08542372881355931,503,16,Open ended,CRISIL Corporate Bond Composite Index,20000.0,1000.0
Nippon India Corp Bond Fund(DD-IDCW),Debt - Corporate Bond Fund,5.9,4.5,5.74,0.68,64.96240601503759,27.402196293754294,37.31396172927002,39.87012095576881,78.544061302682,19.46556326686807,66.28465542383807,56.14223965951442,5.055423728813559,0.6845762711864412,505,18,Open ended,NIFTY Corporate Bond Index,5000.0,1000.0
HDFC Hybrid Equity Fund(G),Hybrid - Aggressive Hybrid Fund,8.16,15.78,10.48,1.82,69.81740064446831,46.75703500343171,54.110559886605245,55.0458705732258,34.86590038314177,11.779640899298967,79.59706346749785,56.138676249272805,9.219019607843137,1.2609803921568634,506,8,Open ended,NIFTY 50 Hybrid Composite Debt 65:35 Index,1000.0,1000.0
HDFC Hybrid Equity Fund(IDCW),Hybrid - Aggressive Hybrid Fund,8.16,15.78,10.48,1.82,69.81740064446831,46.75703500343171,54.110559886605245,55.0458705732258,34.86590038314177,11.779640899298967,79.59706346749785,56.138676249272805,9.219019607843137,1.2609803921568634,506,8,Open ended,NIFTY 50 Hybrid Composite Debt 65:35 Index,1000.0,1000.0
UTI Corporate Bond Fund-Reg(H-IDCW),Debt - Corporate Bond Fund,4.88,3.61,4.96,0.57,62.77121374865735,25.875085792724782,34.549964564138904,37.59175076961836,82.75862068965517,19.291693745296893,66.58580626908706,56.13198212449474,5.055423728813559,-0.0954237288135591,508,19,Open ended,CRISIL Corporate Bond Composite Index,20000.0,1000.0
HDFC Top 100 Fund(G),Equity - Large Cap Fund,9.56,15.92,10.52,1.79,72.82491944146079,46.99725463280714,54.25230333097093,55.79031194361977,36.01532567049808,13.320698619495163,76.92787319872177,56.13095568911484,10.044583333333334,0.47541666666666593,509,14,Open ended,NIFTY 100 - TRI,1000.0,1000.0
Nippon India Pharma Fund(IDCW),Equity - Sectoral Fund - Pharma & Health Care,-3.33,18.37,13.63,1.99,45.13426423200859,51.20109814687714,65.27285613040397,57.02361035566685,28.352490421455933,10.331051335235813,82.10609419176929,56.126451331139734,12.22375,1.40625,510,4,Open ended,S&P BSE Health Care - TRI,5000.0,1000.0
Nippon India Corp Bond Fund(G),Debt - Corporate Bond Fund,5.79,4.37,5.76,0.68,64.72610096670248,27.179135209334255,37.38483345145287,39.79137748186721,78.544061302682,19.414238003480023,66.37355338773804,56.12509241353862,5.055423728813559,0.7045762711864407,511,20,Open ended,NIFTY Corporate Bond Index,1000.0,1000.0
Tata Large & Mid Cap Fund(IDCW),Equity - Large & Mid Cap Fund,10.13,16.75,12.26,2.01,74.04940923737917,48.42141386410433,60.41814316087881,59.54537758714654,27.586206896551737,12.822682217598059,77.7904629098102,56.11685624516375,10.412619047619048,1.8473809523809521,512,15,Open ended,NIFTY LargeMidcap 250 - TRI,5000.0,1000.0
Invesco India - Invesco Global Equity Income FoF-Reg(G),FoFs (Overseas),8.93,10.98,9.32,1.38,71.47153598281417,38.52093342484558,50.0,50.85058722401651,51.72413793103448,16.725918190198698,71.02985989133538,56.11379306760072,6.912058823529412,2.4079411764705885,513,7,Open ended,MSCI World Index-Net Dividend,1000.0,1000.0
Tata Treasury Advantage Fund-Reg(W-IDCW),Debt - Low Duration Fund,5.28,4.34,4.87,0.59,63.63050483351235,27.127659574468087,34.231041814316086,37.979919746200935,81.99233716475096,19.353053923813533,66.47952732233475,56.1079259948719,5.122105263157894,-0.25210526315789394,514,16,Open ended,CRISIL Low Duration Debt Index,5000.0,1000.0
Invesco India - Invesco Global Equity Income FoF-Reg(IDCW),FoFs (Overseas),8.93,10.98,9.31,1.38,71.47153598281417,38.52093342484558,49.96456413890857,50.83286929347079,51.72413793103448,16.72945870188075,71.02372754521727,56.10340101579833,6.912058823529412,2.3979411764705887,515,8,Open ended,MSCI World Index-Net Dividend,1000.0,1000.0
Baroda BNP Paribas Mid Cap Fund-Reg(G),Equity - Mid Cap Fund,3.43,18.77,10.86,2.19,59.656283566058,51.88743994509266,55.45712260807938,55.22605000077908,20.68965517241379,3.8886698298272844,93.26462628087893,56.10159536371272,11.362272727272726,-0.502272727272727,516,25,Open ended,Nifty Midcap 150 - TRI,5000.0,1000.0
ICICI Pru Multicap Fund(G),Equity - Multi Cap Fund,5.77,15.73,10.75,1.92,64.68313641245972,46.67124227865477,55.0673281360737,54.471664034125226,31.034482758620683,9.01282749585982,84.38932485731702,56.09178392104704,12.057857142857143,-1.3078571428571433,517,5,Open ended,Nifty500 Multicap 50:25:25 - TRI,5000.0,1000.0
Nippon India Corp Bond Fund(W-IDCW),Debt - Corporate Bond Fund,5.79,4.37,5.69,0.68,64.72610096670248,27.179135209334255,37.136782423812896,39.66735196804722,78.544061302682,19.451220498527537,66.30949782732509,56.047065766525385,5.055423728813559,0.6345762711864413,518,21,Open ended,NIFTY Corporate Bond Index,5000.0,1000.0
Axis Banking & PSU Debt Fund-Reg(G),Debt - Banking and PSU Fund,4.55,3.91,5.14,0.63,62.062298603651975,26.389842141386417,35.187810063784546,37.923317395038595,80.45977011494253,18.583893222784994,67.81175273570146,56.02953941018029,4.9189795918367345,0.22102040816326518,519,11,Open ended,NIFTY Banking and PSU Debt Index,5000.0,1000.0
IDFC Low Duration Fund-Reg(G),Debt - Low Duration Fund,5.39,4.3,4.68,0.57,63.86680988184747,27.05902539464654,33.55776045357902,37.66994982155297,82.75862068965517,19.6455467110982,65.97291495391026,56.01785882166784,5.122105263157894,-0.44210526315789433,520,17,Open ended,NIFTY Low Duration Debt Index,1000.0,1000.0
Axis Banking & PSU Debt Fund-Reg(W-IDCW),Debt - Banking and PSU Fund,4.55,3.91,5.12,0.63,62.062298603651975,26.389842141386417,35.1169383416017,37.88788153394717,80.45977011494253,18.59542415843085,67.79178056930404,56.00682843803523,4.9189795918367345,0.2010204081632656,521,12,Open ended,NIFTY Banking and PSU Debt Index,5000.0,1000.0
Tata Large & Mid Cap Fund(G),Equity - Large & Mid Cap Fund,10.2,16.59,12.26,2.01,74.19978517722879,48.14687714481812,60.41814316087881,59.493091759330596,27.586206896551737,13.033748778005746,77.42488490340529,55.999318829654555,10.412619047619048,1.8473809523809521,522,16,Open ended,NIFTY LargeMidcap 250 - TRI,5000.0,1000.0
Tata Digital India Fund-Reg(G),Equity - Sectoral Fund - Technology,-9.4,27.63,22.39,1.94,32.09452201933405,67.08991077556622,96.31467044649185,74.7032128597826,30.268199233716466,32.1532561234197,44.308926765461955,55.99588792968591,20.878999999999998,1.5110000000000028,523,3,Open ended,NIFTY IT - TRI,5000.0,1000.0
Tata Digital India Fund-Reg(IDCW),Equity - Sectoral Fund - Technology,-9.4,27.63,22.39,1.94,32.09452201933405,67.08991077556622,96.31467044649185,74.7032128597826,30.268199233716466,32.1532561234197,44.308926765461955,55.99588792968591,20.878999999999998,1.5110000000000028,523,3,Open ended,NIFTY IT - TRI,5000.0,1000.0
Nippon India Corp Bond Fund(M-IDCW),Debt - Corporate Bond Fund,5.79,4.37,5.64,0.68,64.72610096670248,27.179135209334255,36.95960311835577,39.578762315318656,78.544061302682,19.47823825395332,66.26270170222115,55.99107190888512,5.055423728813559,0.5845762711864406,525,22,Open ended,NIFTY Corporate Bond Index,5000.0,1000.0
Axis Banking & PSU Debt Fund-Reg(DD-IDCW),Debt - Banking and PSU Fund,4.55,3.9,5.1,0.63,62.062298603651975,26.372683596431024,35.046066619418845,37.84729810936912,80.45977011494253,18.613852292728147,67.7598621044124,55.978557109523294,4.9189795918367345,0.18102040816326515,526,13,Open ended,NIFTY Banking and PSU Debt Index,5000.0,1000.0
ICICI Pru Equity Savings Fund(G),Hybrid - Equity Savings,6.13,6.87,7.12,0.99,65.4564983888292,31.468771448181197,42.2041105598866,43.6339863921635,66.66666666666666,17.373766758070055,69.90775325617145,55.96059817679127,6.148095238095239,0.9719047619047609,527,7,Open ended,NIFTY 50 Equity Savings Index,5000.0,1000.0
Kotak Tax Saver Fund(G),Equity - ELSS,5.86,15.63,12.8,2.08,64.8764769065521,46.4996568291009,62.331679659815734,58.091032259948555,24.90421455938696,9.956877489942034,82.75418230268153,55.9601153454914,10.023387096774194,2.776612903225807,528,16,Open ended,NIFTY 500 - TRI,1000.0,1000.0
IDFC Low Duration Fund-Reg(DD-IDCW),Debt - Low Duration Fund,5.39,4.32,4.62,0.57,63.86680988184747,27.093342484557315,33.345145287030476,37.57393736525193,82.75862068965517,19.67631805131522,65.91961742923739,55.95652821234911,5.122105263157894,-0.5021052631578939,529,18,Open ended,NIFTY Low Duration Debt Index,1000.0,1000.0
Mirae Asset Hybrid Equity Fund-Reg(G),Hybrid - Aggressive Hybrid Fund,2.47,12.66,10.4,1.77,57.59398496240601,41.40356897735072,53.82707299787385,50.853404184623344,36.7816091954023,8.472137153296718,85.32582800179813,55.95356139161178,9.219019607843137,1.1809803921568633,530,10,Open ended,CRISIL Hybrid 35+65 - Aggressive Index,5000.0,1000.0
Axis Treasury Advantage Fund-Reg(G),Debt - Low Duration Fund,5.69,4.65,5.03,0.63,64.51127819548871,27.65957446808511,34.79801559177888,38.59913577541272,80.45977011494253,19.544323062574957,66.14823945608,55.95157028046199,5.122105263157894,-0.0921052631578938,531,19,Open ended,NIFTY Low Duration Debt Index,5000.0,1000.0
DSP Equity Opportunities Fund-Reg(G),Equity - Large & Mid Cap Fund,4.56,14.6,10.4,1.86,62.083780880773354,44.73232669869596,53.82707299787385,52.74999068470038,33.33333333333333,8.679099392051729,84.96735888902626,55.95016839794008,10.412619047619048,-0.012619047619047308,532,17,Open ended,NIFTY LargeMidcap 250 - TRI,1000.0,1000.0
SBI Magnum Global Fund-Reg(G),Equity - Thematic Fund - MNC,2.69,15.32,10.01,1.92,58.066595059076256,45.96774193548387,52.44507441530829,51.62617880011456,31.034482758620683,6.054469111171225,89.51335188659506,55.950048061361215,6.773333333333333,3.2366666666666664,533,1,Open ended,NIFTY MNC - TRI,5000.0,1000.0
SBI Magnum Global Fund-Reg(IDCW),Equity - Thematic Fund - MNC,2.69,15.32,10.01,1.92,58.066595059076256,45.96774193548387,52.44507441530829,51.62617880011456,31.034482758620683,6.054469111171225,89.51335188659506,55.950048061361215,6.773333333333333,3.2366666666666664,533,1,Open ended,NIFTY MNC - TRI,5000.0,1000.0
IDFC Low Duration Fund-Reg(W-IDCW),Debt - Low Duration Fund,5.39,4.3,4.61,0.57,63.86680988184747,27.05902539464654,33.30970942593905,37.54592430773298,82.75862068965517,19.696109759661358,65.8853371848133,55.933951622483605,5.122105263157894,-0.5121052631578937,535,20,Open ended,NIFTY Low Duration Debt Index,1000.0,1000.0
Axis Banking & PSU Debt Fund-Reg(M-IDCW),Debt - Banking and PSU Fund,4.55,3.91,5.05,0.63,62.062298603651975,26.389842141386417,34.86888731396173,37.763856020127186,80.45977011494253,18.636433737266085,67.7207498951644,55.92705801259033,4.9189795918367345,0.13102040816326532,536,14,Open ended,NIFTY Banking and PSU Debt Index,5000.0,1000.0
IDFC Corp Bond Fund-Reg(G),Debt - Corporate Bond Fund,4.64,2.68,5.51,0.61,62.25563909774435,24.279341111873716,36.49893692416726,37.98439861519462,81.22605363984674,19.3861008516661,66.42228836426003,55.904284808624006,5.055423728813559,0.45457627118644073,537,23,Open ended,NIFTY Corporate Bond Index,1000.0,1000.0
Axis Treasury Advantage Fund-Reg(DD-IDCW),Debt - Low Duration Fund,5.69,4.65,4.99,0.63,64.51127819548871,27.65957446808511,34.65627214741318,38.52826405322987,80.45977011494253,19.5717621083662,66.10071363465838,55.904252964015164,5.122105263157894,-0.13210526315789384,538,21,Open ended,NIFTY Low Duration Debt Index,5000.0,1000.0
Canara Rob Equity Hybrid Fund-Reg(M-IDCW),Hybrid - Aggressive Hybrid Fund,1.76,12.33,10.53,1.77,56.06874328678839,40.83733699382292,54.287739192062354,50.60881935153573,36.7816091954023,8.327474932827508,85.57639031758653,55.89390955401507,9.219019607843137,1.3109803921568624,539,11,Open ended,CRISIL Hybrid 35+65 - Aggressive Index,5000.0,1000.0
IDFC Low Duration Fund-Reg(M-IDCW),Debt - Low Duration Fund,5.39,4.3,4.57,0.57,63.86680988184747,27.05902539464654,33.16796598157335,37.47505258555013,82.75862068965517,19.725411574769186,65.83458495229254,55.885827703261995,5.122105263157894,-0.5521052631578938,540,22,Open ended,NIFTY Low Duration Debt Index,1000.0,1000.0
Axis Treasury Advantage Fund-Reg(W-IDCW),Debt - Low Duration Fund,5.69,4.65,4.97,0.63,64.51127819548871,27.65957446808511,34.585400425230326,38.49282819213844,80.45977011494253,19.585595442916052,66.07675359637993,55.88054502389984,5.122105263157894,-0.1521052631578943,541,23,Open ended,NIFTY Low Duration Debt Index,5000.0,1000.0
Axis Treasury Advantage Fund-Reg(M-IDCW),Debt - Low Duration Fund,5.69,4.65,4.97,0.63,64.51127819548871,27.65957446808511,34.585400425230326,38.49282819213844,80.45977011494253,19.585595442916052,66.07675359637993,55.88054502389984,5.122105263157894,-0.1521052631578943,541,23,Open ended,NIFTY Low Duration Debt Index,5000.0,1000.0
ICICI Pru Infrastructure Fund(G),Equity - Sectoral Fund - Infrastructure,22.14,26.31,12.64,2.22,99.84962406015036,64.82498284145505,61.76470588235294,70.29977260564306,19.540229885057457,21.160307890695833,63.34927162951419,55.87226168146444,9.401428571428571,3.2385714285714293,543,3,Open ended,S&P BSE India Infrastructure Index - TRI,5000.0,1000.0
Franklin India Taxshield(IDCW),Equity - ELSS,3.59,15.53,9.83,1.9,60.0,46.32807137954702,51.80722891566265,51.80203587169543,31.800766283524908,6.880701242711242,88.08227585592181,55.871778470709394,10.023387096774194,-0.19338709677419352,544,17,Open ended,NIFTY 500 - TRI,1000.0,1000.0
Nippon India Corp Bond Fund(Q-IDCW),Debt - Corporate Bond Fund,5.79,4.37,5.53,0.68,64.72610096670248,27.179135209334255,36.569808646350104,39.383865079315825,78.544061302682,19.539430998260887,66.15671276002587,55.86712605533488,5.055423728813559,0.4745762711864412,545,24,Open ended,NIFTY Corporate Bond Index,5000.0,1000.0
IDFC Ultra Short Term Fund-Reg(P-IDCW),Debt - Ultra Short Duration Fund,5.73,4.77,3.36,0.43,64.59720730397423,27.865477007549767,28.88022678951098,35.71919795781527,88.12260536398468,20.92029487029204,63.76498637533163,55.83149691373671,4.4264935064935065,-1.0664935064935066,546,26,Open ended,NIFTY Ultra Short Duration Debt Index,1000.0,1000.0
Mirae Asset Hybrid Equity Fund-Reg(IDCW),Hybrid - Aggressive Hybrid Fund,2.49,12.66,10.1,1.77,57.63694951664876,41.40356897735072,52.763997165131116,50.33045917910053,36.7816091954023,8.329942346374482,85.57211663195989,55.75366104639081,9.219019607843137,0.8809803921568626,547,12,Open ended,CRISIL Hybrid 35+65 - Aggressive Index,5000.0,1000.0
Invesco India Money Market Fund(G),Debt - Money Market Fund,5.66,4.26,4.39,0.55,64.44683136412459,26.99039121482499,32.5301204819277,37.25154387823626,83.52490421455938,20.216948098681144,64.98321871910125,55.752802672533285,4.472884615384616,-0.08288461538461611,548,37,Open ended,Nifty Money Market Index,1000.0,1000.0
Aditya Birla SL Flexi Cap Fund(G),Equity - Flexi Cap Fund,0.5,12.59,9.52,1.76,53.36197636949517,41.283459162663014,50.70871722182848,48.41179163361218,37.16475095785441,6.3477798153144445,89.0053228446152,55.74841426742349,10.461,-0.9410000000000007,549,16,Open ended,NIFTY 500 - TRI,1000.0,1000.0
Kotak Equity Hybrid Fund(G),Hybrid - Aggressive Hybrid Fund,5.17,15.21,11.25,1.98,63.39419978517723,45.77899794097461,56.83912119064494,54.8320999346503,28.735632183908045,8.903096069068638,84.57938526370637,55.74480432922876,9.219019607843137,2.030980392156863,550,13,Open ended,NIFTY 50 Hybrid Composite Debt 65:35 Index,5000.0,1000.0
ICICI Pru Multicap Fund(IDCW),Equity - Multi Cap Fund,5.78,15.73,10.39,1.92,64.7046186895811,46.67124227865477,53.79163713678242,53.83811498990386,31.034482758620683,9.082913024699444,84.26793316049145,55.744661474729966,12.057857142857143,-1.6678571428571427,551,6,Open ended,Nifty500 Multicap 50:25:25 - TRI,5000.0,1000.0
Baroda BNP Paribas Mid Cap Fund-Reg(IDCW),Equity - Mid Cap Fund,3.42,18.44,10.68,2.19,59.63480128893662,51.32120796156487,54.81927710843373,54.73296120047365,20.68965517241379,4.174158496076463,92.77014540595027,55.73143074482784,11.362272727272726,-0.6822727272727267,552,26,Open ended,Nifty Midcap 150 - TRI,5000.0,1000.0
HDFC Children's Gift Fund(Lock in),Solution Oriented - Children's Fund,9.76,16.35,11.6,1.97,73.25456498388829,47.735072065888815,58.07937632884479,58.011122780966694,29.118773946360154,12.835728132784906,77.76786672187535,55.72722155754222,8.626999999999999,2.9730000000000008,553,2,Open ended,NIFTY 50 Hybrid Composite Debt 65:35 Index,1000.0,1000.0
IDFC Asset Alloc FoF-Mod-Reg(IDCW),FoFs (Domestic) - Debt Oriented,0.54,6.78,5.85,1.04,53.44790547798066,31.314344543582706,37.70375620127568,38.935762559308785,64.75095785440612,11.391497834023264,80.2693469771609,55.72295748754615,7.596764705882354,-1.746764705882354,554,25,Open ended,NIFTY 50 Hybrid Composite Debt 50:50 Index,1000.0,1000.0
Edelweiss Banking and PSU Debt Fund-Reg(G),Debt - Banking and PSU Fund,5.25,2.84,5.67,0.64,63.56605800214823,24.55387783115992,37.065910701630045,38.612330300592646,80.07662835249042,19.91966773147643,65.49812341919255,55.699853093217065,4.9189795918367345,0.7510204081632654,555,15,Open ended,NIFTY Banking and PSU Debt Index,5000.0,1000.0
Edelweiss Banking and PSU Debt Fund-Reg(IDCW),Debt - Banking and PSU Fund,5.25,2.84,5.67,0.64,63.56605800214823,24.55387783115992,37.065910701630045,38.612330300592646,80.07662835249042,19.91966773147643,65.49812341919255,55.699853093217065,4.9189795918367345,0.7510204081632654,555,15,Open ended,NIFTY Banking and PSU Debt Index,5000.0,1000.0
Nippon India Large Cap Fund(IDCW),Equity - Large Cap Fund,10.67,15.97,10.58,1.81,75.2094522019334,47.083047357584086,54.46491849751949,56.39926389642165,35.249042145593855,14.58265150563283,74.74210668317315,55.69741915540258,10.044583333333334,0.5354166666666664,557,15,Open ended,S&P BSE 100 - TRI,1000.0,1000.0
Invesco India Money Market Fund(DD-IDCW),Debt - Money Market Fund,5.69,4.28,4.34,0.55,64.51127819548871,27.02470830473576,32.35294117647059,37.18613871875377,83.52490421455938,20.280498134655097,64.87314682797154,55.69258212000962,4.472884615384616,-0.13288461538461593,558,38,Open ended,Nifty Money Market Index,1000.0,1000.0
Franklin India Banking & PSU Debt Fund(IDCW),Debt - Banking and PSU Fund,4.62,3.45,4.25,0.53,62.21267454350161,25.60054907343858,32.03401842664776,36.139708844055775,84.2911877394636,19.547329503769564,66.14303214718099,55.67840939368904,4.9189795918367345,-0.6689795918367345,559,17,Open ended,NIFTY Banking and PSU Debt Index,5000.0,1000.0
ICICI Pru Equity Savings Fund(Q-IDCW Payout),Hybrid - Equity Savings,6.13,6.88,6.84,0.99,65.4564983888292,31.485929993136587,41.21190644932672,43.143031900370175,66.66666666666666,17.49473431953066,69.69823129365398,55.662740440265246,6.148095238095239,0.6919047619047607,560,8,Open ended,NIFTY 50 Equity Savings Index,5000.0,1000.0
Invesco India Money Market Fund(M-IDCW),Debt - Money Market Fund,5.66,4.26,4.31,0.55,64.44683136412459,26.99039121482499,32.246633593196314,37.109800433870575,83.52490421455938,20.279158961378485,64.87546634412675,55.65499285660682,4.472884615384616,-0.16288461538461618,561,39,Open ended,Nifty Money Market Index,1000.0,1000.0
Kotak Tax Saver Fund(IDCW),Equity - ELSS,5.86,15.53,12.38,2.08,64.8764769065521,46.32807137954702,60.8433734939759,57.295403542162475,24.90421455938696,9.75536831872508,83.10320642542038,55.64955701728307,10.023387096774194,2.356612903225807,562,18,Open ended,NIFTY 500 - TRI,1000.0,1000.0
ICICI Pru Income Optimizer Fund(FOF)(IDCW),FoFs (Domestic) - Debt Oriented,6.89,8.67,8.31,1.24,67.08915145005369,34.557309540150996,46.420978029766125,46.9955121669391,57.08812260536398,16.463296351852254,71.48473425852856,55.640970299442685,7.596764705882354,0.7132352941176467,563,26,Open ended,NIFTY 50,5000.0,1000.0
ICICI Pru Income Optimizer Fund(FOF)(G),FoFs (Domestic) - Debt Oriented,6.89,8.67,8.31,1.24,67.08915145005369,34.557309540150996,46.420978029766125,46.9955121669391,57.08812260536398,16.463296351852254,71.48473425852856,55.640970299442685,7.596764705882354,0.7132352941176467,563,26,Open ended,NIFTY 50,5000.0,1000.0
IDFC Asset Alloc FoF-Cons-Reg(IDCW),FoFs (Domestic) - Debt Oriented,1.84,5.17,5.38,0.86,56.24060150375939,28.551818805765272,36.03827072997874,37.83280130747083,71.64750957854406,14.322766366892623,75.19224094760328,55.626338285272254,7.596764705882354,-2.216764705882354,565,28,Open ended,CRISIL Hybrid 85+15 - Conservative Index,1000.0,1000.0
DSP Banking & PSU Debt Fund-Reg(IDCW),Debt - Banking and PSU Fund,4.5,3.32,4.55,0.57,61.95488721804511,25.377487989018533,33.0970942593905,36.55277097000983,82.75862068965517,19.279828274536644,66.60635786729952,55.61763012424359,4.9189795918367345,-0.3689795918367347,566,18,Open ended,NIFTY Banking and PSU Debt Index,1000.0,1000.0
DSP Low Duration Fund-Reg(G),Debt - Low Duration Fund,5.42,4.47,4.66,0.62,63.931256713211596,27.35072065888813,33.48688873139617,37.73491190600684,80.84291187739463,19.590166404125288,66.0688364593261,55.59539303718361,5.122105263157894,-0.4621052631578939,567,25,Open ended,NIFTY Low Duration Debt Index,1000.0,1000.0
UTI Dividend Yield Fund-Reg(G),Equity - Dividend Yield Fund,1.4,16.29,10.39,2.08,55.295381310418904,47.63212079615649,53.79163713678242,52.24453106932194,24.90421455938696,4.060510021324022,92.96699033842421,55.59006675911376,10.248999999999999,0.1410000000000018,568,3,Open ended,NIFTY 500 - TRI,5000.0,1000.0
Kotak Corporate Bond Fund(G),Debt - Corporate Bond Fund,5.05,3.69,5.32,0.67,63.136412459720724,26.012354152367884,35.82565556343019,38.343816519369604,78.9272030651341,19.237004410078907,66.68053097631677,55.57384177004752,5.055423728813559,0.2645762711864412,569,25,Open ended,CRISIL Corporate Bond Index,5000.0,1000.0
ICICI Pru Midcap Fund(G),Equity - Mid Cap Fund,4.36,19.33,9.64,2.09,61.65413533834586,52.84831846259437,51.133947554925584,53.75229638391028,24.521072796934874,5.644404743589827,90.22360420561964,55.562317442593766,11.362272727272726,-1.7222727272727258,570,27,Open ended,Nifty Midcap 150 - TRI,5000.0,1000.0
Kotak Corporate Bond Fund(M-IDCW),Debt - Corporate Bond Fund,5.05,3.69,5.29,0.67,63.136412459720724,26.012354152367884,35.719347980155916,38.29066272773247,78.9272030651341,19.253211243223223,66.65245991788103,55.54024710962002,5.055423728813559,0.23457627118644098,571,26,Open ended,CRISIL Corporate Bond Index,5000.0,1000.0
Baroda BNP Paribas Multi Cap Fund-Reg(G),Equity - Multi Cap Fund,1.25,18.14,11.48,2.26,54.973147153598276,50.806451612903224,57.6541459957477,55.06363791246447,18.00766283524904,3.45060441278757,94.02337784023055,55.53957912510214,12.057857142857143,-0.5778571428571428,572,7,Open ended,Nifty500 Multicap 50:25:25 - TRI,5000.0,1000.0
DSP Corp Bond Fund-Reg(G),Debt - Corporate Bond Fund,4.13,1.96,4.43,0.5,61.160042964554236,23.043925875085797,32.67186392629341,35.48111831858329,85.44061302681992,19.82049409917238,65.66989718911431,55.5181867132752,5.055423728813559,-0.6254237288135593,573,27,Open ended,CRISIL Corporate Bond Index,1000.0,1000.0
Bank of India Ultra Short Duration Fund-Reg(G),Debt - Ultra Short Duration Fund,5.64,4.7,4.16,0.57,64.40386680988183,27.745367192862048,31.715095676824944,37.06193135824745,82.75862068965517,20.1169915601911,65.15634852231472,55.5097079821162,4.4264935064935065,-0.26649350649350634,574,27,Open ended,CRISIL Ultra Short Term Debt Index,5000.0,1000.0
ICICI Pru Balanced Advantage Fund(G),Hybrid - Balanced Advantage,7.05,11.28,9.72,1.56,67.4328678839957,39.03568977350721,51.41743444365699,50.90599773067979,44.827586206896555,14.237283413614579,75.34030176586188,55.494970858529506,7.937894736842105,1.782105263157896,575,3,Open ended,CRISIL Hybrid 50+50 - Moderate Index,1000.0,1000.0
Aditya Birla SL Flexi Cap Fund(IDCW),Equity - Flexi Cap Fund,0.51,12.59,9.14,1.76,53.38345864661653,41.283459162663014,49.36215450035436,47.742806728299385,37.16475095785441,6.162334418433442,89.32652369404286,55.49422202712401,10.461,-1.3209999999999997,576,17,Open ended,NIFTY 500 - TRI,1000.0,1000.0
Canara Rob Savings Fund-Reg(IDCW),Debt - Low Duration Fund,5.4,4.4,4.44,0.6,63.88829215896885,27.230610844200413,32.707299787384834,37.30049157874632,81.60919540229885,19.7738632476994,65.75066419306572,55.4902106882143,5.122105263157894,-0.6821052631578937,577,26,Open ended,CRISIL Low Duration Debt Index,5000.0,1000.0
Canara Rob Savings Fund-Reg(G),Debt - Low Duration Fund,5.4,4.39,4.44,0.6,63.88829215896885,27.213452299245027,32.707299787384834,37.2953440152597,81.60919540229885,19.779958393266437,65.74010709126406,55.484997631020576,5.122105263157894,-0.6821052631578937,578,27,Open ended,CRISIL Low Duration Debt Index,5000.0,1000.0
Kotak Equity Hybrid Fund(IDCW),Hybrid - Aggressive Hybrid Fund,5.18,15.21,10.92,1.98,63.41568206229859,45.77899794097461,55.66973777462791,54.25170468206606,28.735632183908045,8.840051038314915,84.68858246013656,55.481906002044184,9.219019607843137,1.700980392156863,579,14,Open ended,NIFTY 50 Hybrid Composite Debt 65:35 Index,5000.0,1000.0
ICICI Pru Infrastructure Fund(IDCW),Equity - Sectoral Fund - Infrastructure,22.21,26.31,12.36,2.22,100.0,64.82498284145505,60.77250177179305,69.83374573833305,19.540229885057457,21.573521780830777,62.63356417740729,55.46032138478271,9.401428571428571,2.958571428571428,580,4,Open ended,S&P BSE India Infrastructure Index - TRI,5000.0,1000.0
Canara Rob Savings Fund-Reg(W-IDCW),Debt - Low Duration Fund,5.4,4.4,4.39,0.6,63.88829215896885,27.230610844200413,32.5301204819277,37.211901926017745,81.60919540229885,19.81247642565274,65.68378420700883,55.4291958653358,5.122105263157894,-0.7321052631578944,581,28,Open ended,CRISIL Low Duration Debt Index,5000.0,1000.0
DSP Low Duration Fund-Reg(W-IDCW),Debt - Low Duration Fund,5.42,4.47,4.52,0.62,63.931256713211596,27.35072065888813,32.99078667611622,37.48686087836687,80.84291187739463,19.694578986854676,65.88798856108932,55.426155548804424,5.122105263157894,-0.6021052631578945,582,29,Open ended,NIFTY Low Duration Debt Index,1000.0,1000.0
Bank of India Ultra Short Duration Fund-Reg(W-IDCW),Debt - Ultra Short Duration Fund,5.64,4.69,4.09,0.57,64.40386680988183,27.728208647906662,31.46704464918497,36.93275828094085,82.75862068965517,20.182158169630434,65.04347664380879,55.41690347383641,4.4264935064935065,-0.3364935064935066,583,28,Open ended,CRISIL Ultra Short Term Debt Index,5000.0,1000.0
DSP Equity Opportunities Fund-Reg(IDCW),Equity - Large & Mid Cap Fund,4.56,14.6,9.82,1.86,62.083780880773354,44.73232669869596,51.771793054571226,51.72235071304907,33.33333333333333,8.727009240818338,84.88437659677955,55.41560283905275,10.412619047619048,-0.5926190476190474,584,18,Open ended,NIFTY LargeMidcap 250 - TRI,1000.0,1000.0
Canara Rob Savings Fund-Reg(DD-IDCW),Debt - Low Duration Fund,5.41,4.4,4.37,0.6,63.90977443609023,27.230610844200413,32.45924875974487,37.180762520350605,81.60919540229885,19.840342997585097,65.63551788858922,55.40155958289732,5.122105263157894,-0.7521052631578939,585,30,Open ended,CRISIL Low Duration Debt Index,5000.0,1000.0
ICICI Pru Balanced Advantage Fund(IDCW),Hybrid - Balanced Advantage,7.0,11.42,9.52,1.56,67.32545649838883,39.27590940288263,50.70871722182848,50.60222273145679,44.827586206896555,14.10438590813246,75.57048699755607,55.40062966684155,7.937894736842105,1.582105263157895,586,4,Open ended,CRISIL Hybrid 50+50 - Moderate Index,1000.0,1000.0
Aditya Birla SL Banking & PSU Debt(G),Debt - Banking and PSU Fund,5.08,3.81,5.52,0.72,63.20085929108485,26.218256691832536,36.534372785258675,38.77283525839607,77.01149425287358,19.084184764845993,66.94522236625482,55.375596783980136,4.9189795918367345,0.6010204081632651,587,19,Open ended,NIFTY Banking and PSU Debt Index,1000.0,1000.0
UTI Dynamic Bond Fund-Reg(G),Debt - Dynamic Bond,5.04,10.85,9.1,1.54,63.11493018259935,38.297872340425535,49.220411055988656,48.72255326664185,45.59386973180077,12.43815282169159,78.45648736052397,55.37386590640211,4.625,4.475,588,5,Open ended,CRISIL Dynamic Debt Index,1000.0,1000.0
UTI Dynamic Bond Fund-Reg(Q-IDCW),Debt - Dynamic Bond,5.04,10.85,9.1,1.54,63.11493018259935,38.297872340425535,49.220411055988656,48.72255326664185,45.59386973180077,12.43815282169159,78.45648736052397,55.37386590640211,4.625,4.475,588,5,Open ended,CRISIL Dynamic Debt Index,20000.0,1000.0
UTI Dividend Yield Fund-Reg(IDCW),Equity - Dividend Yield Fund,1.41,16.29,10.06,2.08,55.316863587540276,47.63212079615649,52.622253720765414,51.66413581673771,24.90421455938696,3.8990943544433376,93.24657047459917,55.36976416686539,10.248999999999999,-0.18899999999999828,590,4,Open ended,NIFTY 500 - TRI,5000.0,1000.0
ICICI Pru Technology Fund(G),Equity - Sectoral Fund - Technology,-9.33,31.52,22.46,2.1,32.244897959183675,73.76458476321208,96.56272147413183,76.85971575786627,24.13793103448276,32.60987031430417,43.51804778739311,55.3438525844021,20.878999999999998,1.581000000000003,591,5,Open ended,S&P BSE TECk Index - TRI,5000.0,1000.0
DSP Flexi Cap Fund-Reg(G),Equity - Flexi Cap Fund,-0.16,12.15,11.08,1.84,51.94414607948442,40.528483184625955,56.23671155209071,50.66572994733002,34.099616858237546,8.11882499821746,85.93778260532706,55.34221483955616,10.461,0.6189999999999998,592,18,Open ended,NIFTY 500 - TRI,1000.0,1000.0
UTI Mastershare-Reg(G),Equity - Large Cap Fund,-0.31,13.56,10.79,1.93,51.6219119226638,42.94783802333563,55.20907158043939,50.81326958175315,30.651340996168575,6.304034696964931,89.08109161217968,55.33974294296364,10.044583333333334,0.7454166666666655,593,16,Open ended,S&P BSE 100 - TRI,1000.0,1000.0
Edelweiss Balanced Advantage Fund-Reg(M-IDCW),Hybrid - Dynamic Asset Allocation,2.67,12.65,9.36,1.75,58.02363050483351,41.38641043239534,50.141743444365694,49.09152095286815,37.54789272030652,8.322430449526225,85.58512761896229,55.32901556125128,6.648333333333333,2.711666666666666,594,3,Open ended,NIFTY 50 Hybrid Composite Debt 50:50 Index,5000.0,1000.0
SBI Focused Equity Fund-Reg(IDCW),Equity - Focused Fund,-5.88,10.97,10.58,1.6,39.656283566058,38.50377487989019,54.46491849751949,46.7148484259384,43.29501915708811,8.901142720531096,84.58276856261828,55.3268711428958,9.83,0.75,595,9,Open ended,S&P BSE 500 - TRI,5000.0,1000.0
SBI Focused Equity Fund-Reg(G),Equity - Focused Fund,-5.88,10.97,10.58,1.6,39.656283566058,38.50377487989019,54.46491849751949,46.7148484259384,43.29501915708811,8.901142720531096,84.58276856261828,55.3268711428958,9.83,0.75,595,9,Open ended,S&P BSE 500 - TRI,5000.0,1000.0
Invesco India Treasury Advantage Fund(G),Debt - Low Duration Fund,5.33,4.29,4.73,0.65,63.737916219119214,27.04186684969115,33.734939759036145,37.72761317824926,79.6934865900383,19.543011797731385,66.15051063341126,55.32480589498702,5.122105263157894,-0.3921052631578936,597,31,Open ended,NIFTY Low Duration Debt Index,1000.0,1000.0
Invesco India Treasury Advantage Fund(W-IDCW),Debt - Low Duration Fund,5.33,4.29,4.72,0.65,63.737916219119214,27.04186684969115,33.699503897944716,37.70989524770354,79.6934865900383,19.550065580310587,66.13829312359854,55.31289255226098,5.122105263157894,-0.4021052631578943,598,32,Open ended,NIFTY Low Duration Debt Index,1000.0,1000.0
Aditya Birla SL Digital India Fund(G),Equity - Sectoral Fund - Technology,-7.61,26.99,21.38,2.11,35.93984962406015,65.99176389842142,92.73564847625796,73.35332333246744,23.754789272030653,28.41395103678683,50.785593160510835,55.31175727436909,20.878999999999998,0.5010000000000012,599,6,Open ended,S&P BSE TECk Index - TRI,1000.0,1000.0
ICICI Pru Technology Fund(IDCW),Equity - Sectoral Fund - Technology,-9.32,31.53,22.19,2.1,32.26638023630505,73.78174330816746,95.60595322466337,76.39077565204293,24.13793103448276,32.17587868734229,44.269743335350555,55.29730641847979,20.878999999999998,1.3110000000000035,600,7,Open ended,S&P BSE TECk Index - TRI,5000.0,1000.0
Invesco India Treasury Advantage Fund(M-IDCW),Debt - Low Duration Fund,5.33,4.29,4.67,0.65,63.737916219119214,27.04186684969115,33.52232459248759,37.621305594974984,79.6934865900383,19.58561695576222,66.07671633503735,55.2532035287564,5.122105263157894,-0.4521052631578941,601,33,Open ended,NIFTY Low Duration Debt Index,1000.0,1000.0
ICICI Pru US Bluechip Equity Fund(IDCW),Equity - Thematic Fund - Global,7.85,14.4,16.27,2.21,69.15145005370569,44.389155799588195,74.62792345854004,64.46099847988762,19.92337164750957,16.11182819759772,72.09349495893986,55.234715891556164,8.786923076923078,7.483076923076922,602,1,Open ended,S&P 500,5000.0,1000.0
ICICI Pru US Bluechip Equity Fund(G),Equity - Thematic Fund - Global,7.85,14.4,16.27,2.21,69.15145005370569,44.389155799588195,74.62792345854004,64.46099847988762,19.92337164750957,16.11182819759772,72.09349495893986,55.234715891556164,8.786923076923078,7.483076923076922,602,1,Open ended,S&P 500,5000.0,1000.0
Invesco India Treasury Advantage Fund(DD-IDCW),Debt - Low Duration Fund,5.33,4.27,4.66,0.65,63.737916219119214,27.007549759780375,33.48688873139617,37.59329253745604,79.6934865900383,19.605383265017622,66.04248008312888,55.230637937019814,5.122105263157894,-0.4621052631578939,604,34,Open ended,NIFTY Low Duration Debt Index,1000.0,1000.0
UTI Mastershare-Reg(IDCW),Equity - Large Cap Fund,-0.31,13.56,10.38,1.93,51.6219119226638,42.94783802333563,53.756201275691005,50.08683442937895,30.651340996168575,5.724442698468816,90.08497440123533,55.22749606404045,10.044583333333334,0.33541666666666714,605,17,Open ended,S&P BSE 100 - TRI,5000.0,1000.0
Aditya Birla SL Digital India Fund(IDCW),Equity - Sectoral Fund - Technology,-7.63,26.99,20.84,2.11,35.896885069817394,65.99176389842142,90.82211197732104,72.38796217215042,23.754789272030653,27.504631332039448,52.36058108945683,55.22282367644708,20.878999999999998,-0.038999999999997925,606,8,Open ended,S&P BSE TECk Index - TRI,1000.0,1000.0
Aditya Birla SL Banking & PSU Debt(Q-IDCW),Debt - Banking and PSU Fund,5.08,3.81,5.38,0.72,63.20085929108485,26.218256691832536,36.03827072997874,38.5247842307561,77.01149425287358,19.157034339303607,66.81904320198447,55.22002647909256,4.9189795918367345,0.4610204081632654,607,20,Open ended,NIFTY Banking and PSU Debt Index,1000.0,1000.0
Union Small Cap Fund-Reg(G),Equity - Small cap Fund,1.74,22.72,11.42,2.52,56.02577873254565,58.665065202470835,57.44153082919914,57.52544072184995,8.045977011494255,1.3208093120057256,97.712291164496,55.20228740492254,12.12758620689655,-0.7075862068965506,608,22,Open ended,S&P BSE 250 Small Cap - TRI,1000.0,1000.0
Union Small Cap Fund-Reg(IDCW),Equity - Small cap Fund,1.72,22.72,11.41,2.52,55.982814178302895,58.665065202470835,57.40609496810772,57.49912988045569,8.045977011494255,1.3419640341858226,97.67565011086006,55.179971720816425,12.12758620689655,-0.7175862068965504,609,23,Open ended,S&P BSE 250 Small Cap - TRI,1000.0,1000.0
HDFC Ultra Short Term Fund-Reg(G),Debt - Ultra Short Duration Fund,5.74,4.82,4.8,0.69,64.6186895810956,27.9512697323267,33.98299078667611,38.30061422925519,78.16091954022988,19.661414741678552,65.94543071872903,55.17689467936732,4.4264935064935065,0.37350649350649334,610,29,Open ended,CRISIL Ultra Short Term Debt Index,1000.0,1000.0
Mahindra Manulife Mid Cap Unnati Yojana-Reg(G),Equity - Mid Cap Fund,2.58,18.31,12.48,2.35,57.83029001074114,51.09814687714482,61.19773210489014,57.49436811773674,14.559386973180066,5.142357423095076,91.09317567252036,55.160324720293474,11.362272727272726,1.117727272727274,611,28,Open ended,Nifty Midcap 150 - TRI,1000.0,1000.0
Mahindra Manulife Mid Cap Unnati Yojana-Reg(IDCW),Equity - Mid Cap Fund,2.54,18.31,12.48,2.35,57.74436090225563,51.09814687714482,61.19773210489014,57.47718229603964,14.559386973180066,5.13321788782398,91.10900581196746,55.15568934430671,11.362272727272726,1.117727272727274,612,29,Open ended,Nifty Midcap 150 - TRI,1000.0,1000.0
HSBC Corporate Bond Fund-Reg(G),Debt - Corporate Bond Fund,4.77,2.43,5.16,0.63,62.534908700322234,23.85037748798902,35.2586817859674,37.29143587944485,80.45977011494253,19.877268913496096,65.57156032611535,55.15355054998689,5.055423728813559,0.10457627118644108,613,28,Open ended,NIFTY Corporate Bond Index,5000.0,1000.0
Sundaram Large and Mid Cap Fund(G),Equity - Large & Mid Cap Fund,0.03,12.79,10.78,1.9,52.35230934479055,41.62663006177076,55.17363571934797,50.54526874716333,31.800766283524908,7.1475105325840795,87.62014860993068,55.12786309694556,10.412619047619048,0.3673809523809517,614,19,Open ended,NIFTY LargeMidcap 250 - TRI,1000.0,1000.0
HDFC Top 100 Fund(IDCW),Equity - Large Cap Fund,9.64,15.38,9.91,1.79,72.99677765843178,46.07069320521621,52.09071580439404,54.465921395448234,36.01532567049808,14.132221565870676,75.52227422409139,55.117360671371486,10.044583333333334,-0.1345833333333335,615,18,Open ended,NIFTY 100 - TRI,1000.0,1000.0
HDFC Ultra Short Term Fund-Reg(M-IDCW),Debt - Ultra Short Duration Fund,5.74,4.82,4.75,0.69,64.6186895810956,27.9512697323267,33.805811481218996,38.21202457652663,78.16091954022988,19.69859891063858,65.88102584885304,55.11649863553404,4.4264935064935065,0.3235064935064935,616,30,Open ended,CRISIL Ultra Short Term Debt Index,1000.0,1000.0
Franklin India Dynamic Asset Allocation FOFs(G),FoFs (Domestic) - Debt Oriented,5.94,10.47,8.18,1.42,65.04833512352309,37.6458476321208,45.9603118355776,47.28357723212966,50.191570881226056,14.049788069268594,75.66505322845175,55.10594464348428,7.596764705882354,0.583235294117646,617,29,Open ended,CRISIL Hybrid 50+50 - Moderate Index,5000.0,1000.0
HDFC Ultra Short Term Fund-Reg(DD-IDCW),Debt - Ultra Short Duration Fund,5.72,4.8,4.73,0.69,64.57572502685285,27.916952642415925,33.734939759036145,38.15770067761342,78.16091954022988,19.701389979553447,65.87619157568507,55.088128117785445,4.4264935064935065,0.30350649350649395,618,31,Open ended,CRISIL Ultra Short Term Debt Index,1000.0,1000.0
ICICI Pru Banking & PSU Debt Fund(G),Debt - Banking and PSU Fund,6.31,4.7,5.48,0.76,65.84317937701397,27.745367192862048,36.39262934089298,39.6885607037079,75.47892720306513,19.973120826524784,65.40553994274698,55.06539713830698,4.9189795918367345,0.5610204081632659,619,21,Open ended,CRISIL Banking and PSU Debt Index,1000.0,1000.0
ICICI Pru Banking & PSU Debt Fund(Q-IDCW),Debt - Banking and PSU Fund,6.31,4.7,5.48,0.76,65.84317937701397,27.745367192862048,36.39262934089298,39.6885607037079,75.47892720306513,19.973120826524784,65.40553994274698,55.06539713830698,4.9189795918367345,0.5610204081632659,619,21,Open ended,CRISIL Banking and PSU Debt Index,1000.0,1000.0
ICICI Pru Midcap Fund(IDCW),Equity - Mid Cap Fund,4.36,19.33,9.3,2.09,61.65413533834586,52.84831846259437,49.929128277817156,53.14988674535606,24.521072796934874,6.1038222007964995,89.42786982785358,55.06217902887514,11.362272727272726,-2.0622727272727257,621,30,Open ended,Nifty Midcap 150 - TRI,5000.0,1000.0
Baroda BNP Paribas Multi Cap Fund-Reg(IDCW),Equity - Multi Cap Fund,1.26,17.6,10.96,2.26,54.994629430719655,49.87989018531229,55.81148121899362,53.868633551234424,18.00766283524904,3.2148503486001077,94.4317158574941,55.044161448802996,12.057857142857143,-1.0978571428571424,622,8,Open ended,Nifty500 Multicap 50:25:25 - TRI,5000.0,1000.0
DSP Midcap Fund-Reg(G),Equity - Mid Cap Fund,-2.62,11.75,8.73,1.76,46.659505907626205,39.84214138641043,47.90928419560595,45.239185695251344,37.16475095785441,4.3419887511022734,92.47945487719832,55.03064430638885,11.362272727272726,-2.632272727272726,623,31,Open ended,Nifty Midcap 150 - TRI,1000.0,1000.0
Invesco India Corporate Bond Fund(M-IDCW),Debt - Corporate Bond Fund,4.73,3.01,4.98,0.66,62.44897959183673,24.845573095401512,34.620836286321754,37.253885990148675,79.3103448275862,19.51058477861092,66.20667587806591,55.00619817148736,5.055423728813559,-0.07542372881355863,624,29,Open ended,NIFTY Corporate Bond Index,1000.0,1000.0
Invesco India Corporate Bond Fund(G),Debt - Corporate Bond Fund,4.73,3.01,4.98,0.66,62.44897959183673,24.845573095401512,34.620836286321754,37.253885990148675,79.3103448275862,19.51058477861092,66.20667587806591,55.00619817148736,5.055423728813559,-0.07542372881355863,624,29,Open ended,NIFTY Corporate Bond Index,1000.0,1000.0
Sundaram Large and Mid Cap Fund(IDCW),Equity - Large & Mid Cap Fund,0.04,12.79,10.35,1.9,52.37379162191191,41.62663006177076,53.649893692416725,49.78769418912198,31.800766283524908,6.604150039004972,88.5612765916354,54.98435781335107,10.412619047619048,-0.06261904761904802,626,20,Open ended,NIFTY LargeMidcap 250 - TRI,1000.0,1000.0
Mahindra Manulife Multi Cap Badhat Yojana-Reg(IDCW),Equity - Multi Cap Fund,-0.54,18.97,13.1,2.3,51.127819548872175,52.23061084420042,63.39475549255846,57.592124909313796,16.47509578544062,6.786407884109429,88.24559674383647,54.97623558697617,12.057857142857143,1.0421428571428564,627,9,Open ended,Nifty500 Multicap 50:25:25 - TRI,1000.0,1000.0
Mirae Asset Great Consumer Fund-Reg(G),Equity - Sectoral Fund - Consumption,8.12,15.14,12.11,2.06,69.7314715359828,45.6588881262869,59.88660524450744,57.58726336733635,25.670498084291182,12.102607148254604,79.03766951517674,54.97067358353516,11.035555555555554,1.0744444444444454,628,1,Open ended,Nifty India Consumption - TRI,5000.0,1000.0
Kotak India EQ Contra Fund(G),Equity - Contra Fund,6.57,16.17,12.92,2.22,66.4017185821697,47.42621825669184,62.756909992912824,58.88666418989791,19.540229885057457,10.069627197382282,82.55889408085649,54.96811308642744,12.436666666666667,0.4833333333333325,629,5,Open ended,NIFTY500 Value 50 - TRI,5000.0,1000.0
Aditya Birla SL Banking & PSU Debt(M-IDCW),Debt - Banking and PSU Fund,5.08,3.48,5.32,0.72,63.20085929108485,25.652024708304737,35.82565556343019,38.24860705242349,77.01149425287358,19.420004816477014,66.3635649746295,54.96806833308751,4.9189795918367345,0.4010204081632658,630,23,Open ended,NIFTY Banking and PSU Debt Index,1000.0,1000.0
HDFC Ultra Short Term Fund-Reg(W-IDCW),Debt - Ultra Short Duration Fund,5.74,4.66,4.68,0.69,64.6186895810956,27.6767330130405,33.55776045357902,38.00563804692078,78.16091954022988,19.84975212732325,65.61922079782772,54.94785410797479,4.4264935064935065,0.25350649350649324,631,32,Open ended,CRISIL Ultra Short Term Debt Index,1000.0,1000.0
Mahindra Manulife Multi Cap Badhat Yojana-Reg(G),Equity - Multi Cap Fund,-0.6,18.91,13.06,2.3,50.99892588614393,52.12765957446809,63.25301204819277,57.4645890736656,16.47509578544062,6.772618093847789,88.26948136119535,54.91843882349179,12.057857142857143,1.0021428571428572,632,10,Open ended,Nifty500 Multicap 50:25:25 - TRI,1000.0,1000.0
SBI Magnum Equity ESG Fund-Reg(G),Equity - Thematic Fund - Other,1.01,12.89,11.63,1.96,54.45757250268528,41.79821551132464,58.18568391211907,52.52382110999398,29.501915708812266,8.58979292244481,85.12204223183004,54.91790004015756,8.65263157894737,2.977368421052631,633,5,Open ended,NIFTY100 ESG - TRI,1000.0,1000.0
SBI Magnum Equity ESG Fund-Reg(IDCW),Equity - Thematic Fund - Other,1.01,12.89,11.63,1.96,54.45757250268528,41.79821551132464,58.18568391211907,52.52382110999398,29.501915708812266,8.58979292244481,85.12204223183004,54.91790004015756,8.65263157894737,2.977368421052631,633,5,Open ended,NIFTY100 ESG - TRI,1000.0,1000.0
Sundaram Multi Cap Fund(G),Equity - Multi Cap Fund,-0.98,16.5,9.87,2.15,50.182599355531686,47.99245024021964,51.94897236002834,50.4087411231864,22.222222222222232,1.9820399433770348,96.56700611544004,54.901677646008764,12.057857142857143,-2.187857142857144,635,11,Open ended,Nifty500 Multicap 50:25:25 - TRI,1000.0,1000.0
Sundaram Multi Cap Fund(H-IDCW),Equity - Multi Cap Fund,-0.99,16.5,9.87,2.15,50.161117078410314,47.99245024021964,51.94897236002834,50.40444466776212,22.222222222222232,1.9813131019441361,96.56826504173087,54.89984414986934,12.057857142857143,-2.187857142857144,636,12,Open ended,Nifty500 Multicap 50:25:25 - TRI,1000.0,1000.0
ICICI Pru Global Stable Equity Fund(FOF)(G),FoFs (Overseas),6.59,9.32,10.19,1.55,66.44468313641245,35.6726149622512,53.08291991495393,50.53218107343481,45.21072796934866,15.4303576035881,73.27383665162867,54.88723169196174,6.912058823529412,3.2779411764705877,637,9,Open ended,MSCI World,5000.0,1000.0
ICICI Pru Global Stable Equity Fund(FOF)(IDCW),FoFs (Overseas),6.59,9.32,10.19,1.55,66.44468313641245,35.6726149622512,53.08291991495393,50.53218107343481,45.21072796934866,15.4303576035881,73.27383665162867,54.88723169196174,6.912058823529412,3.2779411764705877,637,9,Open ended,MSCI World,5000.0,1000.0
HDFC Short Term Debt Fund(G),Debt - Short Duration Fund,5.31,3.81,5.64,0.78,63.69495166487648,26.218256691832536,36.95960311835577,39.08426889970294,74.71264367816092,19.298782565493205,66.57352807234133,54.86367738747703,5.2086538461538465,0.43134615384615316,639,7,Open ended,NULL,1000.0,1000.0
Edelweiss Large & Mid Cap Fund-Reg(G),Equity - Large & Mid Cap Fund,3.04,15.65,11.76,2.17,58.81847475832438,46.53397391901167,58.64635010630758,55.04706218052217,21.45593869731801,7.043297578424936,87.80065074134117,54.83767844992588,10.412619047619048,1.3473809523809521,640,21,Open ended,NIFTY LargeMidcap 250 - TRI,5000.0,1000.0
Nippon India Nivesh Lakshya Fund(G),Debt - Long Duration Fund,9.96,3.68,4.69,0.51,73.68421052631578,25.995195607412498,33.59319631467045,39.33199894482213,85.0574712643678,25.62310539077709,55.619479615482085,54.83523719237354,4.117500000000001,0.5724999999999998,641,1,Open ended,Crisil Long Term Debt Index,5000.0,1000.0
Nippon India Nivesh Lakshya Fund(IDCW),Debt - Long Duration Fund,9.96,3.68,4.69,0.51,73.68421052631578,25.995195607412498,33.59319631467045,39.33199894482213,85.0574712643678,25.62310539077709,55.619479615482085,54.83523719237354,4.117500000000001,0.5724999999999998,641,1,Open ended,Crisil Long Term Debt Index,5000.0,1000.0
ICICI Pru Dividend Yield Equity Fund(G),Equity - Dividend Yield Fund,8.53,23.79,10.25,2.3,70.61224489795917,60.501029512697336,53.29553508150248,58.92052537415228,16.47509578544062,8.698891360708974,84.9330781937301,54.81230618186882,10.248999999999999,0.0010000000000012221,643,5,Open ended,NIFTY 500 - TRI,5000.0,1000.0
HDFC Short Term Debt Fund(FN-IDCW),Debt - Short Duration Fund,5.3,3.82,5.58,0.78,63.6734693877551,26.235415236787922,36.74698795180723,38.97881242449101,74.71264367816092,19.309481531423597,66.55499691976144,54.80631636172609,5.2086538461538465,0.37134615384615355,644,8,Open ended,NULL,1000.0,1000.0
DSP Corp Bond Fund-Reg(IDCW),Debt - Corporate Bond Fund,4.13,1.96,3.81,0.5,61.160042964554236,23.043925875085797,30.474840538625088,34.38260662474913,85.44061302681992,20.205768659119435,65.00258207642227,54.802102088185116,5.055423728813559,-1.245423728813559,645,31,Open ended,CRISIL Corporate Bond Index,1000.0,1000.0
DSP Flexi Cap Fund-Reg(IDCW),Equity - Flexi Cap Fund,-0.16,11.61,10.47,1.84,51.94414607948442,39.60192175703501,54.07512402551382,49.3069677557643,34.099616858237546,7.813931491641769,86.465873649614,54.794856504845036,10.461,0.009000000000000341,646,19,Open ended,NIFTY 500 - TRI,1000.0,1000.0
Invesco India Corporate Bond Fund(Q-IDCW),Debt - Corporate Bond Fund,4.73,3.01,4.79,0.66,62.44897959183673,24.845573095401512,33.94755492558469,36.91724530978014,79.3103448275862,19.617991153442002,66.02064257980169,54.79136950673704,5.055423728813559,-0.265423728813559,647,32,Open ended,NIFTY Corporate Bond Index,1000.0,1000.0
Kotak India EQ Contra Fund(IDCW),Equity - Contra Fund,6.57,16.17,12.63,2.22,66.4017185821697,47.42621825669184,61.72927002126152,58.37284420407225,19.540229885057457,9.88668024782589,82.87576749257789,54.79042144644497,12.436666666666667,0.19333333333333336,648,6,Open ended,NIFTY500 Value 50 - TRI,5000.0,1000.0
Franklin India Bluechip Fund(G),Equity - Large Cap Fund,-0.27,13.63,8.77,1.9,51.70784103114929,43.06794783802334,48.05102763997164,47.28746637762268,31.800766283524908,4.336879117504995,92.48830502219687,54.71600101524179,10.044583333333334,-1.274583333333334,649,19,Open ended,NIFTY 100 - TRI,5000.0,1000.0
Aditya Birla SL Banking & PSU Debt(IDCW),Debt - Banking and PSU Fund,5.08,3.8,4.93,0.72,63.20085929108485,26.20109814687715,34.44365698086463,37.72232979271243,77.01149425287358,19.424635498815682,66.35554439754522,54.702924558960916,4.9189795918367345,0.011020408163265216,650,24,Open ended,NIFTY Banking and PSU Debt Index,1000.0,1000.0
UTI ST Income Fund-Reg(G),Debt - Short Duration Fund,5.64,4.04,7.07,0.96,64.40386680988183,26.612903225806456,42.02693125442948,41.878109956933045,67.81609195402298,19.002089505862923,67.08741552587404,54.66493184844078,5.2086538461538465,1.8613461538461538,651,9,Open ended,NULL,1000.0,1000.0
UTI ST Income Fund-Reg(Q-IDCW),Debt - Short Duration Fund,5.65,4.04,7.07,0.96,64.42534908700321,26.612903225806456,42.02693125442948,41.88240641235731,67.81609195402298,19.013427025287807,67.06777836619834,54.662170786233986,5.2086538461538465,1.8613461538461538,652,10,Open ended,NULL,20000.0,1000.0
Quantum Dynamic Bond Fund-Reg(G),Debt - Dynamic Bond,6.36,4.53,4.97,0.73,65.95059076262085,27.45367192862046,34.585400425230326,38.71891994372547,76.62835249042146,20.48027293096826,64.52712673068541,54.64832977713945,4.625,0.34499999999999975,653,7,Open ended,CRISIL Dynamic Debt Index,1000.0,1000.0
Axis Dynamic Bond Fund-Reg(G),Debt - Dynamic Bond,5.39,2.48,5.09,0.66,63.86680988184747,23.936170212765962,35.01063075832742,37.459528419363,79.3103448275862,20.61463369537078,64.29440706019645,54.63095218162716,4.625,0.46499999999999986,654,8,Open ended,NIFTY Composite Debt Index,5000.0,1000.0
Mirae Asset Great Consumer Fund-Reg(IDCW),Equity - Sectoral Fund - Consumption,8.12,15.14,11.65,2.06,69.7314715359828,45.6588881262869,58.25655563430191,56.77223856223358,25.670498084291182,12.040654699876255,79.14497430342134,54.589987378044924,11.035555555555554,0.6144444444444463,655,2,Open ended,Nifty India Consumption - TRI,5000.0,1000.0
Nippon India Nivesh Lakshya Fund(M-IDCW),Debt - Long Duration Fund,9.96,3.68,4.48,0.51,73.68421052631578,25.995195607412498,32.84904323175053,38.95992240336217,85.0574712643678,25.78348392274971,55.3416958496622,54.57975298018859,4.117500000000001,0.3624999999999998,656,3,Open ended,Crisil Long Term Debt Index,5000.0,1000.0
Nippon India Nivesh Lakshya Fund(Q-IDCW),Debt - Long Duration Fund,9.96,3.68,4.45,0.51,73.68421052631578,25.995195607412498,32.742735648476256,38.906768611725035,85.0574712643678,25.80689767521435,55.3011420407976,54.54303763215387,4.117500000000001,0.3324999999999996,657,4,Open ended,Crisil Long Term Debt Index,5000.0,1000.0
Tata Banking & PSU Debt Fund-Reg(IDCW),Debt - Banking and PSU Fund,4.87,3.05,5.07,0.72,62.74973147153597,24.914207275223067,34.93975903614458,37.494087994946405,77.01149425287358,19.602011572701432,66.048320025528,54.5119975670736,4.9189795918367345,0.15102040816326578,658,25,Open ended,CRISIL Banking and PSU Debt Index,5000.0,1000.0
Tata Banking & PSU Debt Fund-Reg(G),Debt - Banking and PSU Fund,4.87,3.05,5.07,0.72,62.74973147153597,24.914207275223067,34.93975903614458,37.494087994946405,77.01149425287358,19.602011572701432,66.048320025528,54.5119975670736,4.9189795918367345,0.15102040816326578,658,25,Open ended,CRISIL Banking and PSU Debt Index,5000.0,1000.0
Axis Bluechip Fund-Reg(G),Equity - Large Cap Fund,-3.89,8.94,11.66,1.65,43.931256713211596,35.02059025394647,58.29199149539333,48.43842416652293,41.37931034482758,11.741584191616075,79.66297961877342,54.47978457416171,10.044583333333334,1.6154166666666665,660,20,Open ended,S&P BSE 100 - TRI,1000.0,1000.0
DSP Midcap Fund-Reg(IDCW),Equity - Mid Cap Fund,-2.6,11.27,8.16,1.76,46.702470461868955,39.01853122855182,45.889440113394755,43.99077351763672,37.16475095785441,4.221242498614674,92.68859352133039,54.45872287861456,11.362272727272726,-3.2022727272727263,661,32,Open ended,Nifty Midcap 150 - TRI,1000.0,1000.0
Quantum Dynamic Bond Fund-Reg(M-IDCW),Debt - Dynamic Bond,6.36,4.53,4.8,0.73,65.95059076262085,27.45367192862046,33.98299078667611,38.417715124448364,76.62835249042146,20.60166745955206,64.31686523941738,54.44516199468389,4.625,0.17499999999999982,662,9,Open ended,CRISIL Dynamic Debt Index,1000.0,1000.0
Axis Dynamic Bond Fund-Reg(Q-IDCW),Debt - Dynamic Bond,5.39,2.48,4.91,0.66,63.86680988184747,23.936170212765962,34.37278525868178,37.14060566954018,79.3103448275862,20.709403687176216,64.13026061935655,54.43045419650578,4.625,0.28500000000000014,663,10,Open ended,NIFTY Composite Debt Index,5000.0,1000.0
Tata India Tax Savings Fund-Reg(G),Equity - ELSS,4.74,14.37,10.58,2.02,62.470461868958104,44.33768016472204,54.46491849751949,53.02785567196798,27.203065134099624,9.087055383481358,84.260758384618,54.3798837156634,10.023387096774194,0.5566129032258065,664,19,Open ended,NIFTY 500 - TRI,1000.0,1000.0
Nippon India Nivesh Lakshya Fund(H-IDCW),Debt - Long Duration Fund,9.96,3.68,4.31,0.51,73.68421052631578,25.995195607412498,32.246633593196314,38.65871758408507,85.0574712643678,25.91780405729388,55.109046552152215,54.370988246172544,4.117500000000001,0.192499999999999,665,5,Open ended,Crisil Long Term Debt Index,5000.0,1000.0
Union Flexi Cap Fund-Reg(G),Equity - Flexi Cap Fund,0.85,16.1,11.96,2.25,54.11385606874328,47.306108442004124,59.355067328136066,54.69213741041793,18.39080459770115,6.0414282728321815,89.53593928117158,54.32775467492715,10.461,1.4990000000000006,666,20,Open ended,S&P BSE 500 - TRI,1000.0,1000.0
IDFC Asset Alloc FoF-Aggr-Reg(G),FoFs (Domestic) - Equity Oriented,-0.65,8.69,6.23,1.38,50.89151450053705,34.591626630061775,39.050318922749824,40.080950350500856,51.72413793103448,8.423975647542658,85.40924617673318,54.32382120219234,9.208461538461538,-2.978461538461538,667,12,Open ended,CRISIL Hybrid 35+65 - Aggressive Index,1000.0,1000.0
Franklin India Bluechip Fund(IDCW),Equity - Large Cap Fund,-0.27,13.63,8.32,1.9,51.70784103114929,43.06794783802334,46.45641389085755,46.490159503065634,31.800766283524908,4.353292692312082,92.45987587669717,54.310240291588336,10.044583333333334,-1.7245833333333334,668,21,Open ended,NIFTY 100 - TRI,5000.0,1000.0
UTI LT Equity Fund (Tax Saving)-Reg(G),Equity - ELSS,-2.08,13.76,9.97,2.01,47.81954887218045,43.29100892244338,52.303330970942596,48.702877936640405,27.586206896551737,4.506179547602928,92.19506807552399,54.29675771133914,10.023387096774194,-0.053387096774192955,669,20,Open ended,NIFTY 500 - TRI,1000.0,1000.0
Union Flexi Cap Fund-Reg(IDCW),Equity - Flexi Cap Fund,0.86,16.1,11.75,2.25,54.13533834586466,47.306108442004124,58.610914245216165,54.324357324382255,18.39080459770115,5.693092231804195,90.13927500233945,54.294698562201276,10.461,1.2889999999999997,670,21,Open ended,S&P BSE 500 - TRI,1000.0,1000.0
UTI Flexi Cap Fund-Reg(G),Equity - Flexi Cap Fund,-7.47,12.42,12.17,1.69,36.24060150375939,40.99176389842142,60.09922041105599,49.595259675806304,39.84674329501916,12.628685169395654,78.12647565381515,54.290934575111734,10.461,1.7089999999999996,671,22,Open ended,NIFTY 500 - TRI,5000.0,1000.0
UTI Flexi Cap Fund-Reg(IDCW),Equity - Flexi Cap Fund,-7.47,12.42,12.02,1.69,36.24060150375939,40.99176389842142,59.56768249468462,49.329490717620615,39.84674329501916,12.327415269448773,78.64829042731435,54.28850378939369,10.461,1.5589999999999993,672,23,Open ended,NIFTY 500 - TRI,5000.0,1000.0
UTI LT Equity Fund (Tax Saving)-Reg(IDCW),Equity - ELSS,-2.08,13.75,9.77,2.01,47.81954887218045,43.273850377487996,51.594613749114096,48.343371762239535,27.586206896551737,4.166325173665274,92.78371311835852,54.26416588484733,10.023387096774194,-0.253387096774194,673,21,Open ended,NIFTY 500 - TRI,1000.0,1000.0
Invesco India Corporate Bond Fund(A-IDCW),Debt - Corporate Bond Fund,4.73,3.01,4.33,0.66,62.44897959183673,24.845573095401512,32.31750531537916,36.102220504677376,79.3103448275862,19.90708288235166,65.51992101728223,54.2586767135558,5.055423728813559,-0.725423728813559,674,33,Open ended,NIFTY Corporate Bond Index,1000.0,1000.0
Quantum Tax Saving Fund-Reg(G),Equity - ELSS,7.47,15.45,8.61,1.79,68.33512352309344,46.19080301990392,47.48405386250885,51.266292541844294,36.01532567049808,12.428532591584238,78.4731500878504,54.255265210509265,10.023387096774194,-1.4133870967741942,675,22,Open ended,S&P BSE 500 - TRI,1000.0,1000.0
Quantum Tax Saving Fund-Reg(IDCW),Equity - ELSS,7.47,15.45,8.61,1.79,68.33512352309344,46.19080301990392,47.48405386250885,51.266292541844294,36.01532567049808,12.428532591584238,78.4731500878504,54.255265210509265,10.023387096774194,-1.4133870967741942,675,22,Open ended,S&P BSE 500 - TRI,1000.0,1000.0
Franklin India Prima Fund(G),Equity - Mid Cap Fund,4.61,14.89,8.87,1.89,62.191192266380234,45.229924502402206,48.40538625088589,50.20990892943965,32.18390804597702,9.01680476457046,84.38243602583483,54.24654048267279,11.362272727272726,-2.492272727272727,677,33,Open ended,Nifty Midcap 150 - TRI,5000.0,1000.0
Axis Bluechip Fund-Reg(IDCW),Equity - Large Cap Fund,-3.85,8.55,11.18,1.65,44.0171858216971,34.35140700068634,56.59107016300495,47.404394346047795,41.37931034482758,11.1514757260992,80.68507746302515,54.21829412498708,10.044583333333334,1.135416666666666,678,22,Open ended,S&P BSE 100 - TRI,1000.0,1000.0
Union Corporate Bond Fund-Reg(IDCW),Debt - Corporate Bond Fund,4.43,2.61,4.72,0.7,61.804511278195484,24.159231297186,33.699503897944716,36.45842359376725,77.77777777777779,19.57070662150165,66.10254179153449,54.1992916892117,5.055423728813559,-0.3354237288135593,679,34,Open ended,CRISIL Corporate Bond Composite Index,1000.0,1000.0
Union Corporate Bond Fund-Reg(G),Debt - Corporate Bond Fund,4.43,2.61,4.72,0.7,61.804511278195484,24.159231297186,33.699503897944716,36.45842359376725,77.77777777777779,19.57070662150165,66.10254179153449,54.1992916892117,5.055423728813559,-0.3354237288135593,679,34,Open ended,CRISIL Corporate Bond Composite Index,1000.0,1000.0
PGIM India Equity Savings Fund(G),Hybrid - Equity Savings,3.61,7.15,6.68,1.22,60.04296455424275,31.949210706932057,40.64493267186392,41.91582245886013,57.8544061302682,14.382618135759502,75.08857464300297,54.19365642274786,6.148095238095239,0.5319047619047605,681,9,Open ended,NIFTY 50 Equity Savings Index - TRI,5000.0,1000.0
HSBC Banking and PSU Debt Fund-Reg(G),Debt - Banking and PSU Fund,3.85,1.42,4.38,0.61,60.558539205155746,22.117364447494854,32.49468462083628,34.99425948569775,81.22605363984674,19.887150897245572,65.5544442281817,54.19225420985598,4.9189795918367345,-0.5389795918367346,682,27,Open ended,NIFTY Banking and PSU Debt Index,5000.0,1000.0
Kotak Banking and PSU Debt Fund(G),Debt - Banking and PSU Fund,5.43,3.64,5.41,0.81,63.95273899033297,25.926561427590944,36.14457831325301,38.640805382970385,73.5632183908046,19.679481062565124,65.91413893304765,54.18974202244826,4.9189795918367345,0.49102040816326564,683,28,Open ended,CRISIL Banking and PSU Debt Index,5000.0,1000.0
Edelweiss Large & Mid Cap Fund-Reg(IDCW),Equity - Large & Mid Cap Fund,3.04,15.07,11.24,2.17,58.81847475832438,45.53877831159918,56.80368532955351,53.82717110992138,21.45593869731801,7.156673392512862,87.6042780709914,54.17863974703804,10.412619047619048,0.8273809523809526,684,22,Open ended,NIFTY LargeMidcap 250 - TRI,5000.0,1000.0
Kotak Banking and PSU Debt Fund(M-IDCW),Debt - Banking and PSU Fund,5.43,3.63,5.4,0.81,63.95273899033297,25.909402882635558,36.109142452161585,38.617939888938054,73.5632183908046,19.69177483819855,65.8928454890337,54.1729859144286,4.9189795918367345,0.48102040816326586,685,29,Open ended,CRISIL Banking and PSU Debt Index,5000.0,1000.0
HSBC Banking and PSU Debt Fund-Reg(DD-IDCW),Debt - Banking and PSU Fund,3.85,1.42,4.36,0.61,60.558539205155746,22.117364447494854,32.42381289865344,34.958823624606325,81.22605363984674,19.897695095861426,65.53618114045392,54.16997050737833,4.9189795918367345,-0.5589795918367342,686,30,Open ended,NIFTY Banking and PSU Debt Index,5000.0,1000.0
HDFC Banking and PSU Debt Fund-Reg(G),Debt - Banking and PSU Fund,5.2,3.63,5.31,0.81,63.458646616541344,25.909402882635558,35.79021970233877,38.35966003926832,73.5632183908046,19.464146928474083,66.28710859389719,54.142411765809605,4.9189795918367345,0.3910204081632651,687,31,Open ended,NIFTY Banking and PSU Debt Index,1000.0,1000.0
Axis Dynamic Bond Fund-Reg(H-IDCW),Debt - Dynamic Bond,5.4,2.48,4.65,0.66,63.88829215896885,23.936170212765962,33.45145287030475,36.684235930775934,79.3103448275862,20.86909133120515,63.85367350655746,54.133122548923886,4.625,0.025000000000000355,688,11,Open ended,NIFTY Composite Debt Index,5000.0,1000.0
Quantum Long Term Equity Value Fund-Reg(G),Equity - Value Fund,7.06,15.2,8.5,1.79,67.45435016111708,45.76183939601922,47.09425939050318,50.76655154628077,36.01532567049808,12.157807248315956,78.9420601372876,54.12262222508681,9.0436,-0.5435999999999996,689,11,Open ended,S&P BSE 500 - TRI,1000.0,1000.0
HSBC Banking and PSU Debt Fund-Reg(W-IDCW),Debt - Banking and PSU Fund,3.85,1.42,4.3,0.61,60.558539205155746,22.117364447494854,32.21119773210489,34.85251604133205,81.22605363984674,19.929798275096662,65.48057680293401,54.10291563136121,4.9189795918367345,-0.6189795918367347,690,32,Open ended,NIFTY Banking and PSU Debt Index,5000.0,1000.0
SBI Savings Fund-Reg(G),Debt - Money Market Fund,5.63,4.64,4.43,0.75,64.38238453276047,27.64241592312972,32.67186392629341,37.50513364663772,75.86206896551724,19.919327957984056,65.4987119241444,54.09276204573427,4.472884615384616,-0.042884615384616076,691,40,Open ended,CRISIL Money Market Index,1000.0,1000.0
HSBC Banking and PSU Debt Fund-Reg(M-IDCW),Debt - Banking and PSU Fund,3.85,1.42,4.29,0.61,60.558539205155746,22.117364447494854,32.175761871013464,34.83479811078634,81.22605363984674,19.935217266092902,65.47119083520276,54.09171017415555,4.9189795918367345,-0.6289795918367345,692,33,Open ended,NIFTY Banking and PSU Debt Index,5000.0,1000.0
Quantum Long Term Equity Value Fund-Reg(IDCW),Equity - Value Fund,7.06,15.18,8.47,1.79,67.45435016111708,45.72752230610845,46.98795180722892,50.703102627670404,36.01532567049808,12.196428389413228,78.87516635866083,54.07417432112493,9.0436,-0.573599999999999,693,12,Open ended,S&P BSE 500 - TRI,1000.0,1000.0
SBI Savings Fund-Reg(IDCW),Debt - Money Market Fund,5.63,4.64,4.4,0.75,64.38238453276047,27.64241592312972,32.56555634301913,37.45197985500057,75.86206896551724,19.943140679968643,65.45746707980058,54.05587393882974,4.472884615384616,-0.07288461538461544,694,41,Open ended,CRISIL Money Market Index,1000.0,1000.0
HDFC Banking and PSU Debt Fund-Reg(IDCW),Debt - Banking and PSU Fund,5.1,3.58,5.21,0.81,63.2438238453276,25.823610157858617,35.43586109142452,38.11377836213536,73.5632183908046,19.4334357613716,66.34030189567841,54.03276925268843,4.9189795918367345,0.29102040816326546,695,34,Open ended,NIFTY Banking and PSU Debt Index,1000.0,1000.0
IDBI Small Cap Fund(IDCW),Equity - Small cap Fund,4.15,23.0,10.47,2.51,61.203007518796994,59.14550446122169,54.07512402551382,57.02181485488282,8.429118773946364,3.668532851348968,93.64591471222806,54.029665798985015,12.12758620689655,-1.65758620689655,696,24,Open ended,Nifty Smallcap 250 - TRI,5000.0,1000.0
IDBI Small Cap Fund(G),Equity - Small cap Fund,4.15,23.0,10.47,2.51,61.203007518796994,59.14550446122169,54.07512402551382,57.02181485488282,8.429118773946364,3.668532851348968,93.64591471222806,54.029665798985015,12.12758620689655,-1.65758620689655,696,24,Open ended,Nifty Smallcap 250 - TRI,5000.0,1000.0
Mahindra Manulife Ultra Short Term Fund-Reg(DD-IDCW),Debt - Ultra Short Duration Fund,5.81,4.9,4.46,0.77,64.76906552094522,28.088538091969806,32.77817150956768,37.76946028656383,75.09578544061303,19.961926483961328,65.42492911282423,54.01490878164123,4.4264935064935065,0.033506493506493484,698,33,Open ended,CRISIL Ultra Short Term Debt Index,1000.0,1000.0
SBI Savings Fund-Reg(W-IDCW),Debt - Money Market Fund,5.63,4.64,4.35,0.75,64.38238453276047,27.64241592312972,32.38837703756201,37.363390202272015,75.86206896551724,19.98318441398155,65.38810929796546,53.99423966700668,4.472884615384616,-0.12288461538461615,699,42,Open ended,CRISIL Money Market Index,1000.0,1000.0
Franklin India Prima Fund(IDCW),Equity - Mid Cap Fund,4.61,14.89,8.65,1.89,62.191192266380234,45.229924502402206,47.62579730687456,49.82011445743399,32.18390804597702,9.179465679647553,84.10069905651567,53.98120900434017,11.362272727272726,-2.712272727272726,700,34,Open ended,Nifty Midcap 150 - TRI,5000.0,1000.0
IDFC Core Equity Fund-Reg(G),Equity - Large & Mid Cap Fund,7.16,15.73,10.09,2.03,67.66917293233082,46.67124227865477,52.72856130403969,53.89948792208244,26.819923371647512,10.807605974029793,81.28067734479548,53.974894140151974,10.412619047619048,-0.3226190476190478,701,23,Open ended,NIFTY LargeMidcap 250 - TRI,1000.0,1000.0
Mahindra Manulife Ultra Short Term Fund-Reg(G),Debt - Ultra Short Duration Fund,5.72,4.72,4.47,0.77,64.57572502685285,27.779684282772827,32.813607370659106,37.65585397553197,75.09578544061303,19.950443245287584,65.44481866564259,53.96307801432988,4.4264935064935065,0.04350649350649327,702,34,Open ended,CRISIL Ultra Short Term Debt Index,1000.0,1000.0
Invesco India Multicap Fund(G),Equity - Multi Cap Fund,1.09,14.5,9.19,2.04,54.62943071965628,44.560741249142076,49.539333805811474,49.06377542157962,26.436781609195403,5.034447637548398,91.28008090372107,53.96110333901893,12.057857142857143,-2.8678571428571438,703,13,Open ended,Nifty500 Multicap 50:25:25 - TRI,1000.0,1000.0
Invesco India Multicap Fund(IDCW),Equity - Multi Cap Fund,1.09,14.5,9.18,2.04,54.62943071965628,44.560741249142076,49.50389794472005,49.046057491033906,26.436781609195403,5.034620012103303,91.27978234223404,53.95216973337432,12.057857142857143,-2.8778571428571436,704,14,Open ended,Nifty500 Multicap 50:25:25 - TRI,1000.0,1000.0
Bank of India Tax Advantage Fund-Reg(IDCW),Equity - ELSS,2.96,18.31,12.17,2.47,58.64661654135338,51.09814687714482,60.09922041105599,57.10837757694212,9.961685823754785,4.832335133187473,91.63015003011918,53.95214775193955,10.023387096774194,2.1466129032258063,705,24,Open ended,S&P BSE 500 - TRI,1000.0,1000.0
Bank of India Tax Advantage Fund-Reg(G),Equity - ELSS,2.93,18.31,12.17,2.47,58.58216970998925,51.09814687714482,60.09922041105599,57.09548821066929,9.961685823754785,4.818910066170218,91.65340292828807,53.95151629334536,10.023387096774194,2.1466129032258063,706,25,Open ended,S&P BSE 500 - TRI,1000.0,1000.0
Nippon India Nivesh Lakshya Fund(A-IDCW),Debt - Long Duration Fund,9.96,3.68,3.97,0.51,73.68421052631578,25.995195607412498,31.04181431608788,38.05630794553085,85.0574712643678,26.198232952103822,54.623329458431,53.94835415346512,4.117500000000001,-0.1475000000000004,707,6,Open ended,Crisil Long Term Debt Index,5000.0,1000.0
SBI Arbitrage Opportunities Fund-Reg(G),Hybrid - Arbitrage Fund,4.94,4.06,4.85,0.81,62.900107411385605,26.64722031571723,34.160170092133235,37.65427262305891,73.5632183908046,19.134176379055283,66.85863435049197,53.9325994968536,4.482,0.36799999999999944,708,1,Open ended,Nifty 50 Arbitrage,5000.0,1000.0
SBI Corp Bond Fund-Reg(G),Debt - Corporate Bond Fund,4.97,3.34,5.03,0.79,62.96455424274973,25.411805078929312,34.79801559177888,37.615460168118176,74.32950191570882,19.54338684879098,66.1498610259206,53.92757081946644,5.055423728813559,-0.02542372881355881,709,36,Open ended,NIFTY Corporate Bond Index,5000.0,1000.0
SBI Corp Bond Fund-Reg(Q-IDCW),Debt - Corporate Bond Fund,4.98,3.34,5.03,0.79,62.9860365198711,25.411805078929312,34.79801559177888,37.61975662354246,74.32950191570882,19.555426953540508,66.12900695276596,53.924505528889924,5.055423728813559,-0.02542372881355881,710,37,Open ended,NIFTY Corporate Bond Index,5000.0,1000.0
IDFC Banking & PSU Debt Fund-Reg(IDCW),Debt - Banking and PSU Fund,5.15,3.75,3.53,0.62,63.35123523093448,26.11530542210021,29.482636428065202,35.24615688684956,80.84291187739463,20.59504540620504,64.32833497226487,53.91589015583966,4.9189795918367345,-1.3889795918367347,711,35,Open ended,NIFTY Banking and PSU Debt Index,1000.0,1000.0
ICICI Pru Ultra Short Term Fund Fund(G),Debt - Ultra Short Duration Fund,5.75,4.85,4.93,0.84,64.64017185821696,28.002745367192865,34.44365698086463,38.550686472233565,72.41379310344827,19.560231223234926,66.12068571356198,53.90896294036934,4.4264935064935065,0.5035064935064932,712,35,Open ended,CRISIL Ultra Short Term Debt Index,5000.0,1000.0
SBI Magnum Constant Maturity Fund-Reg(G),Debt - Gilt Fund with 10 year constant duration,5.75,2.46,4.3,0.63,64.64017185821696,23.901853122855186,32.21119773210489,36.2041891745524,80.45977011494253,21.52631793909973,62.715323629597904,53.89586802341131,3.985555555555555,0.31444444444444475,713,3,Open ended,Nifty 10 yr Benchmark G-Sec,5000.0,1000.0
Nippon India Banking & PSU Debt Fund(IDCW),Debt - Banking and PSU Fund,4.94,3.27,5.44,0.84,62.900107411385605,25.291695264241596,36.250885896527286,38.29297300981324,72.41379310344827,19.341998909506977,66.49867516879209,53.874603572966706,4.9189795918367345,0.5210204081632659,714,36,Open ended,NIFTY Banking and PSU Debt Index,5000.0,1000.0
Nippon India Banking & PSU Debt Fund(G),Debt - Banking and PSU Fund,4.94,3.27,5.44,0.84,62.900107411385605,25.291695264241596,36.250885896527286,38.29297300981324,72.41379310344827,19.341998909506977,66.49867516879209,53.874603572966706,4.9189795918367345,0.5210204081632659,714,36,Open ended,NIFTY Banking and PSU Debt Index,5000.0,1000.0
SBI Corp Bond Fund-Reg(M-IDCW),Debt - Corporate Bond Fund,4.97,3.34,4.98,0.79,62.96455424274973,25.411805078929312,34.620836286321754,37.52687051538962,74.32950191570882,19.57201051303059,66.1002833851588,53.870881582911714,5.055423728813559,-0.07542372881355863,716,38,Open ended,NIFTY Corporate Bond Index,5000.0,1000.0
Nippon India Dynamic Bond(G),Debt - Dynamic Bond,5.5,2.79,4.8,0.72,64.10311493018258,24.468085106382983,33.98299078667611,37.15254391128947,77.01149425287358,20.690943661654646,64.16223432146893,53.86970409923036,4.625,0.17499999999999982,717,12,Open ended,CRISIL Dynamic Debt Index,5000.0,1000.0
Nippon India Dynamic Bond(IDCW),Debt - Dynamic Bond,5.5,2.79,4.8,0.72,64.10311493018258,24.468085106382983,33.98299078667611,37.15254391128947,77.01149425287358,20.690943661654646,64.16223432146893,53.86970409923036,4.625,0.17499999999999982,717,12,Open ended,CRISIL Dynamic Debt Index,5000.0,1000.0
LIC MF Savings Fund(DD-IDCW),Debt - Low Duration Fund,5.03,4.41,4.82,0.83,63.09344790547797,27.247769389155806,34.05386250885897,37.81995165227182,72.79693486590037,19.037389053548978,67.02627491579759,53.865778271560394,5.122105263157894,-0.30210526315789377,719,35,Open ended,CRISIL Low Duration Debt Index,5000.0,1000.0
SBI Magnum Constant Maturity Fund-Reg(IDCW),Debt - Gilt Fund with 10 year constant duration,5.75,2.46,4.27,0.63,64.64017185821696,23.901853122855186,32.10489014883061,36.15103538291525,80.45977011494253,21.546248651612117,62.6808026228954,53.860660875917105,3.985555555555555,0.2844444444444445,720,4,Open ended,Nifty 10 yr Benchmark G-Sec,5000.0,1000.0
Aditya Birla SL India GenNext Fund(G),Equity - Sectoral Fund - Consumption,5.09,14.06,12.33,2.17,63.22234156820623,43.80576527110501,60.66619418851877,56.11929498923214,21.45593869731801,10.54997146763123,81.72691339966072,53.85536051886075,11.035555555555554,1.294444444444446,721,3,Open ended,Nifty India Consumption - TRI,1000.0,1000.0
ICICI Pru Ultra Short Term Fund Fund(W-IDCW),Debt - Ultra Short Duration Fund,5.75,4.85,4.88,0.84,64.64017185821696,28.002745367192865,34.26647767540751,38.46209681950501,72.41379310344827,19.59632899560952,66.05816253776912,53.84903732005685,4.4264935064935065,0.4535064935064934,722,36,Open ended,CRISIL Ultra Short Term Debt Index,5000.0,1000.0
IDFC Bond Fund - Short Term Plan-Reg(G),Debt - Short Duration Fund,4.42,2.89,4.86,0.77,61.783029001074105,24.63967055593686,34.195605953224664,36.84630994360821,75.09578544061303,19.2873485663621,66.5933323397701,53.84543441689989,5.2086538461538465,-0.3486538461538462,723,11,Open ended,Nifty Short Duration Debt Index,1000.0,1000.0
IDFC Asset Alloc FoF-Aggr-Reg(IDCW),FoFs (Domestic) - Equity Oriented,-0.64,8.38,5.96,1.38,50.91299677765843,34.059711736444754,38.09355067328136,39.44728821310579,51.72413793103448,8.800030981685653,84.75789923154022,53.84415339719657,9.208461538461538,-3.2484615384615383,724,13,Open ended,CRISIL Hybrid 35+65 - Aggressive Index,1000.0,1000.0
PGIM India Equity Savings Fund(M-IDCW),Hybrid - Equity Savings,3.61,7.15,6.36,1.22,60.04296455424275,31.949210706932057,39.51098511693834,41.34884868139734,57.8544061302682,14.537317594585103,74.82062732041362,53.84318270336912,6.148095238095239,0.21190476190476115,725,10,Open ended,NIFTY 50 Equity Savings Index - TRI,5000.0,1000.0
ICICI Pru Ultra Short Term Fund Fund(M-IDCW),Debt - Ultra Short Duration Fund,5.75,4.85,4.87,0.84,64.64017185821696,28.002745367192865,34.231041814316086,38.44437888895929,72.41379310344827,19.603604628338623,66.04556077222512,53.837027913397996,4.4264935064935065,0.4435064935064936,726,37,Open ended,CRISIL Ultra Short Term Debt Index,5000.0,1000.0
ICICI Pru Ultra Short Term Fund Fund(Q-IDCW),Debt - Ultra Short Duration Fund,5.75,4.85,4.87,0.84,64.64017185821696,28.002745367192865,34.231041814316086,38.44437888895929,72.41379310344827,19.603604628338623,66.04556077222512,53.837027913397996,4.4264935064935065,0.4435064935064936,726,37,Open ended,CRISIL Ultra Short Term Debt Index,5000.0,1000.0
ICICI Pru Ultra Short Term Fund Fund(DD-IDCW),Debt - Ultra Short Duration Fund,5.75,4.85,4.87,0.84,64.64017185821696,28.002745367192865,34.231041814316086,38.44437888895929,72.41379310344827,19.603604628338623,66.04556077222512,53.837027913397996,4.4264935064935065,0.4435064935064936,726,37,Open ended,CRISIL Ultra Short Term Debt Index,5000.0,1000.0
Tata Equity P/E Fund(G),Equity - Value Fund,6.9,14.63,8.29,1.77,67.11063372717507,44.78380233356212,46.35010630758327,50.03232059929529,36.7816091954023,12.46287959607435,78.41365933098574,53.81497743124466,9.0436,-0.7536000000000005,729,13,Open ended,NIFTY 500 - TRI,5000.0,1000.0
HSBC Short Duration Fund-Reg(G),Debt - Short Duration Fund,4.57,2.81,4.74,0.75,62.10526315789473,24.502402196293758,33.77037562012757,36.65696110053086,75.86206896551724,19.59054336348832,66.06818354655695,53.81104367828398,5.2086538461538465,-0.4686538461538463,730,12,Open ended,Nifty Short Duration Debt Index,5000.0,1000.0
PGIM India ELSS Tax Saver Fund-Reg(G),Equity - ELSS,4.06,18.92,12.07,2.52,61.00966702470462,52.14481811942348,59.744861800141734,57.71780974083883,8.045977011494255,4.794892114155979,91.69500324147049,53.794149933660606,10.023387096774194,2.0466129032258067,731,26,Open ended,NIFTY 500 - TRI,1000.0,1000.0
Mahindra Manulife Ultra Short Term Fund-Reg(W-IDCW),Debt - Ultra Short Duration Fund,5.75,4.76,4.31,0.77,64.64017185821696,27.848318462594374,32.246633593196314,37.40584670701986,75.09578544061303,20.092813697109158,65.19822580959108,53.77642616606096,4.4264935064935065,-0.11649350649350687,732,40,Open ended,CRISIL Ultra Short Term Debt Index,1000.0,1000.0
Nippon India Banking & PSU Debt Fund(W-IDCW),Debt - Banking and PSU Fund,4.94,3.27,5.35,0.84,62.900107411385605,25.291695264241596,35.93196314670446,38.13351163490183,72.41379310344827,19.385943231805335,66.42256136986715,53.775844435779774,4.9189795918367345,0.43102040816326515,733,38,Open ended,NIFTY Banking and PSU Debt Index,5000.0,1000.0
HSBC Money Market Fund-Reg(G),Debt - Money Market Fund,5.49,4.39,4.08,0.73,64.08163265306122,27.213452299245027,31.431608788093545,36.69616661443252,76.62835249042146,20.178700095021366,65.04946620472806,53.76753798100364,4.472884615384616,-0.3928846153846157,734,43,Open ended,Nifty Money Market Index,5000.0,1000.0
Aditya Birla SL Focused Equity Fund(G),Equity - Focused Fund,1.82,12.58,9.89,1.97,56.19763694951665,41.26630061770762,52.0198440822112,49.62933961632122,29.118773946360154,7.70321853663212,86.65763411274679,53.75877182293735,9.83,0.0600000000000005,735,11,Open ended,NIFTY 500 - TRI,1000.0,1000.0
Franklin India Corp Debt Fund-A(G),Debt - Corporate Bond Fund,4.64,3.37,4.61,0.77,62.25563909774435,25.463280713795474,33.30970942593905,36.744966746657035,75.09578544061303,19.37829939026635,66.43580089177769,53.7553799564262,5.055423728813559,-0.44542372881355874,736,39,Open ended,NIFTY Corporate Bond Index,10000.0,1000.0
Tata Equity P/E Fund(Div Trig Opt B-10%),Equity - Value Fund,6.85,14.58,8.24,1.77,67.0032223415682,44.69800960878518,46.17292700212615,49.89651085201227,36.7816091954023,12.473966893095575,78.39445556922637,53.7422716171633,9.0436,-0.8035999999999994,737,14,Open ended,NIFTY 500 - TRI,5000.0,1000.0
Aditya Birla SL India GenNext Fund(IDCW),Equity - Sectoral Fund - Consumption,5.09,14.06,12.1,2.17,63.22234156820623,43.80576527110501,59.851169383416014,55.711782586680755,21.45593869731801,10.37483518044201,82.03025834732142,53.727440554500234,11.035555555555554,1.0644444444444456,738,4,Open ended,Nifty India Consumption - TRI,1000.0,1000.0
IDFC Bond Fund - Short Term Plan-Reg(FN-IDCW),Debt - Short Duration Fund,4.36,2.86,4.75,0.77,61.65413533834586,24.5881949210707,33.805811481218996,36.61019128459988,75.09578544061303,19.297571244927575,66.57562614110525,53.72294853772951,5.2086538461538465,-0.4586538461538465,739,13,Open ended,Nifty Short Duration Debt Index,1000.0,1000.0
PGIM India Equity Savings Fund(A-IDCW),Hybrid - Equity Savings,3.61,6.9,6.37,1.22,60.04296455424275,31.52024708304736,39.54642097802976,41.23787752477764,57.8544061302682,14.708688916791836,74.5238034833913,53.713491165803696,6.148095238095239,0.22190476190476094,740,11,Open ended,NIFTY 50 Equity Savings Index - TRI,5000.0,1000.0
Quant Focused Fund(IDCW),Equity - Focused Fund,5.24,21.05,11.73,2.62,63.54457572502685,55.79958819492108,58.54004252303331,58.71881286499835,4.214559386973171,3.9272610119483775,93.19778439272105,53.71249237742273,9.83,1.9000000000000004,741,12,Open ended,NIFTY 500 - TRI,5000.0,1000.0
IDFC Bond Fund - Short Term Plan-Reg(M-IDCW),Debt - Short Duration Fund,4.42,2.89,4.74,0.77,61.783029001074105,24.63967055593686,33.77037562012757,36.63369477705966,75.09578544061303,19.355049302418227,66.47607122521107,53.70981155498585,5.2086538461538465,-0.4686538461538463,742,14,Open ended,Nifty Short Duration Debt Index,1000.0,1000.0
Nippon India Banking & PSU Debt Fund(M-IDCW),Debt - Banking and PSU Fund,4.94,3.27,5.29,0.84,62.900107411385605,25.291695264241596,35.719347980155916,38.02720405162756,72.41379310344827,19.416154307910485,66.3702342511017,53.70960886445127,4.9189795918367345,0.37102040816326554,743,39,Open ended,NIFTY Banking and PSU Debt Index,5000.0,1000.0
PGIM India ELSS Tax Saver Fund-Reg(IDCW),Equity - ELSS,4.12,18.95,11.9,2.52,61.138560687432864,52.19629375428965,59.14245216158752,57.45782634456722,8.045977011494255,4.693926994351566,91.86987995876402,53.707877414848184,10.023387096774194,1.8766129032258068,744,27,Open ended,NIFTY 500 - TRI,1000.0,1000.0
DSP Natural Res & New Energy Fund-Reg(G),Equity - Sectoral Fund - Energy & Power,6.02,23.75,9.35,2.32,65.22019334049409,60.43239533287578,50.106307583274265,56.22691105959869,15.708812260536398,7.724211293680375,86.62127359094826,53.69597699267051,9.631666666666666,-0.2816666666666663,745,1,Open ended,NULL,1000.0,1000.0
HSBC Money Market Fund-Reg(DD-IDCW),Debt - Money Market Fund,5.45,4.41,4.0,0.73,63.99570354457572,27.247769389155806,31.148121899362152,36.54753247534296,76.62835249042146,20.184924384029458,65.03868541992506,53.69052571525811,4.472884615384616,-0.4728846153846158,746,44,Open ended,Nifty Money Market Index,5000.0,1000.0
DSP Equity & Bond Fund-Reg(G),Hybrid - Aggressive Hybrid Fund,0.39,10.4,9.68,1.83,53.12567132116004,37.52573781743308,51.27569099929128,47.52070110910758,34.48275862068966,8.522925603094444,85.23785982631081,53.69050516630391,9.219019607843137,0.4609803921568627,747,15,Open ended,CRISIL Hybrid 35+65 - Aggressive Index,1000.0,1000.0
HSBC Short Duration Fund-Reg(IDCW),Debt - Short Duration Fund,4.57,2.81,4.63,0.75,62.10526315789473,24.502402196293758,33.3805811481219,36.46206386452802,75.86206896551724,19.654959385020135,65.9566117244424,53.685702104753915,5.2086538461538465,-0.5786538461538466,748,15,Open ended,Nifty Short Duration Debt Index,5000.0,1000.0
Canara Rob Consumer Trends Fund-Reg(G),Equity - Sectoral Fund - Consumption,6.25,15.33,13.91,2.35,65.71428571428571,45.984900480439265,66.26506024096386,60.070857407470854,14.559386973180066,11.553043424405224,79.98954180688062,53.6726608987506,11.035555555555554,2.874444444444446,749,5,Open ended,S&P BSE 100 - TRI,5000.0,1000.0
Invesco India Infrastructure Fund(G),Equity - Sectoral Fund - Infrastructure,5.74,19.3,11.74,2.5,64.6186895810956,52.796842827728206,58.575478384124736,58.050529956599945,8.812260536398453,5.911416794713814,89.76112576683971,53.66861155410952,9.401428571428571,2.338571428571429,750,5,Open ended,S&P BSE India Infrastructure Index - TRI,1000.0,1000.0
Axis Corp Debt Fund-Reg(G),Debt - Corporate Bond Fund,4.96,3.78,5.77,0.93,62.94307196562835,26.16678105696637,37.42026931254429,39.14878336648773,68.96551724137932,18.8438762209603,67.36144897375775,53.65613323702813,5.055423728813559,0.7145762711864405,751,40,Open ended,NIFTY Corporate Bond Index,5000.0,1000.0
Axis Corp Debt Fund-Reg(IDCW),Debt - Corporate Bond Fund,4.96,3.78,5.77,0.93,62.94307196562835,26.16678105696637,37.42026931254429,39.14878336648773,68.96551724137932,18.8438762209603,67.36144897375775,53.65613323702813,5.055423728813559,0.7145762711864405,751,40,Open ended,NIFTY Corporate Bond Index,5000.0,1000.0
UTI Hybrid Equity Fund-Reg(G),Hybrid - Aggressive Hybrid Fund,6.44,16.26,9.06,1.99,66.12244897959184,47.58064516129033,49.07866761162296,52.03801715011694,28.352490421455933,10.299943716813894,82.15997416737851,53.64712472226708,9.219019607843137,-0.1590196078431365,753,16,Open ended,CRISIL Hybrid 35+65 - Aggressive Index,1000.0,1000.0
Quant Focused Fund(G),Equity - Focused Fund,4.92,20.92,11.65,2.62,62.857142857142854,55.57652711050104,58.25655563430191,58.37266452172983,4.214559386973171,3.6822846470998223,93.62209590329228,53.64549608343128,9.83,1.8200000000000003,754,13,Open ended,NIFTY 500 - TRI,5000.0,1000.0
Kotak Savings Fund(G),Debt - Ultra Short Duration Fund,5.61,4.74,4.47,0.81,64.33941997851772,27.8140013726836,32.813607370659106,37.618888092838176,73.5632183908046,19.803110551342787,65.70000637717098,53.62525023841298,4.4264935064935065,0.04350649350649327,755,41,Open ended,NIFTY Ultra Short Duration Debt Index,5000.0,1000.0
Invesco India Infrastructure Fund(IDCW),Equity - Sectoral Fund - Infrastructure,5.71,19.24,11.72,2.5,64.55424274973147,52.69389155799588,58.504606661941885,57.971319348316,8.812260536398453,5.930576661185882,89.72793990464386,53.62070978441858,9.401428571428571,2.3185714285714294,756,6,Open ended,S&P BSE India Infrastructure Index - TRI,1000.0,1000.0
HSBC Money Market Fund-Reg(M-IDCW),Debt - Money Market Fund,5.49,4.39,3.96,0.73,64.08163265306122,27.213452299245027,31.00637845499645,36.483551447883976,76.62835249042146,20.279798863610978,64.8743580009482,53.61745334678441,4.472884615384616,-0.5128846153846158,757,45,Open ended,Nifty Money Market Index,5000.0,1000.0
Tata India Tax Savings Fund-Reg(IDCW-Payout),Equity - ELSS,4.72,14.0,9.97,2.02,62.42749731471535,43.702814001372694,52.303330970942596,51.74800914882618,27.203065134099624,9.372667723094406,83.76606330113958,53.61628668322289,10.023387096774194,-0.053387096774192955,758,28,Open ended,NIFTY 500 - TRI,1000.0,1000.0
Tata Equity P/E Fund(Div Trig Opt A-5%),Equity - Value Fund,5.53,14.11,7.99,1.77,64.16756176154672,43.89155799588195,45.287030474840535,48.6444949884942,36.7816091954023,11.325032257592571,80.3844687324932,53.61376697622097,9.0436,-1.0535999999999994,759,15,Open ended,NIFTY 500 - TRI,5000.0,1000.0
Nippon India Banking & PSU Debt Fund(Q-IDCW),Debt - Banking and PSU Fund,4.94,3.27,5.2,0.84,62.900107411385605,25.291695264241596,35.4004252303331,37.86774267671615,72.41379310344827,19.462834693400062,66.28938145171686,53.60966497714935,4.9189795918367345,0.2810204081632657,760,40,Open ended,NIFTY Banking and PSU Debt Index,5000.0,1000.0
Invesco India Growth Opp Fund(IDCW),Equity - Large & Mid Cap Fund,0.16,11.34,9.71,1.91,52.63157894736842,39.138641043239545,51.38199858256556,47.958907393728325,31.417624521072796,7.455653651296552,87.08642907231796,53.60546709521185,10.412619047619048,-0.7026190476190468,761,24,Open ended,NIFTY LargeMidcap 250 - TRI,1000.0,1000.0
SBI Arbitrage Opportunities Fund-Reg(IDCW),Hybrid - Arbitrage Fund,4.94,4.02,4.59,0.81,62.900107411385605,26.578586135895677,33.2388377037562,37.17301617492392,73.5632183908046,19.336505972649203,66.50818921451253,53.604359988791245,4.482,0.10799999999999965,762,2,Open ended,Nifty 50 Arbitrage,5000.0,1000.0
Aditya Birla SL Focused Equity Fund(IDCW),Equity - Focused Fund,1.82,12.58,9.66,1.97,56.19763694951665,41.26630061770762,51.20481927710843,49.22182721376983,29.118773946360154,7.600955927894532,86.83475814679483,53.599296630173654,9.83,-0.16999999999999993,763,14,Open ended,NIFTY 500 - TRI,1000.0,1000.0
Invesco India Growth Opp Fund(G),Equity - Large & Mid Cap Fund,0.16,11.33,9.71,1.91,52.63157894736842,39.12148249828415,51.38199858256556,47.95375983024171,31.417624521072796,7.465525342137497,87.06933080222483,53.59861874594526,10.412619047619048,-0.7026190476190468,764,25,Open ended,NIFTY LargeMidcap 250 - TRI,1000.0,1000.0
LIC MF Savings Fund(W-IDCW),Debt - Low Duration Fund,5.06,4.07,4.75,0.83,63.1578947368421,26.66437886067262,33.805811481218996,37.53379834617971,72.79693486590037,19.340465145746744,66.50133172555164,53.591465820952855,5.122105263157894,-0.37210526315789405,765,36,Open ended,CRISIL Low Duration Debt Index,5000.0,1000.0
LIC MF Savings Fund(G),Debt - Low Duration Fund,5.06,4.07,4.75,0.83,63.1578947368421,26.66437886067262,33.805811481218996,37.53379834617971,72.79693486590037,19.340465145746744,66.50133172555164,53.591465820952855,5.122105263157894,-0.37210526315789405,765,36,Open ended,CRISIL Low Duration Debt Index,5000.0,1000.0
Kotak Savings Fund(M-IDCW),Debt - Ultra Short Duration Fund,5.61,4.74,4.44,0.81,64.33941997851772,27.8140013726836,32.707299787384834,37.56573430120105,73.5632183908046,19.82692446099919,65.65875947571922,53.58836161723148,4.4264935064935065,0.01350649350649391,767,42,Open ended,NIFTY Ultra Short Duration Debt Index,5000.0,1000.0
Axis Corp Debt Fund-Reg(DD-IDCW),Debt - Corporate Bond Fund,4.97,3.78,5.71,0.93,62.96455424274973,26.16678105696637,37.20765414599575,39.04677223863773,68.96551724137932,18.882950390032516,67.29377052766114,53.58820806157898,5.055423728813559,0.6545762711864409,768,42,Open ended,NIFTY Corporate Bond Index,5000.0,1000.0
Axis Corp Debt Fund-Reg(W-IDCW),Debt - Corporate Bond Fund,4.97,3.78,5.71,0.93,62.96455424274973,26.16678105696637,37.20765414599575,39.04677223863773,68.96551724137932,18.882950390032516,67.29377052766114,53.58820806157898,5.055423728813559,0.6545762711864409,768,42,Open ended,NIFTY Corporate Bond Index,5000.0,1000.0
HSBC Money Market Fund-Reg(W-IDCW),Debt - Money Market Fund,5.49,4.39,3.92,0.73,64.08163265306122,27.213452299245027,30.86463501063076,36.41267972570113,76.62835249042146,20.314046003404766,64.81504021481145,53.56718803915879,4.472884615384616,-0.5528846153846159,770,46,Open ended,Nifty Money Market Index,5000.0,1000.0
Franklin India Dynamic Asset Allocation FOFs(IDCW),FoFs (Domestic) - Debt Oriented,5.94,10.16,6.96,1.42,65.04833512352309,37.11393273850378,41.63713678242381,44.96241523746765,50.191570881226056,14.99374546934708,74.0300710513352,53.53661810187414,7.596764705882354,-0.6367647058823538,771,30,Open ended,CRISIL Hybrid 50+50 - Moderate Index,5000.0,1000.0
LIC MF Savings Fund(M-IDCW),Debt - Low Duration Fund,5.06,4.07,4.69,0.83,63.1578947368421,26.66437886067262,33.59319631467045,37.427490762905435,72.79693486590037,19.38150581142161,66.4302472074263,53.520540899784386,5.122105263157894,-0.43210526315789366,772,38,Open ended,CRISIL Low Duration Debt Index,5000.0,1000.0
Canara Rob Consumer Trends Fund-Reg(IDCW),Equity - Sectoral Fund - Consumption,6.26,15.34,13.55,2.35,65.73576799140707,46.00205902539465,64.98936924167258,59.4424559267361,14.559386973180066,11.184023798094438,80.62870254864099,53.51825034382331,11.035555555555554,2.5144444444444467,773,6,Open ended,S&P BSE 100 - TRI,5000.0,1000.0
Axis Corp Debt Fund-Reg(M-IDCW),Debt - Corporate Bond Fund,4.97,3.79,5.64,0.93,62.96455424274973,26.183939601921765,36.95960311835577,38.92789428830436,68.96551724137932,18.908490247146535,67.2495341975216,53.51771000387741,5.055423728813559,0.5845762711864406,774,44,Open ended,NIFTY Corporate Bond Index,5000.0,1000.0
DSP 10Y G-Sec Fund-Reg(G),Debt - Gilt Fund with 10 year constant duration,5.45,1.71,3.35,0.52,63.99570354457572,22.614962251201103,28.844790928419563,34.006024848485254,84.67432950191571,22.31129449809871,61.35570434666108,53.51052088638682,3.985555555555555,-0.635555555555555,775,5,Open ended,NULL,1000.0,1000.0
Baroda BNP Paribas Corp Bond Fund(G),Debt - Corporate Bond Fund,4.86,1.96,4.04,0.64,62.72824919441461,23.043925875085797,31.28986534372785,35.103760273272584,80.07662835249042,20.9412392747606,63.72870960265781,53.50321462542335,5.055423728813559,-1.015423728813559,776,45,Open ended,CRISIL Corporate Bond Index,5000.0,1000.0
Tata Infrastructure Fund-Reg(G),Equity - Sectoral Fund - Infrastructure,10.05,21.02,10.5,2.32,73.87755102040816,55.74811256005492,54.18143160878809,58.59065977649215,15.708812260536398,10.94736001636616,81.03861624290576,53.482187014106614,9.401428571428571,1.0985714285714288,777,7,Open ended,S&P BSE India Infrastructure Index - TRI,5000.0,1000.0
Baroda BNP Paribas Corp Bond Fund(Q-IDCW),Debt - Corporate Bond Fund,4.87,1.97,4.02,0.64,62.74973147153597,23.061084420041183,31.218993621545,35.07776843109205,80.07662835249042,20.959992114673135,63.696228731143094,53.482098486454404,5.055423728813559,-1.0354237288135595,778,46,Open ended,CRISIL Corporate Bond Index,5000.0,1000.0
Baroda BNP Paribas Corp Bond Fund(A-IDCW),Debt - Corporate Bond Fund,4.87,1.96,4.02,0.64,62.74973147153597,23.043925875085797,31.218993621545,35.07262086760544,80.07662835249042,20.966521568471745,63.68491938541823,53.47669736827988,5.055423728813559,-1.0354237288135595,779,47,Open ended,CRISIL Corporate Bond Index,5000.0,1000.0
Tata Infrastructure Fund-Reg(IDCW),Equity - Sectoral Fund - Infrastructure,9.98,21.0,10.48,2.32,73.72717508055854,55.71379547014415,54.110559886605245,58.51485360045758,15.708812260536398,10.892381136929744,81.13384245543283,53.46809047922109,9.401428571428571,1.0785714285714292,780,8,Open ended,S&P BSE India Infrastructure Index - TRI,5000.0,1000.0
DSP Bond Fund-Reg(G),Debt - Medium Duration Fund,4.74,3.08,4.76,0.8,62.470461868958104,24.965682910089228,33.84124734231042,36.904420917973596,73.9463601532567,19.60023814973064,66.05139168421672,53.451648418355155,3.55972972972973,1.20027027027027,781,1,Open ended,CRISIL Medium Term Debt Index,1000.0,1000.0
DSP Bond Fund-Reg(IDCW),Debt - Medium Duration Fund,4.74,3.08,4.76,0.8,62.470461868958104,24.965682910089228,33.84124734231042,36.904420917973596,73.9463601532567,19.60023814973064,66.05139168421672,53.451648418355155,3.55972972972973,1.20027027027027,781,1,Open ended,CRISIL Medium Term Debt Index,1000.0,1000.0
SBI Consumption Opp Fund-Reg(G),Equity - Sectoral Fund - Consumption,14.71,19.13,11.62,2.22,83.88829215896885,52.505147563486624,58.15024805102763,61.60432672635358,19.540229885057457,16.729294858210597,71.02401133077848,53.44322366713577,11.035555555555554,0.5844444444444452,783,7,Open ended,Nifty India Consumption - TRI,5000.0,1000.0
SBI Consumption Opp Fund-Reg(IDCW),Equity - Sectoral Fund - Consumption,14.71,19.13,11.62,2.22,83.88829215896885,52.505147563486624,58.15024805102763,61.60432672635358,19.540229885057457,16.729294858210597,71.02401133077848,53.44322366713577,11.035555555555554,0.5844444444444452,783,7,Open ended,Nifty India Consumption - TRI,5000.0,1000.0
Franklin Build India Fund(G),Equity - Sectoral Fund - Infrastructure,10.75,19.75,11.1,2.32,75.3813104189044,53.56897735072066,56.30758327427357,59.30074692613387,15.708812260536398,11.88195342714971,79.41985297100956,53.432539770953426,9.401428571428571,1.6985714285714284,785,9,Open ended,S&P BSE India Infrastructure Index - TRI,5000.0,1000.0
IDFC Corp Bond Fund-Reg(IDCW),Debt - Corporate Bond Fund,4.64,2.68,3.37,0.61,62.25563909774435,24.279341111873716,28.915662650602407,34.192761478412194,81.22605363984674,20.717338614544182,64.11651692200087,53.432023379667996,5.055423728813559,-1.685423728813559,786,48,Open ended,NIFTY Corporate Bond Index,1000.0,1000.0
SBI Short Term Debt Fund-Reg(G),Debt - Short Duration Fund,5.22,3.6,4.93,0.84,63.5016111707841,25.857927247769393,34.44365698086463,37.679528898919955,72.41379310344827,19.727841561479597,65.8303760918484,53.40080674828414,5.2086538461538465,-0.2786538461538468,787,16,Open ended,NULL,5000.0,1000.0
IDFC G-Sec-Constant Maturity Plan-Reg(G),Debt - Gilt Fund with 10 year constant duration,5.68,1.88,4.27,0.65,64.48979591836735,22.906657515442692,32.10489014883061,35.822401512721584,79.6934865900383,21.842416703578095,62.16782450931163,53.376528531198275,3.985555555555555,0.2844444444444445,788,6,Open ended,NULL,1000.0,1000.0
SBI Short Term Debt Fund-Reg(M-IDCW),Debt - Short Duration Fund,5.22,3.6,4.9,0.84,63.5016111707841,25.857927247769393,34.33734939759036,37.62637510728282,72.41379310344827,19.746314863226505,65.7983793946392,53.36623067816328,5.2086538461538465,-0.30865384615384617,789,17,Open ended,NULL,5000.0,1000.0
SBI Short Term Debt Fund-Reg(FN-IDCW),Debt - Short Duration Fund,5.22,3.6,4.88,0.84,63.5016111707841,25.857927247769393,34.26647767540751,37.5909392461914,72.41379310344827,19.758726722145077,65.77688142437586,53.34313825505173,5.2086538461538465,-0.32865384615384663,790,18,Open ended,NULL,5000.0,1000.0
SBI Short Term Debt Fund-Reg(W-IDCW),Debt - Short Duration Fund,5.22,3.6,4.85,0.84,63.5016111707841,25.857927247769393,34.160170092133235,37.53778545455425,72.41379310344827,19.777488634449046,65.74438483901824,53.30843721289376,5.2086538461538465,-0.3586538461538469,791,19,Open ended,NULL,5000.0,1000.0
IDFC Core Equity Fund-Reg(IDCW),Equity - Large & Mid Cap Fund,7.14,15.31,9.69,2.03,67.62620837808807,45.950583390528486,51.31112686038271,52.96598012296751,26.819923371647512,11.28974482899477,80.44558835169305,53.29936799231889,10.412619047619048,-0.7226190476190482,792,26,Open ended,NIFTY LargeMidcap 250 - TRI,1000.0,1000.0
Franklin India Corp Debt Fund-A(M-IDCW),Debt - Corporate Bond Fund,4.64,3.37,4.22,0.77,62.25563909774435,25.463280713795474,31.92771084337349,36.053967455374256,75.09578544061303,19.643700112060507,65.97611335726475,53.29495842715657,5.055423728813559,-0.8354237288135593,793,49,Open ended,NIFTY Corporate Bond Index,10000.0,1000.0
UTI Floater Fund-Reg(G),Debt - Floater Fund,5.4,4.15,4.68,0.85,63.88829215896885,26.801647220315722,33.55776045357902,37.597032824677996,72.03065134099617,19.752659957408518,65.78738936913714,53.25302658987233,5.277826086956522,-0.5978260869565224,794,14,Open ended,CRISIL Low Duration Debt Index,1000.0,1000.0
UTI Floater Fund-Reg(A-IDCW),Debt - Floater Fund,5.4,4.15,4.68,0.85,63.88829215896885,26.801647220315722,33.55776045357902,37.597032824677996,72.03065134099617,19.752659957408518,65.78738936913714,53.25302658987233,5.277826086956522,-0.5978260869565224,794,14,Open ended,CRISIL Low Duration Debt Index,20000.0,1000.0
DSP Equity & Bond Fund-Reg(IDCW),Hybrid - Aggressive Hybrid Fund,0.39,10.3,9.05,1.83,53.12567132116004,37.35415236787921,49.04323175053153,46.352995849861536,34.48275862068966,8.185777297193363,85.82181782181725,53.2526420355575,9.219019607843137,-0.1690196078431363,796,17,Open ended,CRISIL Hybrid 35+65 - Aggressive Index,1000.0,1000.0
PGIM India Ultra Short Duration Fund(G),Debt - Ultra Short Duration Fund,5.48,4.61,4.38,0.84,64.06015037593986,27.59094028826356,32.49468462083628,37.33665447208518,72.41379310344827,19.79237488375648,65.71860109888362,53.20142578662556,4.4264935064935065,-0.04649350649350659,797,43,Open ended,CRISIL Ultra Short Term Debt Index,5000.0,1000.0
SBI Banking and PSU Fund-Reg(G),Debt - Banking and PSU Fund,4.91,3.0,4.7,0.81,62.83566058002148,24.828414550446126,33.62863217576187,36.82997256901907,73.5632183908046,19.895749500889284,65.53955100979663,53.19067863465985,4.9189795918367345,-0.21897959183673432,798,41,Open ended,NIFTY Banking and PSU Debt Index,5000.0,1000.0
Franklin India Corp Debt Fund-A(Q-IDCW),Debt - Corporate Bond Fund,4.64,3.37,4.12,0.77,62.25563909774435,25.463280713795474,31.57335223245925,35.87678814991713,75.09578544061303,19.71637786502956,65.85023179654242,53.17489838424743,5.055423728813559,-0.935423728813559,799,50,Open ended,NIFTY Corporate Bond Index,10000.0,1000.0
UTI Ultra Short Term Fund-Reg(G),Debt - Ultra Short Duration Fund,5.51,4.55,5.34,0.96,64.12459720730396,27.487989018531234,35.89652728561303,39.01957978982668,67.81609195402298,19.191007038326138,66.76020076120722,53.153863073720885,4.4264935064935065,0.9135064935064934,800,44,Open ended,CRISIL Ultra Short Term Debt Index,5000.0,1000.0
Indiabulls Dynamic Bond Fund-Reg(G),Debt - Dynamic Bond,5.49,3.24,4.3,0.76,64.08163265306122,25.24021962937543,32.21119773210489,36.49399128547732,75.47892720306513,20.708188893270357,64.13236470412222,53.149818619535495,4.625,-0.3250000000000002,801,14,Open ended,CRISIL Dynamic Debt Index,1000.0,1000.0
UTI Floater Fund-Reg(Q-IDCW),Debt - Floater Fund,5.4,4.15,4.59,0.85,63.88829215896885,26.801647220315722,33.2388377037562,37.43757144976658,72.03065134099617,19.816851888094206,65.6762056837536,53.14549998107073,5.277826086956522,-0.6878260869565223,802,16,Open ended,CRISIL Low Duration Debt Index,20000.0,1000.0
HDFC Capital Builder Value Fund(G),Equity - Value Fund,3.11,16.16,8.39,2.06,58.968850698174,47.409059711736454,46.70446491849752,49.3687205124045,25.670498084291182,6.8864647440409374,88.0722931787893,53.120058071972366,9.0436,-0.6535999999999991,803,16,Open ended,NIFTY 500 - TRI,1000.0,1000.0
UTI Ultra Short Term Fund-Reg(W-IDCW),Debt - Ultra Short Duration Fund,5.51,4.55,5.31,0.96,64.12459720730396,27.487989018531234,35.79021970233877,38.96642599818955,67.81609195402298,19.20939458745244,66.72835259189378,53.11932413557396,4.4264935064935065,0.8835064935064931,804,45,Open ended,CRISIL Ultra Short Term Debt Index,20000.0,1000.0
PGIM India Ultra Short Duration Fund(W-IDCW),Debt - Ultra Short Duration Fund,5.51,4.61,4.32,0.84,64.12459720730396,27.59094028826356,32.282069454287736,37.24323625508373,72.41379310344827,19.87737975032625,65.57136835109418,53.117908491177474,4.4264935064935065,-0.1064935064935062,805,46,Open ended,CRISIL Ultra Short Term Debt Index,5000.0,1000.0
Baroda BNP Paribas Corp Bond Fund(M-IDCW),Debt - Corporate Bond Fund,4.87,1.97,3.71,0.64,62.74973147153597,23.061084420041183,30.12048192771084,34.528512584174976,80.07662835249042,21.172669977050724,63.32785986785997,53.11537834717508,5.055423728813559,-1.345423728813559,806,51,Open ended,CRISIL Corporate Bond Index,5000.0,1000.0
PGIM India Ultra Short Duration Fund(DD-IDCW),Debt - Ultra Short Duration Fund,5.48,4.61,4.31,0.84,64.06015037593986,27.59094028826356,32.246633593196314,37.2126289582652,72.41379310344827,19.84850378347014,65.62138299280662,53.115108503196325,4.4264935064935065,-0.11649350649350687,807,47,Open ended,CRISIL Ultra Short Term Debt Index,5000.0,1000.0
DSP Natural Res & New Energy Fund-Reg(IDCW),Equity - Sectoral Fund - Energy & Power,6.02,23.43,9.04,2.32,65.22019334049409,59.883321894303364,49.00779588944011,55.51293318110989,15.708812260536398,8.262375504120717,85.68914583565041,53.105956114601646,9.631666666666666,-0.5916666666666668,808,2,Open ended,NULL,1000.0,1000.0
UTI Ultra Short Term Fund-Reg(DD-IDCW),Debt - Ultra Short Duration Fund,5.51,4.55,5.29,0.96,64.12459720730396,27.487989018531234,35.719347980155916,38.93099013709812,67.81609195402298,19.22175206022751,66.7069488211942,53.09625526235335,4.4264935064935065,0.8635064935064936,809,48,Open ended,CRISIL Ultra Short Term Debt Index,20000.0,1000.0
SBI Banking and PSU Fund-Reg(DD-IDCW),Debt - Banking and PSU Fund,4.92,3.0,4.62,0.81,62.857142857142854,24.828414550446126,33.345145287030476,36.69252558007764,73.5632183908046,19.95694064581024,65.43356483782023,53.09545859719503,4.9189795918367345,-0.2989795918367344,810,42,Open ended,NIFTY Banking and PSU Debt Index,5000.0,1000.0
Aditya Birla SL Dynamic Bond Fund-Reg(Q-IDCW),Debt - Dynamic Bond,5.09,6.34,6.24,1.19,63.22234156820623,30.559368565545647,39.08575478384124,41.35515627522556,59.00383141762452,16.94178212248866,70.65597259308754,53.09252914029079,4.625,1.6150000000000002,811,15,Open ended,NIFTY Composite Debt Index,1000.0,1000.0
Aditya Birla SL Dynamic Bond Fund-Reg(M-IDCW),Debt - Dynamic Bond,5.09,6.34,6.24,1.19,63.22234156820623,30.559368565545647,39.08575478384124,41.35515627522556,59.00383141762452,16.94178212248866,70.65597259308754,53.09252914029079,4.625,1.6150000000000002,811,15,Open ended,NIFTY Composite Debt Index,1000.0,1000.0
Aditya Birla SL Dynamic Bond Fund-Reg(G),Debt - Dynamic Bond,5.09,6.34,6.24,1.19,63.22234156820623,30.559368565545647,39.08575478384124,41.35515627522556,59.00383141762452,16.94178212248866,70.65597259308754,53.09252914029079,4.625,1.6150000000000002,811,15,Open ended,NIFTY Composite Debt Index,1000.0,1000.0
UTI Hybrid Equity Fund-Reg(IDCW),Hybrid - Aggressive Hybrid Fund,6.44,16.23,8.64,1.99,66.12244897959184,47.52916952642416,47.59036144578313,51.278421376737185,28.352490421455933,10.717213985261672,81.43724086193905,53.08664350921734,9.219019607843137,-0.5790196078431364,814,18,Open ended,CRISIL Hybrid 35+65 - Aggressive Index,5000.0,1000.0
Indiabulls Dynamic Bond Fund-Reg(DD-IDCW),Debt - Dynamic Bond,5.48,3.23,4.23,0.76,64.06015037593986,25.223061084420046,31.96314670446492,36.36052175274644,75.47892720306513,20.75237297069781,64.05583563713232,53.063951586422576,4.625,-0.3949999999999996,815,18,Open ended,CRISIL Dynamic Debt Index,1000.0,1000.0
Franklin India Equity Advantage Fund(G),Equity - Large & Mid Cap Fund,-1.13,13.98,8.46,2.09,49.86036519871106,43.668496911461915,46.95251594613749,46.548880086249525,24.521072796934874,3.097837987544587,94.63438721195585,53.06330504534745,10.412619047619048,-1.9526190476190468,816,27,Open ended,NIFTY LargeMidcap 250 - TRI,5000.0,1000.0
Indiabulls Dynamic Bond Fund-Reg(M-IDCW),Debt - Dynamic Bond,5.49,3.25,4.22,0.76,64.08163265306122,25.257378174330817,31.92771084337349,36.357395404598236,75.47892720306513,20.759298163668042,64.04384085105565,53.05938971582931,4.625,-0.40500000000000025,817,19,Open ended,CRISIL Dynamic Debt Index,1000.0,1000.0
Franklin India Corp Debt Fund-A(H-IDCW),Debt - Corporate Bond Fund,4.64,3.37,4.02,0.77,62.25563909774435,25.463280713795474,31.218993621545,35.69960884446001,75.09578544061303,19.79090375629106,65.72114916639815,53.054038073982795,5.055423728813559,-1.0354237288135595,818,52,Open ended,NIFTY Corporate Bond Index,10000.0,1000.0
HSBC Flexi Cap Fund-Reg(G),Equity - Flexi Cap Fund,-1.53,12.81,7.97,1.98,49.00107411385606,41.66094715168154,45.216158752657684,44.90657834460451,28.735632183908045,3.67066246609501,93.64222611128737,53.04775374610111,10.461,-2.4910000000000005,819,24,Open ended,NIFTY 500 - TRI,5000.0,1000.0
UTI Arbitrage Fund-Reg(G),Hybrid - Arbitrage Fund,4.42,4.12,4.91,0.93,61.783029001074105,26.750171585449557,34.37278525868178,37.56804990519058,68.96551724137932,18.424290126226413,68.08819340798624,53.047452614936674,4.482,0.42799999999999994,820,3,Open ended,Nifty 50 Arbitrage,5000.0,1000.0
IDFC G-Sec-Constant Maturity Plan-Reg(Q-IDCW),Debt - Gilt Fund with 10 year constant duration,5.69,1.88,3.99,0.65,64.51127819548871,22.906657515442692,31.11268603827073,35.33059591286592,79.6934865900383,22.036898315220327,61.8309724768094,53.04641272314488,3.985555555555555,0.004444444444445139,821,7,Open ended,NULL,1000.0,1000.0
PGIM India Ultra Short Duration Fund(M-IDCW),Debt - Ultra Short Duration Fund,5.48,4.61,4.25,0.84,64.06015037593986,27.59094028826356,32.03401842664776,37.10632137499092,72.41379310344827,19.89730867645306,65.53685043850226,53.04082157298309,4.4264935064935065,-0.17649350649350648,822,49,Open ended,CRISIL Ultra Short Term Debt Index,5000.0,1000.0
Aditya Birla SL Income Fund(G),Debt - Medium to Long Duration Fund,4.79,2.44,5.5,0.89,62.577873254564985,23.867536032944408,36.46350106307583,37.90758599233423,70.49808429118774,19.74465741159491,65.80125018507621,53.0286266152331,4.3271875,1.1728125,823,1,Open ended,CRISIL Medium to Long Term Debt Index,1000.0,1000.0
UTI Bond Fund-Reg(G),Debt - Medium to Long Duration Fund,5.85,10.84,7.9,1.63,64.85499462943072,38.28071379547014,44.96810772501772,46.939266927036044,42.1455938697318,13.82269818185574,76.05838445133591,53.020628043784946,4.3271875,3.5728125000000004,824,2,Open ended,NIFTY Medium to Long Term Debt Index,1000.0,1000.0
UTI Bond Fund-Reg(Q-IDCW),Debt - Medium to Long Duration Fund,5.85,10.84,7.9,1.63,64.85499462943072,38.28071379547014,44.96810772501772,46.939266927036044,42.1455938697318,13.82269818185574,76.05838445133591,53.020628043784946,4.3271875,3.5728125000000004,824,2,Open ended,NIFTY Medium to Long Term Debt Index,20000.0,1000.0
IDFC G-Sec-Constant Maturity Plan-Reg(M-IDCW),Debt - Gilt Fund with 10 year constant duration,5.68,1.88,3.95,0.65,64.48979591836735,22.906657515442692,30.970942593905026,35.25542773525879,79.6934865900383,22.05184656459377,61.805081349410386,53.00235585249157,3.985555555555555,-0.035555555555554896,826,8,Open ended,NULL,1000.0,1000.0
Indiabulls Dynamic Bond Fund-Reg(FN-IDCW),Debt - Dynamic Bond,5.5,3.25,4.16,0.76,64.10311493018258,25.257378174330817,31.715095676824944,36.25538427674823,75.47892720306513,20.815367602658448,63.946725733972386,52.98410537263349,4.625,-0.46499999999999986,827,20,Open ended,CRISIL Dynamic Debt Index,1000.0,1000.0
Indiabulls Dynamic Bond Fund-Reg(W-IDCW),Debt - Dynamic Bond,5.48,3.24,4.15,0.76,64.06015037593986,25.24021962937543,31.67965981573352,36.22392587186736,75.47892720306513,20.80444496576534,63.965644296023875,52.97310581070593,4.625,-0.47499999999999964,828,21,Open ended,CRISIL Dynamic Debt Index,1000.0,1000.0
Mirae Asset Savings Fund-Reg Savings Plan(Q-IDCW),Debt - Low Duration Fund,5.25,4.3,4.98,0.93,63.56605800214823,27.05902539464654,34.620836286321754,38.14133736198448,68.96551724137932,19.269017765768456,66.62508221774169,52.96831854577249,5.122105263157894,-0.14210526315789362,829,39,Open ended,NIFTY Low Duration Debt Index,5000.0,1000.0
Union Long Term Equity Fund(G),Equity - ELSS,3.68,17.25,12.04,2.49,60.193340494092375,49.27934111187372,59.638554216867455,56.64174754081432,9.195402298850563,6.147309255318408,89.35254803995012,52.95786135510733,10.023387096774194,2.0166129032258056,830,29,Open ended,S&P BSE 500 - TRI,1000.0,1000.0
SBI Magnum Gilt Fund-Reg(IDCW),Debt - Gilt Fund,7.31,4.67,5.43,0.94,67.99140708915145,27.693891557995887,36.21545003543586,40.014173902946986,68.5823754789272,21.23761664102845,63.215368946068445,52.95652305772241,4.311111111111111,1.1188888888888888,831,1,Open ended,Nifty All Duration G-Sec Index,5000.0,1000.0
Baroda BNP Paribas Large Cap Fund-Reg(G),Equity - Large Cap Fund,4.17,13.05,11.42,2.15,61.24597207303973,42.07275223061085,57.44153082919914,53.59178549839077,22.222222222222232,10.151235457785168,82.41754442752138,52.95583441163129,10.044583333333334,1.3754166666666663,832,23,Open ended,NIFTY 100 - TRI,5000.0,1000.0
SBI Magnum Gilt Fund-Reg(G),Debt - Gilt Fund,7.31,4.67,5.42,0.94,67.99140708915145,27.693891557995887,36.180014174344436,39.99645597240128,68.5823754789272,21.244092332629247,63.204152719201716,52.94486003573287,4.311111111111111,1.108888888888889,833,2,Open ended,Nifty All Duration G-Sec Index,5000.0,1000.0
Edelweiss Flexi Cap Fund-Reg(IDCW),Equity - Flexi Cap Fund,3.05,14.66,10.36,2.21,58.83995703544576,44.83527796842829,53.68532955350814,52.06123957437171,19.92337164750957,7.083132938023474,87.73165387457873,52.94437616770793,10.461,-0.10100000000000087,834,25,Open ended,NIFTY 500 - TRI,5000.0,1000.0
Edelweiss Flexi Cap Fund-Reg(G),Equity - Flexi Cap Fund,3.05,14.66,10.36,2.21,58.83995703544576,44.83527796842829,53.68532955350814,52.06123957437171,19.92337164750957,7.083132938023474,87.73165387457873,52.94437616770793,10.461,-0.10100000000000087,834,25,Open ended,NIFTY 500 - TRI,5000.0,1000.0
UTI Floater Fund-Reg(F-IDCW),Debt - Floater Fund,5.4,4.15,4.42,0.85,63.88829215896885,26.801647220315722,32.63642806520198,37.136366630489476,72.03065134099617,19.942178540507438,65.45913355423136,52.94062953905162,5.277826086956522,-0.8578260869565222,836,17,Open ended,CRISIL Low Duration Debt Index,20000.0,1000.0
LIC MF Banking & PSU Debt Fund(DD-IDCW),Debt - Banking and PSU Fund,4.2,3.36,4.29,0.83,61.31041890440386,25.446122168840084,32.175761871013464,35.98380136703953,72.79693486590037,19.06289620926353,66.98209522614341,52.93665820653071,4.9189795918367345,-0.6289795918367345,837,43,Open ended,NIFTY Banking and PSU Debt Index,5000.0,1000.0
DSP US Flexible Equity Fund-Reg(G),FoFs (Overseas),5.35,14.6,14.19,2.39,63.78088077336197,44.73232669869596,67.25726435152373,59.80450634004305,13.026819923371647,12.126455042466494,78.99636375074823,52.90804908855149,6.912058823529412,7.277941176470588,838,11,Open ended,Russell 1000 Index,1000.0,1000.0
Union Long Term Equity Fund(IDCW),Equity - ELSS,3.71,17.25,11.92,2.49,60.25778732545649,49.27934111187372,59.213323883770364,56.44202174053859,9.195402298850563,6.05944440326955,89.50473442789826,52.896045051956506,10.023387096774194,1.8966129032258063,839,30,Open ended,S&P BSE 500 - TRI,1000.0,1000.0
Franklin Build India Fund(IDCW),Equity - Sectoral Fund - Infrastructure,10.75,19.75,10.67,2.32,75.3813104189044,53.56897735072066,54.7838412473423,58.53887591266823,15.708812260536398,12.257715287647397,78.76901433708096,52.88889460573846,9.401428571428571,1.2685714285714287,840,10,Open ended,S&P BSE India Infrastructure Index - TRI,5000.0,1000.0
LIC MF Banking & PSU Debt Fund(G),Debt - Banking and PSU Fund,4.2,3.26,4.29,0.83,61.31041890440386,25.274536719286207,32.175761871013464,35.93232573217337,72.79693486590037,19.126944144791302,66.87116094768942,52.88318681948413,4.9189795918367345,-0.6289795918367345,841,44,Open ended,NIFTY Banking and PSU Debt Index,5000.0,1000.0
Aditya Birla SL Income Fund(Q-IDCW),Debt - Medium to Long Duration Fund,4.8,2.44,5.36,0.89,62.59935553168635,23.867536032944408,35.96739900779588,37.663831420118534,70.49808429118774,19.815068483285224,65.67929463149322,52.87626044072951,4.3271875,1.0328125000000004,842,4,Open ended,CRISIL Medium to Long Term Debt Index,1000.0,1000.0
Franklin India Equity Advantage Fund(IDCW),Equity - Large & Mid Cap Fund,-1.13,13.98,8.24,2.09,49.86036519871106,43.668496911461915,46.17292700212615,46.159085614243864,24.521072796934874,3.114712491260883,94.60515971416672,52.86110093489733,10.412619047619048,-2.1726190476190474,843,28,Open ended,NIFTY LargeMidcap 250 - TRI,5000.0,1000.0
LIC MF Banking & PSU Debt Fund(W-IDCW),Debt - Banking and PSU Fund,4.2,3.26,4.27,0.83,61.31041890440386,25.274536719286207,32.10489014883061,35.89688987108194,72.79693486590037,19.14071333887004,66.84731200396575,52.8595066530075,4.9189795918367345,-0.6489795918367349,844,45,Open ended,NIFTY Banking and PSU Debt Index,5000.0,1000.0
SBI Infrastructure Fund-Reg(G),Equity - Sectoral Fund - Infrastructure,11.91,19.25,11.14,2.32,77.87325456498388,52.711050102951276,56.449326718639256,59.612629303201786,15.708812260536398,13.577530027033108,76.48302815188663,52.85427475470665,9.401428571428571,1.7385714285714293,845,11,Open ended,Nifty Infrastructure - TRI,5000.0,1000.0
SBI Infrastructure Fund-Reg(IDCW),Equity - Sectoral Fund - Infrastructure,11.91,19.25,11.14,2.32,77.87325456498388,52.711050102951276,56.449326718639256,59.612629303201786,15.708812260536398,13.577530027033108,76.48302815188663,52.85427475470665,9.401428571428571,1.7385714285714293,845,11,Open ended,Nifty Infrastructure - TRI,5000.0,1000.0
LIC MF Bond Fund-Reg(IDCW),Debt - Medium to Long Duration Fund,6.09,3.35,3.77,0.71,65.37056928034372,25.428963623884698,30.333097094259386,35.86935149036385,77.39463601532567,21.783047095933576,62.27065568617736,52.850998670557686,4.3271875,-0.5571875,847,5,Open ended,CRISIL Medium to Long Term Debt Index,5000.0,1000.0
LIC MF Bond Fund-Reg(G),Debt - Medium to Long Duration Fund,6.09,3.35,3.77,0.71,65.37056928034372,25.428963623884698,30.333097094259386,35.86935149036385,77.39463601532567,21.783047095933576,62.27065568617736,52.850998670557686,4.3271875,-0.5571875,847,5,Open ended,CRISIL Medium to Long Term Debt Index,5000.0,1000.0
UTI Floater Fund-Reg(H-IDCW),Debt - Floater Fund,5.4,4.15,4.33,0.85,63.88829215896885,26.801647220315722,32.31750531537916,36.97690525557806,72.03065134099617,20.010657598947862,65.34052434575807,52.83124654947759,5.277826086956522,-0.947826086956522,849,18,Open ended,CRISIL Low Duration Debt Index,20000.0,1000.0
LIC MF Banking & PSU Debt Fund(M-IDCW),Debt - Banking and PSU Fund,4.2,3.26,4.24,0.83,61.31041890440386,25.274536719286207,31.998582565556344,35.84373607944481,72.79693486590037,19.16151240967948,66.81128695657358,52.82392349534089,4.9189795918367345,-0.6789795918367343,850,46,Open ended,NIFTY Banking and PSU Debt Index,5000.0,1000.0
Invesco India Banking & PSU Debt Fund(DD-IDCW),Debt - Banking and PSU Fund,4.74,1.44,4.15,0.7,62.470461868958104,22.151681537405633,31.67965981573352,34.97942674288007,77.77777777777779,21.0731262851415,63.500274599819726,52.809226465839416,4.9189795918367345,-0.7689795918367341,851,47,Open ended,NIFTY Banking and PSU Debt Index,1000.0,1000.0
Sundaram Short Duration Fund(M-IDCW),Debt - Short Duration Fund,5.36,3.68,5.16,0.93,63.80236305048334,25.995195607412498,35.2586817859674,38.18837218530412,68.96551724137932,19.705903626320346,65.86837371015737,52.80265883053623,5.2086538461538465,-0.04865384615384638,852,20,Open ended,Nifty Short Duration Debt Index,5000.0,1000.0
Sundaram Short Duration Fund(G),Debt - Short Duration Fund,5.36,3.68,5.15,0.93,63.80236305048334,25.995195607412498,35.223245924875975,38.170654254758404,68.96551724137932,19.71169178604929,65.85834832342452,52.79129351858016,5.2086538461538465,-0.05865384615384617,853,21,Open ended,Nifty Short Duration Debt Index,5000.0,1000.0
ICICI Pru Short Term Fund(G),Debt - Short Duration Fund,6.32,5.02,5.93,1.07,65.86466165413533,28.29444063143446,37.987243090007084,40.654886065260946,63.601532567049816,19.504795961485595,66.2167024034427,52.782001775253605,5.2086538461538465,0.7213461538461532,854,22,Open ended,Nifty Short Duration Debt Index,5000.0,1000.0
Sundaram Arbitrage Fund(G),Hybrid - Arbitrage Fund,4.23,2.8,2.25,0.55,61.37486573576799,24.48524365133837,24.94684620836286,32.093969346736536,83.52490421455938,21.166238451606915,63.33899959669882,52.76296062618282,4.482,-2.232,855,4,Open ended,Nifty 50 Arbitrage,5000.0,1000.0
Aditya Birla SL Equity Hybrid '95 Fund(G),Hybrid - Aggressive Hybrid Fund,-5.06,10.81,6.7,1.85,41.41783029001074,38.229238160603984,40.71580439404677,40.11023970320673,33.716475095785434,1.6754587311945635,97.09802035158613,52.75874371344625,9.219019607843137,-2.519019607843137,856,19,Open ended,CRISIL Hybrid 35+65 - Aggressive Index,1000.0,1000.0
Invesco India Banking & PSU Debt Fund(G),Debt - Banking and PSU Fund,4.67,1.37,4.09,0.7,62.32008592910848,22.031571722717917,31.46704464918497,34.80701102722956,77.77777777777779,21.071713593208674,63.502721454022826,52.72363032156493,4.9189795918367345,-0.8289795918367346,857,48,Open ended,NIFTY Banking and PSU Debt Index,1000.0,1000.0
Tata India Pharma & Healthcare Fund-Reg(G),Equity - Sectoral Fund - Pharma & Health Care,-3.32,17.18,12.9,2.3,45.15574650912996,49.159231297186004,62.68603827072998,55.12193782634678,16.47509578544062,9.186162842327363,84.08909923048768,52.70201766715546,12.22375,0.6762499999999996,858,5,Open ended,NIFTY PHARMA - TRI,5000.0,1000.0
Tata India Pharma & Healthcare Fund-Reg(IDCW),Equity - Sectoral Fund - Pharma & Health Care,-3.32,17.18,12.9,2.3,45.15574650912996,49.159231297186004,62.68603827072998,55.12193782634678,16.47509578544062,9.186162842327363,84.08909923048768,52.70201766715546,12.22375,0.6762499999999996,858,5,Open ended,NIFTY PHARMA - TRI,5000.0,1000.0
UTI Arbitrage Fund-Reg(IDCW),Hybrid - Arbitrage Fund,4.42,4.06,4.63,0.93,61.783029001074105,26.64722031571723,33.3805811481219,37.041062468990944,68.96551724137932,18.648334349717093,67.70013742975807,52.68694490227982,4.482,0.1479999999999997,860,5,Open ended,Nifty 50 Arbitrage,5000.0,1000.0
ICICI Pru Short Term Fund(M-IDCW),Debt - Short Duration Fund,6.32,5.02,5.81,1.07,65.86466165413533,28.29444063143446,37.56201275690999,40.4422708987124,63.601532567049816,19.572299027771777,66.09978366296835,52.646464506860745,5.2086538461538465,0.6013461538461531,861,23,Open ended,Nifty Short Duration Debt Index,5000.0,1000.0
Axis Flexi Cap Fund-Reg(G),Equity - Flexi Cap Fund,-5.61,9.6,11.89,1.82,40.23630504833512,36.153054221002066,59.107016300496106,48.446685426215694,34.86590038314177,12.245142272402022,78.79079143829028,52.63751566846586,10.461,1.4290000000000003,862,27,Open ended,NIFTY 500 - TRI,1000.0,1000.0
Franklin India Corp Debt Fund-A(A-IDCW),Debt - Corporate Bond Fund,4.64,3.37,3.68,0.77,62.25563909774435,25.463280713795474,30.01417434443657,35.097199205905795,75.09578544061303,20.057834370178696,65.2588117810492,52.63724890836845,5.055423728813559,-1.375423728813559,863,53,Open ended,NIFTY Corporate Bond Index,10000.0,1000.0
Axis Short Term Fund-Reg(G),Debt - Short Duration Fund,5.07,3.84,5.36,0.99,63.179377013963474,26.2697323266987,35.96739900779588,38.50049460470025,66.66666666666666,19.134865024373457,66.85744158181248,52.63127436446991,5.2086538461538465,0.1513461538461538,864,24,Open ended,Nifty Short Duration Debt Index,5000.0,1000.0
Aditya Birla SL Midcap Fund(G),Equity - Mid Cap Fund,-1.7,15.86,7.23,2.06,48.63587540279269,46.89430336307481,42.59390503189228,45.09241860542712,25.670498084291182,3.1099813755927634,94.61335424688039,52.61717238550645,11.362272727272726,-4.132272727272726,865,35,Open ended,Nifty Midcap 150 - TRI,1000.0,1000.0
Aditya Birla SL Short Term Fund(G),Debt - Short Duration Fund,5.2,4.34,6.08,1.1,63.458646616541344,27.127659574468087,38.518781006378454,40.08941769883792,62.45210727969348,18.58177944287005,67.81541390991016,52.61158914681987,5.2086538461538465,0.8713461538461535,866,25,Open ended,Nifty Short Duration Debt Index,1000.0,1000.0
HSBC Low Duration Fund-Reg(G),Debt - Low Duration Fund,5.25,4.25,4.53,0.91,63.56605800214823,26.973232669869596,33.02622253720765,37.31829266999435,69.73180076628353,19.614429647406663,66.02681128920636,52.59879934886965,5.122105263157894,-0.5921052631578938,867,40,Open ended,NIFTY Low Duration Debt Index,5000.0,1000.0
Aditya Birla SL Short Term Fund(IDCW),Debt - Short Duration Fund,5.15,4.31,6.07,1.1,63.35123523093448,27.07618393960193,38.48334514528703,40.03477480071099,62.45210727969348,18.549099844615718,67.87201663445761,52.59841837889327,5.2086538461538465,0.8613461538461538,868,26,Open ended,Nifty Short Duration Debt Index,1000.0,1000.0
Invesco India Banking & PSU Debt Fund(M-IDCW),Debt - Banking and PSU Fund,4.67,1.37,3.98,0.7,62.32008592910848,22.031571722717917,31.077250177179305,34.612113791226726,77.77777777777779,21.138840481769037,63.38645427248226,52.597114908178376,4.9189795918367345,-0.9389795918367345,869,49,Open ended,NIFTY Banking and PSU Debt Index,1000.0,1000.0
Tata Banking & Financial Services Fund-Reg(IDCW),Equity - Sectoral Fund - Banks & Financial Services,11.05,9.5,10.85,1.75,76.02577873254565,35.98146877144819,55.42168674698795,53.71043975143756,37.54789272030652,20.024973748406726,65.31572804752656,52.57112506767705,8.781363636363636,2.0686363636363634,870,1,Open ended,Nifty Financial Services - TRI,5000.0,1000.0
Tata Hybrid Equity Fund-Reg(G),Hybrid - Aggressive Hybrid Fund,6.62,13.6,9.15,1.96,66.50912996777659,43.01647220315717,49.39759036144578,50.90556283522536,29.501915708812266,12.147897112220708,78.9592249965145,52.568066593944366,9.219019607843137,-0.06901960784313665,871,20,Open ended,CRISIL Hybrid 35+65 - Aggressive Index,5000.0,1000.0
Tata Banking & Financial Services Fund-Reg(G),Equity - Sectoral Fund - Banks & Financial Services,11.08,9.49,10.86,1.75,76.09022556390977,35.9643102264928,55.45712260807938,53.73589948476949,37.54789272030652,20.065657866926045,65.24526108718995,52.56623819425886,8.781363636363636,2.078636363636363,872,2,Open ended,Nifty Financial Services - TRI,5000.0,1000.0
Axis Short Term Fund-Reg(M-IDCW),Debt - Short Duration Fund,5.07,3.84,5.29,0.99,63.179377013963474,26.2697323266987,35.719347980155916,38.37646909088026,66.66666666666666,19.173203094752452,66.79103809605192,52.552660736119776,5.2086538461538465,0.08134615384615351,873,27,Open ended,Nifty Short Duration Debt Index,5000.0,1000.0
Sundaram Arbitrage Fund(M-IDCW),Hybrid - Arbitrage Fund,4.23,2.78,2.07,0.55,61.37486573576799,24.450926561427593,24.30900070871722,31.764751469940485,83.52490421455938,21.359134569318744,63.00489372023914,52.51482521866987,4.482,-2.4120000000000004,874,6,Open ended,Nifty 50 Arbitrage,5000.0,1000.0
HSBC Low Duration Fund-Reg(IDCW),Debt - Low Duration Fund,5.25,4.25,4.43,0.91,63.56605800214823,26.973232669869596,32.67186392629341,37.14111336453723,69.73180076628353,19.689085350314976,65.89750381869439,52.477882828513096,5.122105263157894,-0.6921052631578943,875,41,Open ended,NIFTY Low Duration Debt Index,5000.0,1000.0
ICICI Pru Equity-Arbitrage Fund(G),Hybrid - Arbitrage Fund,4.54,4.13,4.9,0.99,62.04081632653061,26.767330130404943,34.33734939759036,37.607037003222786,66.66666666666666,18.569715937590036,67.83630851397253,52.429262296771185,4.482,0.41800000000000015,876,7,Open ended,Nifty 50 Arbitrage,5000.0,1000.0
Axis Flexi Cap Fund-Reg(IDCW),Equity - Flexi Cap Fund,-5.61,9.2,11.65,1.82,40.23630504833512,35.46671242278655,58.25655563430191,47.815552553653944,34.86590038314177,12.019812800817494,79.18107353151733,52.41951975549175,10.461,1.189,877,28,Open ended,NIFTY 500 - TRI,1000.0,1000.0
Aditya Birla SL Equity Hybrid '95 Fund(IDCW-Reinv),Hybrid - Aggressive Hybrid Fund,-5.06,10.74,6.33,1.85,41.41783029001074,38.10912834591627,39.40467753366407,39.418643328609065,33.716475095785434,1.6672702376996724,97.11220323835673,52.41649124784007,9.219019607843137,-2.889019607843137,878,21,Open ended,CRISIL Hybrid 35+65 - Aggressive Index,1000.0,1000.0
Kotak Equity Arbitrage Fund(G),Hybrid - Arbitrage Fund,4.84,4.31,5.04,1.01,62.68528464017186,27.07618393960193,34.8334514528703,38.0766378363501,65.90038314176245,18.725685852455047,67.56616069697412,52.4049548778592,4.482,0.5579999999999998,879,8,Open ended,Nifty 50 Arbitrage,5000.0,1000.0
DSP US Flexible Equity Fund-Reg(IDCW),FoFs (Overseas),5.35,14.6,12.94,2.39,63.78088077336197,44.73232669869596,62.82778171509567,57.58976502182902,13.026819923371647,10.733136403997426,81.40966242370934,52.40400309768475,6.912058823529412,6.027941176470588,880,12,Open ended,Russell 1000 Index,1000.0,1000.0
Axis Strategic Bond Fund-Reg(G),Debt - Medium Duration Fund,5.25,3.95,5.91,1.08,63.56605800214823,26.458476321207968,37.91637136782423,39.60894018070415,63.2183908045977,19.000712274131313,67.08980096120698,52.381518031803246,3.55972972972973,2.3502702702702702,881,3,Open ended,NIFTY Medium Duration Debt Index,5000.0,1000.0
Aditya Birla SL Balanced Advantage Fund(G),Hybrid - Balanced Advantage,4.47,10.51,8.53,1.79,61.89044038668099,37.71448181194235,47.200566973777455,47.292716107807635,36.01532567049808,12.180963054374349,78.90195310470425,52.3756777477044,7.937894736842105,0.5921052631578947,882,5,Open ended,CRISIL Hybrid 50+50 - Moderate Index,1000.0,1000.0
Tata Large Cap Fund-Reg(G),Equity - Large Cap Fund,2.74,13.41,10.1,2.17,58.17400644468314,42.69045984900481,52.763997165131116,50.82393782620363,21.45593869731801,7.857953186048408,86.38962583826643,52.373360046997924,10.044583333333334,0.055416666666666003,883,24,Open ended,NIFTY 100 - TRI,5000.0,1000.0
HDFC Arbitrage-WP(G),Hybrid - Arbitrage Fund,4.6,3.87,4.65,0.95,62.16970998925886,26.321207961564863,33.45145287030475,37.056030821473605,68.19923371647509,18.97671284337091,67.13136919463673,52.36066613851476,4.482,0.16800000000000015,884,9,Open ended,Nifty 50 Arbitrage,1000.0,1000.0
Tata Large Cap Fund-Reg(IDCW),Equity - Large Cap Fund,2.67,13.38,10.08,2.17,58.02363050483351,42.638984214138645,52.693125442948265,50.742984086682426,21.45593869731801,7.812248732529205,86.46878827389385,52.35267378614418,10.044583333333334,0.03541666666666643,885,25,Open ended,NIFTY 100 - TRI,5000.0,1000.0
Mirae Asset Savings Fund-Reg Savings Plan(G),Debt - Low Duration Fund,5.25,4.3,4.44,0.93,63.56605800214823,27.05902539464654,32.707299787384834,37.18456911251603,68.96551724137932,19.650824376168387,65.96377376986337,52.32460730906869,5.122105263157894,-0.6821052631578937,886,42,Open ended,NIFTY Low Duration Debt Index,5000.0,1000.0
ICICI Pru Exports & Services Fund(G),Equity - Sectoral Fund - Service Industry,7.08,18.44,10.42,2.4,67.49731471535982,51.32120796156487,53.89794472005669,55.84479769156977,12.643678160919535,8.691460045181175,84.94594960979131,52.319805788462595,10.33,0.08999999999999986,887,1,Open ended,S&P BSE 500 - TRI,5000.0,1000.0
Quant Liquid Plan(M-IDCW),Debt - Liquid Fund,4.67,3.06,1.86,0.54,62.32008592910848,24.931365820178453,23.564847625797306,31.725850744773883,83.9080459770115,21.991484182541814,61.90963206199026,52.317344882137384,4.42803738317757,-2.56803738317757,888,105,Open ended,NULL,5000.0,1000.0
HDFC TaxSaver(G),Equity - ELSS,12.58,17.1,8.73,1.92,79.312567132116,49.0219629375429,47.90928419560595,54.52374440548905,31.034482758620683,17.818178618317265,69.13800933473708,52.30499522608396,10.023387096774194,-1.2933870967741932,889,31,Open ended,NIFTY 500 - TRI,1000.0,1000.0
HSBC Midcap Fund-Reg(G),Equity - Mid Cap Fund,4.1,13.43,7.32,1.83,61.095596133190114,42.72477693891559,42.912827781715094,46.49296619917025,34.48275862068966,10.552530706830506,81.72248066733884,52.29779292159225,11.362272727272726,-4.042272727272726,890,36,Open ended,Nifty Midcap 150 - TRI,5000.0,1000.0
Mirae Asset Savings Fund-Reg Savings Plan(W-IDCW),Debt - Low Duration Fund,5.26,4.3,4.41,0.93,63.5875402792696,27.05902539464654,32.600992204110554,37.135711776303154,68.96551724137932,19.685916951835864,65.90299164583884,52.284983109956116,5.122105263157894,-0.7121052631578939,891,43,Open ended,NIFTY Low Duration Debt Index,5000.0,1000.0
Invesco India Ultra Short Term Fund(G),Debt - Ultra Short Duration Fund,5.35,4.42,4.07,0.89,63.78088077336197,27.264927934111192,31.396172927002127,36.633740998406815,70.49808429118774,19.99688017018219,65.36438755237788,52.28248846009481,4.4264935064935065,-0.3564935064935062,892,50,Open ended,NIFTY Ultra Short Duration Debt Index,1000.0,1000.0
PGIM India Corp Bond Fund(G),Debt - Corporate Bond Fund,4.09,3.28,5.06,0.99,61.074113856068735,25.308853809196986,34.90432317505315,37.25964050149942,66.66666666666666,18.51163959449844,67.93689969092497,52.28071184014762,5.055423728813559,0.00457627118644055,893,54,Open ended,CRISIL Corporate Bond Index,5000.0,1000.0
Quant Liquid Plan(W-IDCW),Debt - Liquid Fund,4.12,2.42,1.92,0.54,61.138560687432864,23.833218943033636,23.77746279234585,31.26640921656959,83.9080459770115,21.554362541184982,62.66674895390819,52.276903341014716,4.42803738317757,-2.5080373831775704,894,106,Open ended,NULL,5000.0,1000.0
Mirae Asset Savings Fund-Reg Savings Plan(DD-IDCW),Debt - Low Duration Fund,5.25,4.3,4.39,0.93,63.56605800214823,27.05902539464654,32.5301204819277,37.09597945978746,68.96551724137932,19.688938218444285,65.89775865856984,52.263808704881015,5.122105263157894,-0.7321052631578944,895,44,Open ended,NIFTY Low Duration Debt Index,5000.0,1000.0
Mirae Asset Savings Fund-Reg Savings Plan(M-IDCW),Debt - Low Duration Fund,5.25,4.3,4.38,0.93,63.56605800214823,27.05902539464654,32.49468462083628,37.07826152924175,68.96551724137932,19.696615888816005,65.88446054340226,52.25162521081627,5.122105263157894,-0.7421052631578942,896,45,Open ended,NIFTY Low Duration Debt Index,5000.0,1000.0
DSP 10Y G-Sec Fund-Reg(IDCW),Debt - Gilt Fund with 10 year constant duration,5.45,1.71,2.31,0.52,63.99570354457572,22.614962251201103,25.15946137491141,32.16336007173118,84.67432950191571,23.19157149929177,59.83101985586033,52.208017375309595,3.985555555555555,-1.675555555555555,897,9,Open ended,NULL,1000.0,1000.0
Invesco India Ultra Short Term Fund(Q-IDCW),Debt - Ultra Short Duration Fund,5.35,4.43,3.99,0.89,63.78088077336197,27.28208647906658,31.11268603827073,36.49714511752774,70.49808429118774,20.058441386650276,65.25776039767939,52.187533730980654,4.4264935064935065,-0.43649350649350627,898,51,Open ended,NIFTY Ultra Short Duration Debt Index,1000.0,1000.0
Invesco India Ultra Short Term Fund(M-IDCW),Debt - Ultra Short Duration Fund,5.35,4.42,3.99,0.89,63.78088077336197,27.264927934111192,31.11268603827073,36.49199755404112,70.49808429118774,20.064192821360294,65.24779862054524,52.18246950495381,4.4264935064935065,-0.43649350649350627,899,52,Open ended,NIFTY Ultra Short Duration Debt Index,1000.0,1000.0
HDFC Capital Builder Value Fund(IDCW),Equity - Value Fund,3.13,15.73,7.85,2.06,59.01181525241675,46.67124227865477,44.790928419560586,48.19919994386007,25.670498084291182,7.725056028301112,86.61981046766624,52.17217710991939,9.0436,-1.1936,900,17,Open ended,NIFTY 500 - TRI,1000.0,1000.0
Sundaram Ultra Short Duration Fund(W-IDCW),Debt - Ultra Short Duration Fund,4.95,4.02,9.21,1.43,62.921589688506984,26.578586135895677,49.610205527994324,45.362996542467265,49.808429118773944,18.386871889640716,68.1530036948823,52.17185647464769,4.4264935064935065,4.783506493506494,901,53,Open ended,NIFTY Ultra Short Duration Debt Index,1000.0,1000.0
PGIM India Corp Bond Fund(M-IDCW),Debt - Corporate Bond Fund,4.09,3.28,4.96,0.99,61.074113856068735,25.308853809196986,34.549964564138904,37.082461196042296,66.66666666666666,18.565570508632575,67.84348860754602,52.16876941657432,5.055423728813559,-0.0954237288135591,902,55,Open ended,CRISIL Corporate Bond Index,5000.0,1000.0
HSBC Arbitrage Fund-Reg(G),Hybrid - Arbitrage Fund,4.31,4.13,4.86,1.02,61.54672395273899,26.767330130404943,34.195605953224664,37.43734680628161,65.51724137931035,18.31606386104946,68.27564679798616,52.16689544746493,4.482,0.3780000000000001,903,10,Open ended,Nifty 50 Arbitrage,5000.0,1000.0
Baroda BNP Paribas Large Cap Fund-Reg(IDCW),Equity - Large Cap Fund,4.18,12.57,10.7,2.15,61.26745435016111,41.249142072752235,54.89014883061658,52.07330790716618,22.222222222222232,10.226435657105988,82.28729386155841,52.164032974528254,10.044583333333334,0.6554166666666656,904,26,Open ended,NIFTY 100 - TRI,5000.0,1000.0
DSP Arbitrage Fund-Reg(G),Hybrid - Arbitrage Fund,4.54,3.87,4.77,0.99,62.04081632653061,26.321207961564863,33.87668320340184,37.2428672554765,66.66666666666666,18.824602795516746,67.39483152586187,52.136808175870385,4.482,0.28799999999999937,905,11,Open ended,Nifty 50 Arbitrage,1000.0,1000.0
Axis Strategic Bond Fund-Reg(Q-IDCW),Debt - Medium Duration Fund,5.25,3.95,5.68,1.08,63.56605800214823,26.458476321207968,37.101346562721474,39.20142777815278,63.2183908045977,19.107695904868073,66.90449987719273,52.131436559524,3.55972972972973,2.12027027027027,906,4,Open ended,NIFTY Medium Duration Debt Index,5000.0,1000.0
LIC MF Large & Midcap Fund-Reg(G),Equity - Large & Mid Cap Fund,-2.26,11.76,9.54,2.09,47.4328678839957,39.85929993136582,50.77958894401134,46.83415802821455,24.521072796934874,5.594821794992834,90.30948439177871,52.124718311285676,10.412619047619048,-0.8726190476190485,907,29,Open ended,NIFTY LargeMidcap 250 - TRI,5000.0,1000.0
SBI Multi Asset Allocation Fund-Reg(G),Hybrid - Multi Asset Allocation,3.85,9.72,8.49,1.78,60.558539205155746,36.35895676046672,47.05882352941176,46.54880663387705,36.398467432950184,12.126755973853873,78.99584252229569,52.12298080574999,10.563571428571427,-2.0735714285714266,908,5,Open ended,NULL,5000.0,1000.0
ICICI Pru Exports & Services Fund(IDCW),Equity - Sectoral Fund - Service Industry,7.11,18.5,10.24,2.4,67.56176154672396,51.424159231297196,53.260099220411064,55.56964968893948,12.643678160919535,8.834878129987345,84.69754220018281,52.12012993474532,10.33,-0.08999999999999986,909,2,Open ended,S&P BSE 500 - TRI,5000.0,1000.0
LIC MF Large & Midcap Fund-Reg(IDCW),Equity - Large & Mid Cap Fund,-2.27,11.76,9.43,2.09,47.411385606874326,39.85929993136582,50.38979447200567,46.63496433678745,24.521072796934874,5.428262961705759,90.59797275348132,52.09724355599777,10.412619047619048,-0.982619047619048,910,30,Open ended,NIFTY LargeMidcap 250 - TRI,5000.0,1000.0
ICICI Pru Equity-Arbitrage Fund(IDCW),Hybrid - Arbitrage Fund,4.54,4.12,4.62,0.99,62.04081632653061,26.750171585449557,33.345145287030476,37.10578738445623,66.66666666666666,18.763283387034292,67.50103985684356,52.09482032310567,4.482,0.1379999999999999,911,12,Open ended,Nifty 50 Arbitrage,5000.0,1000.0
SBI Magnum Low Duration Fund-Reg(G),Debt - Low Duration Fund,5.46,4.3,4.54,0.96,64.0171858216971,27.05902539464654,33.06165839829907,37.451973981882915,67.81609195402298,19.833397352230957,65.64754809923394,52.09189700425569,5.122105263157894,-0.582105263157894,912,46,Open ended,CRISIL Low Duration Debt Index,5000.0,1000.0
PGIM India Corp Bond Fund(Q-IDCW),Debt - Corporate Bond Fund,4.09,3.28,4.89,0.99,61.074113856068735,25.308853809196986,34.30191353649894,36.958435682222316,66.66666666666666,18.604567805740405,67.7759433075974,52.08987033467717,5.055423728813559,-0.16542372881355938,913,56,Open ended,CRISIL Corporate Bond Index,5000.0,1000.0
Axis Strategic Bond Fund-Reg(H-IDCW),Debt - Medium Duration Fund,5.25,3.95,5.64,1.08,63.56605800214823,26.458476321207968,36.95960311835577,39.13055605596992,63.2183908045977,19.127422389947164,66.87033260278099,52.08745887982963,3.55972972972973,2.08027027027027,914,5,Open ended,NIFTY Medium Duration Debt Index,5000.0,1000.0
Bank of India Mid & Small Cap Equity & Debt Fund-Reg(G),Hybrid - Aggressive Hybrid Fund,0.09,20.6,9.59,2.55,52.48120300751879,55.027453671928626,50.95676824946847,52.48286082781658,6.896551724137945,2.0566061681886296,96.43785362553776,52.07503175132722,9.219019607843137,0.37098039215686285,915,22,Open ended,Nifty MidSmallcap 400 - TRI,5000.0,1000.0
IDFC Equity Savings Fund-Reg(G),Hybrid - Equity Savings,3.05,6.88,6.04,1.37,58.83995703544576,31.485929993136587,38.37703756201275,40.4022891860365,52.10727969348659,14.227094059888028,75.35795024421256,52.067452077443036,6.148095238095239,-0.10809523809523913,916,12,Open ended,Crisil Equity Savings Index,1000.0,1000.0
SBI Magnum Low Duration Fund-Reg(FN-IDCW),Debt - Low Duration Fund,5.46,4.3,4.51,0.96,64.0171858216971,27.05902539464654,32.9553508150248,37.398820190245786,67.81609195402298,19.85577107373881,65.60879567682794,52.05563200283562,5.122105263157894,-0.6121052631578943,917,47,Open ended,CRISIL Low Duration Debt Index,5000.0,1000.0
Navi Large & Midcap Fund-Reg(IDCW),Equity - Large & Mid Cap Fund,0.35,14.19,10.46,2.31,53.03974221267453,44.028826355525055,54.039688164422394,50.83644043140362,16.09195402298851,5.513828836780665,90.44976831045749,52.053650799063305,10.412619047619048,0.04738095238095319,918,31,Open ended,S&P BSE 250 LargeMidCap Index - TRI,1000.0,1000.0
Navi Large & Midcap Fund-Reg(G),Equity - Large & Mid Cap Fund,0.35,14.19,10.46,2.31,53.03974221267453,44.028826355525055,54.039688164422394,50.83644043140362,16.09195402298851,5.513828836780665,90.44976831045749,52.053650799063305,10.412619047619048,0.04738095238095319,918,31,Open ended,S&P BSE 250 LargeMidCap Index - TRI,1000.0,1000.0
Bank of India Mid & Small Cap Equity & Debt Fund-Reg(IDCW),Hybrid - Aggressive Hybrid Fund,0.05,20.58,9.58,2.55,52.39527389903329,54.993136582017854,50.92133238837704,52.437661948600535,6.896551724137945,2.061592567564791,96.4292169284714,52.050273137452606,9.219019607843137,0.36098039215686306,920,23,Open ended,Nifty MidSmallcap 400 - TRI,5000.0,1000.0
SBI Magnum Low Duration Fund-Reg(M-IDCW),Debt - Low Duration Fund,5.46,4.3,4.5,0.96,64.0171858216971,27.05902539464654,32.91991495393338,37.38110225970007,67.81609195402298,19.863265525423344,65.59581490573547,52.043527844789644,5.122105263157894,-0.622105263157894,921,48,Open ended,CRISIL Low Duration Debt Index,5000.0,1000.0
Kotak Equity Arbitrage Fund(M-IDCW),Hybrid - Arbitrage Fund,4.84,4.26,4.75,1.01,62.68528464017186,26.99039121482499,33.805811481218996,37.53708003309137,65.90038314176245,18.949931134409276,67.17775647527179,52.03807492080425,4.482,0.2679999999999998,922,13,Open ended,Nifty 50 Arbitrage,5000.0,1000.0
HDFC Low Duration Fund(G),Debt - Low Duration Fund,5.69,4.39,5.16,1.04,64.51127819548871,27.213452299245027,35.2586817859674,38.69563222185495,64.75095785440612,19.62807483673523,66.00317712801038,52.0363498565316,5.122105263157894,0.03789473684210609,923,49,Open ended,NIFTY Low Duration Debt Index,1000.0,1000.0
Nippon India Low Duration Fund(G),Debt - Low Duration Fund,5.3,4.34,4.99,1.03,63.6734693877551,27.127659574468087,34.65627214741318,38.20112782359804,65.13409961685824,19.29712395612085,66.57640086804415,52.02818903302462,5.122105263157894,-0.13210526315789384,924,50,Open ended,CRISIL Low Duration Debt Index,1000.0,1000.0
SBI Magnum Low Duration Fund-Reg(DD-IDCW),Debt - Low Duration Fund,5.46,4.3,4.46,0.96,64.0171858216971,27.05902539464654,32.77817150956768,37.31023053751722,67.81609195402298,19.893425503705362,65.54357629099582,51.99503233001331,5.122105263157894,-0.6621052631578941,925,51,Open ended,CRISIL Low Duration Debt Index,5000.0,1000.0
SBI Magnum Low Duration Fund-Reg(W-IDCW),Debt - Low Duration Fund,5.46,4.3,4.46,0.96,64.0171858216971,27.05902539464654,32.77817150956768,37.31023053751722,67.81609195402298,19.893425503705362,65.54357629099582,51.99503233001331,5.122105263157894,-0.6621052631578941,925,51,Open ended,CRISIL Low Duration Debt Index,5000.0,1000.0
Aditya Birla SL Midcap Fund(IDCW),Equity - Mid Cap Fund,-1.7,15.54,6.9,2.06,48.63587540279269,46.345229924502405,41.424521615875264,44.34300486584689,25.670498084291182,3.684744459839159,93.61783538265064,51.9935857996589,11.362272727272726,-4.462272727272726,927,37,Open ended,Nifty Midcap 150 - TRI,1000.0,1000.0
HDFC Arbitrage-WP(M-IDCW),Hybrid - Arbitrage Fund,4.59,3.82,4.36,0.95,62.14822771213748,26.235415236787922,32.42381289865344,36.51217656279059,68.19923371647509,19.198815942287844,66.7466753427941,51.992565546212596,4.482,-0.12199999999999989,928,14,Open ended,Nifty 50 Arbitrage,1000.0,1000.0
DSP Equity Savings Fund-Reg(G),Hybrid - Equity Savings,3.77,7.84,6.37,1.45,60.38668098818475,33.13315030885381,39.54642097802976,41.79049177930797,49.042145593869726,14.248984832004764,75.32003431468947,51.98579086679378,6.148095238095239,0.22190476190476094,929,13,Open ended,NIFTY 50 Equity Savings Index - TRI,1000.0,1000.0
Axis Long Term Equity Fund-Reg(G),Equity - ELSS,-8.64,6.75,9.21,1.6,33.72717508055854,31.262868908716545,49.610205527994324,40.92939845272383,43.29501915708811,9.957980234664744,82.75227229279402,51.97652208883245,10.023387096774194,-0.8133870967741927,930,32,Open ended,NIFTY 500 - TRI,1000.0,1000.0
HDFC Arbitrage-WP(IDCW),Hybrid - Arbitrage Fund,4.61,3.82,4.35,0.95,62.191192266380234,26.235415236787922,32.38837703756201,36.50305154309343,68.19923371647509,19.230551371392618,66.69170796718464,51.97426119246165,4.482,-0.13200000000000056,931,15,Open ended,Nifty 50 Arbitrage,1000.0,1000.0
Axis Long Term Equity Fund-Reg(IDCW),Equity - ELSS,-8.64,6.75,8.72,1.6,33.72717508055854,31.262868908716545,47.87384833451453,40.061219855983936,43.29501915708811,8.964056062473952,84.4737994578993,51.972814581738824,10.023387096774194,-1.303387096774193,932,33,Open ended,NIFTY 500 - TRI,1000.0,1000.0
HDFC Low Duration Fund(DD-IDCW),Debt - Low Duration Fund,5.64,4.37,5.1,1.04,64.40386680988183,27.179135209334255,35.046066619418845,38.557547234486066,64.75095785440612,19.61907950850791,66.01875749353087,51.97120245422728,5.122105263157894,-0.022105263157894406,933,53,Open ended,NIFTY Low Duration Debt Index,1000.0,1000.0
HDFC Low Duration Fund(M-IDCW),Debt - Low Duration Fund,5.7,4.39,5.1,1.04,64.5327604726101,27.213452299245027,35.046066619418845,38.593621094004945,64.75095785440612,19.678862280879837,65.91521069436536,51.96335268419534,5.122105263157894,-0.022105263157894406,934,54,Open ended,NIFTY Low Duration Debt Index,1000.0,1000.0
IDFC Equity Savings Fund-Reg(M-IDCW),Hybrid - Equity Savings,3.0,6.84,5.95,1.37,58.732545649838876,31.417295813315032,38.058114812189935,40.20075528005725,52.10727969348659,14.245791431555398,75.32556544651668,51.958588925029446,6.148095238095239,-0.198095238095239,935,14,Open ended,Crisil Equity Savings Index,1000.0,1000.0
Kotak Debt Hybrid Fund(G),Hybrid - Conservative Hybrid Fund,4.08,9.71,8.59,1.8,61.05263157894737,36.34179821551133,47.41318214032601,46.81965685060588,35.63218390804597,12.377637150084132,78.56130357840225,51.958200296914995,5.775925925925925,2.8140740740740746,936,5,Open ended,CRISIL Hybrid 85+15 - Conservative Index,5000.0,1000.0
Nippon India Low Duration Fund(DD-IDCW),Debt - Low Duration Fund,5.41,4.4,4.93,1.03,63.90977443609023,27.230610844200413,34.44365698086463,38.17296663091049,65.13409961685824,19.43210897053042,66.34259996482636,51.95565821087639,5.122105263157894,-0.19210526315789433,937,55,Open ended,CRISIL Low Duration Debt Index,10000.0,10000.0
Nippon India Low Duration Fund(Q-IDCW),Debt - Low Duration Fund,5.3,4.34,4.92,1.03,63.6734693877551,27.127659574468087,34.40822111977321,38.077102309778056,65.13409961685824,19.343636109026217,66.49583945604265,51.94603592311425,5.122105263157894,-0.20210526315789412,938,56,Open ended,CRISIL Low Duration Debt Index,1000.0,1000.0
Nippon India Low Duration Fund(M-IDCW),Debt - Low Duration Fund,5.3,4.34,4.92,1.03,63.6734693877551,27.127659574468087,34.40822111977321,38.077102309778056,65.13409961685824,19.343636109026217,66.49583945604265,51.94603592311425,5.122105263157894,-0.20210526315789412,938,56,Open ended,CRISIL Low Duration Debt Index,1000.0,1000.0
UTI Regular Savings Fund-Reg(MP),Hybrid - Conservative Hybrid Fund,5.13,10.43,8.33,1.79,63.30827067669173,37.577213452299254,46.49184975194897,47.18074304700261,36.01532567049808,13.066178087962564,77.36871569090567,51.93638186385224,5.775925925925925,2.554074074074075,940,6,Open ended,NIFTY 50 Hybrid Composite Debt 15:85 Index,25000.0,1000.0
Nippon India Low Duration Fund(W-IDCW),Debt - Low Duration Fund,5.31,4.34,4.91,1.03,63.69495166487648,27.127659574468087,34.37278525868178,38.06368083465661,65.13409961685824,19.3625417570364,66.46309391313899,51.93113879982761,5.122105263157894,-0.2121052631578939,941,58,Open ended,CRISIL Low Duration Debt Index,5000.0,1000.0
Sundaram Tax Savings Fund-Reg(G),Equity - ELSS,3.21,17.22,9.38,2.37,59.183673469387756,49.227865477007555,50.212615166548545,51.71140192025409,13.793103448275845,5.48585653909416,90.49821775125496,51.92853126000975,10.023387096774194,-0.6433870967741928,942,34,Open ended,NIFTY 500 - TRI,1000.0,1000.0
Sundaram Tax Savings Fund-Reg(H-IDCW),Equity - ELSS,3.2,17.21,9.38,2.37,59.16219119226638,49.21070693205217,50.212615166548545,51.7019579013432,13.793103448275845,5.479214818015232,90.50972154961336,51.9266852001439,10.023387096774194,-0.6433870967741928,943,35,Open ended,NIFTY 500 - TRI,1000.0,1000.0
HDFC Low Duration Fund(W-IDCW),Debt - Low Duration Fund,5.69,4.3,5.1,1.04,64.51127819548871,27.05902539464654,35.046066619418845,38.54299656720113,64.75095785440612,19.725882999276884,65.83376842109328,51.917679852475416,5.122105263157894,-0.022105263157894406,944,59,Open ended,NIFTY Low Duration Debt Index,1000.0,1000.0
Aditya Birla SL Balanced Advantage Fund(IDCW-Payout),Hybrid - Balanced Advantage,4.51,10.47,8.11,1.79,61.97636949516648,37.6458476321208,45.712260807937625,46.545158592638344,36.01532567049808,12.393294874253096,78.53418360461069,51.90995661509636,7.937894736842105,0.17210526315789476,945,6,Open ended,CRISIL Hybrid 50+50 - Moderate Index,1000.0,1000.0
Tata Hybrid Equity Fund-Reg(IDCW),Hybrid - Aggressive Hybrid Fund,7.0,13.33,8.8,1.96,67.32545649838883,42.55319148936171,48.15733522324592,50.30971635810924,29.501915708812266,12.990306731598562,77.50012873496729,51.90536928999951,9.219019607843137,-0.4190196078431363,946,24,Open ended,CRISIL Hybrid 35+65 - Aggressive Index,5000.0,1000.0
DSP Short Term Fund-Reg(G),Debt - Short Duration Fund,4.31,3.16,4.59,0.96,61.54672395273899,25.102951269732333,33.2388377037562,36.4596490233456,67.81609195402298,19.12972224629928,66.866349134729,51.900434783860796,5.2086538461538465,-0.6186538461538467,947,28,Open ended,NULL,1000.0,1000.0
DSP India T.I.G.E.R Fund-Reg(G),Equity - Sectoral Fund - Infrastructure,15.76,20.55,10.13,2.22,86.1439312567132,54.941660947151696,52.87030474840538,60.146436909690834,19.540229885057457,18.641380537160657,67.71218178641213,51.886321372712814,9.401428571428571,0.7285714285714295,948,13,Open ended,S&P BSE India Infrastructure Index - TRI,1000.0,1000.0
Axis Gilt Fund-Reg(G),Debt - Gilt Fund,4.07,2.53,5.08,0.99,61.03114930182599,24.021962937542902,34.975194897236,36.90041619024607,66.66666666666666,19.01125072881473,67.07154782226203,51.88476171735521,4.311111111111111,0.7688888888888892,949,3,Open ended,Nifty All Duration G-Sec Index,5000.0,1000.0
HSBC Equity Savings Fund-Reg(G),Hybrid - Equity Savings,2.21,8.96,6.4,1.58,57.03544575725027,35.054907343857245,39.65272856130404,41.749925635259245,44.06130268199233,11.593409665297603,79.91962542674446,51.870194844813824,6.148095238095239,0.2519047619047612,950,15,Open ended,NIFTY 50 Equity Savings Index,5000.0,1000.0
Bank of India Mfg & Infra Fund-Reg(G),Equity - Sectoral Fund - Infrastructure,7.36,23.07,9.78,2.54,68.09881847475832,59.26561427590941,51.63004961020552,57.214472782827244,7.279693486590033,8.241639117885587,85.72506231017502,51.85842534060488,9.401428571428571,0.3785714285714281,951,14,Open ended,NULL,5000.0,1000.0
Aditya Birla SL G-Sec Fund(G),Debt - Gilt Fund,4.2,1.92,4.97,0.94,61.31041890440386,22.975291695264243,34.585400425230326,36.44737150207521,68.5823754789272,19.657921285386536,65.95148156252083,51.85715001139961,4.311111111111111,0.6588888888888889,952,4,Open ended,Nifty All Duration G-Sec Index,1000.0,1000.0
DSP Equity Savings Fund-Reg(IDCW),Hybrid - Equity Savings,3.78,7.84,6.25,1.45,60.408163265306115,33.13315030885381,39.12119064493267,41.5821730681837,49.042145593869726,14.334795441987056,75.17140597837167,51.8444744271522,6.148095238095239,0.10190476190476083,953,16,Open ended,NIFTY 50 Equity Savings Index - TRI,1000.0,1000.0
JM Dynamic Bond Fund-Reg(IDCW),Debt - Dynamic Bond,4.82,3.93,4.47,0.98,62.64232008592911,26.42415923129719,32.813607370659106,36.86251547190453,67.04980842911877,19.331892153760226,66.51618058324516,51.82275498904325,4.625,-0.15500000000000025,954,22,Open ended,CRISIL Dynamic Debt Index,5000.0,1000.0
JM Dynamic Bond Fund-Reg(G),Debt - Dynamic Bond,4.82,3.93,4.47,0.98,62.64232008592911,26.42415923129719,32.813607370659106,36.86251547190453,67.04980842911877,19.331892153760226,66.51618058324516,51.82275498904325,4.625,-0.15500000000000025,954,22,Open ended,CRISIL Dynamic Debt Index,5000.0,1000.0
SBI Banking & Financial Services Fund-Reg(IDCW-Payout),Equity - Sectoral Fund - Banks & Financial Services,4.92,8.04,11.37,1.9,62.857142857142854,33.47632120796157,57.26435152374202,51.246500695688056,31.800766283524908,15.601187892723923,72.97794991137374,51.81792939656869,8.781363636363636,2.588636363636363,956,3,Open ended,Nifty Financial Services - TRI,5000.0,1000.0
HSBC Arbitrage Fund-Reg(Q-IDCW Payout),Hybrid - Arbitrage Fund,4.31,4.07,4.59,1.02,61.54672395273899,26.66437886067262,33.2388377037562,36.92807730062768,65.51724137931035,18.535272374973598,67.89596651441788,51.81734062374589,4.482,0.10799999999999965,957,16,Open ended,Nifty 50 Arbitrage,5000.0,1000.0
HSBC Arbitrage Fund-Reg(M-IDCW Payout),Hybrid - Arbitrage Fund,3.9,3.96,4.53,1.02,60.66595059076262,26.475634866163354,33.02622253720765,36.58899184660535,65.51724137931035,18.146819992578546,68.56878577704728,51.816002712392084,4.482,0.04800000000000004,958,17,Open ended,Nifty 50 Arbitrage,5000.0,1000.0
SBI Banking & Financial Services Fund-Reg(G),Equity - Sectoral Fund - Banks & Financial Services,4.92,8.04,11.36,1.9,62.857142857142854,33.47632120796157,57.22891566265061,51.22878276514234,31.800766283524908,15.594311812659695,72.98985963140188,51.81204786130287,8.781363636363636,2.578636363636363,959,4,Open ended,Nifty Financial Services - TRI,5000.0,1000.0
Tata Hybrid Equity Fund-Reg(M-IDCW),Hybrid - Aggressive Hybrid Fund,6.62,13.42,8.57,1.96,66.50912996777659,42.7076183939602,47.34231041814316,49.78526672081496,29.501915708812266,12.618500274106472,78.14411640992579,51.804141390092,9.219019607843137,-0.6490196078431367,960,25,Open ended,CRISIL Hybrid 35+65 - Aggressive Index,5000.0,1000.0
IDFC Money Manager Fund-Reg(G),Debt - Money Market Fund,5.29,4.37,3.99,0.93,63.651987110633726,27.179135209334255,31.11268603827073,36.44048100406239,68.96551724137932,20.01894045737617,65.32617801412833,51.793164315908115,4.472884615384616,-0.4828846153846156,961,47,Open ended,Nifty Money Market Index,1000.0,1000.0
Aditya Birla SL Arbitrage Fund(G),Hybrid - Arbitrage Fund,4.42,4.03,4.85,1.05,61.783029001074105,26.59574468085107,34.160170092133235,37.415414250536756,64.36781609195403,18.522004228926917,67.91894761749296,51.77939805263013,4.482,0.36799999999999944,962,18,Open ended,Nifty 50 Arbitrage,1000.0,1000.0
HDFC Focused 30 Fund(G),Equity - Focused Fund,16.73,20.65,10.03,2.19,88.22771213748656,55.11324639670556,52.515946137491134,60.43748941525455,20.68965517241379,19.91081800082685,65.51345160231091,51.769521401308445,9.83,0.1999999999999993,963,15,Open ended,NIFTY 500 - TRI,1000.0,1000.0
ICICI Pru Gilt Fund(IDCW),Debt - Gilt Fund,7.24,4.53,5.69,1.09,67.84103114930183,27.45367192862046,37.136782423812896,40.372699020352954,62.83524904214559,21.0857467794367,63.47841526248381,51.76476558633382,4.311111111111111,1.3788888888888895,964,5,Open ended,CRISIL Dynamic Gilt Index,5000.0,5000.0
ICICI Pru Gilt Fund(G),Debt - Gilt Fund,7.24,4.53,5.69,1.09,67.84103114930183,27.45367192862046,37.136782423812896,40.372699020352954,62.83524904214559,21.0857467794367,63.47841526248381,51.76476558633382,4.311111111111111,1.3788888888888895,964,5,Open ended,CRISIL Dynamic Gilt Index,5000.0,5000.0
Invesco India Arbitrage Fund(G),Hybrid - Arbitrage Fund,5.4,4.34,4.94,1.05,63.88829215896885,27.127659574468087,34.47909284195606,38.15550272511223,64.36781609195403,19.45202938670228,66.30809679190878,51.74672958352181,4.482,0.4580000000000002,966,19,Open ended,Nifty 50 Arbitrage,1000.0,1000.0
UTI Retirement Benefit Pension,Solution Oriented - Retirement Fund,5.35,11.88,6.75,1.69,63.78088077336197,40.06520247083048,40.892983699503894,45.22222874567349,39.84674329501916,13.459658561637863,76.68718751871378,51.74459707626998,7.109999999999999,-0.35999999999999943,967,2,Open ended,CRISIL Short Term Debt Hybrid 60+40 Fund Index,1000.0,1000.0
IDFC Money Manager Fund-Reg(W-IDCW),Debt - Money Market Fund,5.3,4.37,3.95,0.93,63.6734693877551,27.179135209334255,30.970942593905026,36.37390573730381,68.96551724137932,20.065183316175737,65.24608303320025,51.739852937296796,4.472884615384616,-0.5228846153846156,968,48,Open ended,Nifty Money Market Index,1000.0,1000.0
HDFC Multi-Asset Fund(G),Hybrid - Multi Asset Allocation,5.99,13.22,9.86,2.12,65.15574650912997,42.36444749485244,51.91353649893692,51.69725179975019,23.37164750957854,11.445410561444792,80.1759673940922,51.73552962579278,10.563571428571427,-0.7035714285714274,969,6,Open ended,NULL,1000.0,1000.0
Sundaram Aggressive Hybrid Fund(G),Hybrid - Aggressive Hybrid Fund,2.85,13.09,8.49,2.06,58.410311493018256,42.1413864104324,47.05882352941176,47.853889986439256,25.670498084291182,8.343813977530601,85.54809026201363,51.73159207979583,9.219019607843137,-0.7290196078431368,970,26,Open ended,CRISIL Hybrid 35+65 - Aggressive Index,1000.0,1000.0
Aditya Birla SL G-Sec Fund(Q-IDCW),Debt - Gilt Fund,4.2,1.92,4.84,0.94,61.31041890440386,22.975291695264243,34.124734231041806,36.21703840498095,68.5823754789272,19.718660781769618,65.84627766875919,51.715682489412075,4.311111111111111,0.528888888888889,971,7,Open ended,Nifty All Duration G-Sec Index,1000.0,1000.0
IDFC Flexi Cap Fund-Reg(G),Equity - Flexi Cap Fund,-0.03,10.61,7.6,1.9,52.22341568206229,37.88606726149622,43.90503189227498,43.76301926099881,31.800766283524908,7.1993402919233995,87.53037683341091,51.71429540973336,10.461,-2.8610000000000007,972,29,Open ended,S&P BSE 500 - TRI,1000.0,1000.0
HSBC Midcap Fund-Reg(IDCW),Equity - Mid Cap Fund,4.16,13.46,6.89,1.83,61.224489795918366,42.77625257378175,41.389085754783835,45.77231660871011,34.48275862068966,11.073278209748999,80.8205195343694,51.71197784311982,11.362272727272726,-4.472272727272727,973,38,Open ended,Nifty Midcap 150 - TRI,5000.0,1000.0
Edelweiss Arbitrage Fund-Reg(G),Hybrid - Arbitrage Fund,4.64,4.26,4.99,1.08,62.25563909774435,26.99039121482499,34.65627214741318,37.87638125770296,63.2183908045977,18.547814313171784,67.87424324023323,51.71134914005921,4.482,0.508,974,20,Open ended,Nifty 50 Arbitrage,5000.0,1000.0
Axis Arbitrage Fund-Reg(G),Hybrid - Arbitrage Fund,4.47,4.04,4.8,1.05,61.89044038668099,26.612903225806456,33.98299078667611,37.35345443841619,64.36781609195403,18.608459375458704,67.7692029111241,51.71098196997763,4.482,0.3179999999999996,975,21,Open ended,Nifty 50 Arbitrage,1000.0,1000.0
DSP Arbitrage Fund-Reg(M-IDCW),Hybrid - Arbitrage Fund,4.54,3.68,4.49,0.99,62.04081632653061,25.995195607412498,32.88447909284196,36.64896149395085,66.66666666666666,19.13478943727762,66.85757250250288,51.70554053926781,4.482,0.008000000000000007,976,22,Open ended,Nifty 50 Arbitrage,1000.0,1000.0
IDFC Money Manager Fund-Reg(M-IDCW),Debt - Money Market Fund,5.3,4.37,3.92,0.93,63.6734693877551,27.179135209334255,30.86463501063076,36.32075194566668,68.96551724137932,20.09078955266645,65.20173173060772,51.7021882158301,4.472884615384616,-0.5528846153846159,977,49,Open ended,Nifty Money Market Index,1000.0,1000.0
IDFC Money Manager Fund-Reg(DD-IDCW),Debt - Money Market Fund,5.33,4.36,3.93,0.93,63.737916219119214,27.161976664378862,30.900070871722185,36.3462116789986,68.96551724137932,20.1250125866402,65.14245569697601,51.70009907408813,4.472884615384616,-0.5428846153846156,978,50,Open ended,Nifty Money Market Index,1000.0,1000.0
HSBC Equity Savings Fund-Reg(Q-IDCW),Hybrid - Equity Savings,2.22,8.96,6.24,1.58,57.05692803437164,35.054907343857245,39.08575478384124,41.470735201952124,44.06130268199233,11.713949757666626,79.71084386241226,51.67840423707721,6.148095238095239,0.09190476190476105,979,17,Open ended,NIFTY 50 Equity Savings Index,5000.0,1000.0
UTI Gilt Fund-Reg(IDCW),Debt - Gilt Fund,6.36,3.84,4.45,0.94,65.95059076262085,26.2697323266987,32.742735648476256,37.442405674771905,68.5823754789272,21.288619571253932,63.12702927958302,51.64855402701351,4.311111111111111,0.13888888888888928,980,8,Open ended,CRISIL Dynamic Gilt Index,20000.0,1000.0
UTI Gilt Fund-Reg(G),Debt - Gilt Fund,6.36,3.84,4.45,0.94,65.95059076262085,26.2697323266987,32.742735648476256,37.442405674771905,68.5823754789272,21.288619571253932,63.12702927958302,51.64855402701351,4.311111111111111,0.13888888888888928,980,8,Open ended,CRISIL Dynamic Gilt Index,1000.0,1000.0
DSP Regular Savings Fund-Reg(G),Hybrid - Conservative Hybrid Fund,2.77,6.21,4.62,1.21,58.23845327604725,30.3363074811256,33.345145287030476,37.42115554306237,58.23754789272031,15.314805622552276,73.47397855369795,51.638459383135746,5.775925925925925,-1.1559259259259251,982,7,Open ended,CRISIL Hybrid 85+15 - Conservative Index,1000.0,1000.0
PGIM India Corp Bond Fund(A-IDCW),Debt - Corporate Bond Fund,4.09,3.28,4.46,0.99,61.074113856068735,25.308853809196986,32.77817150956768,36.19656466875668,66.66666666666666,18.866217101854943,67.32275343296237,51.5956373592856,5.055423728813559,-0.5954237288135591,983,57,Open ended,CRISIL Corporate Bond Index,5000.0,1000.0
SBI Multi Asset Allocation Fund-Reg(M-IDCW),Hybrid - Multi Asset Allocation,3.85,9.68,7.97,1.78,60.558539205155746,36.29032258064516,45.216158752657684,45.606883991553545,36.398467432950184,12.274672619211845,78.73964337725053,51.58796969832695,10.563571428571427,-2.593571428571427,984,7,Open ended,NULL,5000.0,1000.0
Franklin India Floating Rate Fund(G),Debt - Floater Fund,6.12,4.44,4.31,0.97,65.43501611170784,27.299245024021968,32.246633593196314,37.40009352614632,67.43295019157087,20.737576298038526,64.08146422596116,51.57865036745616,5.277826086956522,-0.9678260869565225,985,19,Open ended,CRISIL Low Duration Debt Index,1000.0,1000.0
SBI Multi Asset Allocation Fund-Reg(Q-IDCW),Hybrid - Multi Asset Allocation,3.85,9.72,7.93,1.78,60.558539205155746,36.35895676046672,45.07441530829199,45.55660252331716,36.398467432950184,12.256543157633459,78.77104452581817,51.57067925135067,10.563571428571427,-2.633571428571427,986,8,Open ended,NULL,5000.0,1000.0
Tata India Consumer Fund-Reg(IDCW),Equity - Sectoral Fund - Consumption,4.93,12.87,9.03,2.06,62.87862513426423,41.76389842141387,48.97236002834868,49.591074567451344,25.670498084291182,10.732954020934889,81.4099783204401,51.56565638490849,11.035555555555554,-2.0055555555555546,987,9,Open ended,Nifty India Consumption - TRI,5000.0,1000.0
IDFC Arbitrage Fund-Reg(G),Hybrid - Arbitrage Fund,4.46,3.85,4.76,1.05,61.868958109559614,26.28689087165409,33.84124734231042,37.180482554563355,64.36781609195403,18.74701923622861,67.52921019238096,51.56449784836542,4.482,0.2779999999999996,988,23,Open ended,Nifty 50 Arbitrage,1000.0,1000.0
PGIM India Arbitrage Fund-Reg(G),Hybrid - Arbitrage Fund,4.17,3.76,4.55,1.03,61.24597207303973,26.132463967055596,33.0970942593905,36.63748073441988,65.13409961685824,18.59132346367375,67.79888318096967,51.55198606666691,4.482,0.06799999999999962,989,24,Open ended,Nifty 50 Arbitrage,5000.0,1000.0
SBI Multi Asset Allocation Fund-Reg(A-IDCW),Hybrid - Multi Asset Allocation,3.85,9.72,7.89,1.78,60.558539205155746,36.35895676046672,44.93267186392629,45.48573080113431,36.398467432950184,12.269855414376961,78.74798702077503,51.529479013998454,10.563571428571427,-2.673571428571427,990,9,Open ended,NULL,5000.0,1000.0
HSBC Equity Savings Fund-Reg(M-IDCW),Hybrid - Equity Savings,2.21,8.93,6.11,1.58,57.03544575725027,35.00343170899109,38.62508858965272,41.22066295897374,44.06130268199233,11.814308363325411,79.53701765843448,51.50991156459357,6.148095238095239,-0.03809523809523885,991,18,Open ended,NIFTY 50 Equity Savings Index,5000.0,1000.0
JM Tax Gain Fund(IDCW),Equity - ELSS,1.86,14.61,11.9,2.45,56.283566058002144,44.74948524365134,59.14245216158752,54.25278486548959,10.727969348658984,7.6197741292645285,86.80216406591494,51.508925786388275,10.023387096774194,1.8766129032258068,992,36,Open ended,S&P BSE 500 - TRI,1000.0,1000.0
JM Tax Gain Fund(G),Equity - ELSS,1.86,14.61,11.9,2.45,56.283566058002144,44.74948524365134,59.14245216158752,54.25278486548959,10.727969348658984,7.6197741292645285,86.80216406591494,51.508925786388275,10.023387096774194,1.8766129032258068,992,36,Open ended,S&P BSE 500 - TRI,1000.0,1000.0
Nippon India Ultra Short Duration Fund(DD-IDCW),Debt - Ultra Short Duration Fund,5.58,4.83,5.62,1.18,64.27497314715359,27.968428277282094,36.88873139617292,39.6898888107018,59.38697318007663,18.919757069282728,67.23001948914188,51.49919257265553,4.4264935064935065,1.1935064935064936,994,54,Open ended,NIFTY Ultra Short Duration Debt Index,10000.0,10000.0
Sundaram Small Cap Fund(G),Equity - Small cap Fund,3.11,21.4,6.98,2.13,58.968850698174,56.40013726835964,41.70800850460667,49.56781557244602,22.988505747126432,9.31301606647421,83.86938300116142,51.49837997329497,12.12758620689655,-5.14758620689655,995,26,Open ended,Nifty Smallcap 100 - TRI,1000.0,1000.0
Baroda BNP Paribas Low Duration Fund(G),Debt - Low Duration Fund,5.27,3.92,4.64,1.02,63.60902255639097,26.407000686341803,33.41601700921332,37.3519132217874,65.51724137931035,19.768385219021624,65.76015241706094,51.49530505998652,5.122105263157894,-0.48210526315789437,996,60,Open ended,CRISIL Low Duration Debt Index,5000.0,1000.0
Nippon India Ultra Short Duration Fund(M-IDCW),Debt - Ultra Short Duration Fund,5.58,4.79,5.61,1.18,64.27497314715359,27.89979409746054,36.8532955350815,39.65158062620963,59.38697318007663,18.952868041324354,67.17266960327778,51.46570100894341,4.4264935064935065,1.1835064935064938,997,55,Open ended,NIFTY Ultra Short Duration Debt Index,1000.0,1000.0
Nippon India Ultra Short Duration Fund(G),Debt - Ultra Short Duration Fund,5.58,4.79,5.61,1.18,64.27497314715359,27.89979409746054,36.8532955350815,39.65158062620963,59.38697318007663,18.952868041324354,67.17266960327778,51.46570100894341,4.4264935064935065,1.1835064935064938,997,55,Open ended,NIFTY Ultra Short Duration Debt Index,1000.0,1000.0
Nippon India Ultra Short Duration Fund(W-IDCW),Debt - Ultra Short Duration Fund,5.58,4.79,5.61,1.18,64.27497314715359,27.89979409746054,36.8532955350815,39.65158062620963,59.38697318007663,18.952868041324354,67.17266960327778,51.46570100894341,4.4264935064935065,1.1835064935064938,997,55,Open ended,NIFTY Ultra Short Duration Debt Index,5000.0,1000.0
Aditya Birla SL Arbitrage Fund(IDCW),Hybrid - Arbitrage Fund,4.06,3.93,4.53,1.05,61.00966702470462,26.42415923129719,33.02622253720765,36.64229244293391,64.36781609195403,18.36127153643378,68.19734480732843,51.46243644628757,4.482,0.04800000000000004,1000,25,Open ended,Nifty 50 Arbitrage,1000.0,1000.0
Tata India Consumer Fund-Reg(G),Equity - Sectoral Fund - Consumption,4.93,12.78,8.98,2.06,62.87862513426423,41.609471516815375,48.795180722891565,49.45615684334324,25.670498084291182,10.819386295635795,81.26027322924438,51.46077125005551,11.035555555555554,-2.0555555555555536,1001,10,Open ended,Nifty India Consumption - TRI,5000.0,1000.0
Motilal Oswal Long Term Equity Fund-Reg(G),Equity - ELSS,3.43,12.0,8.63,2.02,59.656283566058,40.27110501029513,47.55492558469171,47.79005100864599,27.203065134099624,9.791850819193046,83.04001688102271,51.455796008103576,10.023387096774194,-1.3933870967741928,1002,38,Open ended,NIFTY 500 - TRI,1000.0,1000.0
Invesco India Arbitrage Fund(IDCW),Hybrid - Arbitrage Fund,5.4,4.32,4.7,1.05,63.88829215896885,27.093342484557315,33.62863217576187,37.719977265041905,64.36781609195403,19.630865812073175,65.9983430169224,51.45152840974006,4.482,0.21799999999999997,1003,26,Open ended,Nifty 50 Arbitrage,1000.0,1000.0
Quant Liquid Plan(DD-IDCW),Debt - Liquid Fund,4.92,2.31,1.53,0.54,62.857142857142854,23.64447494852437,22.395464209780297,30.86250316087603,83.9080459770115,23.008479564787745,60.14814438887737,51.445299171910236,4.42803738317757,-2.89803738317757,1004,107,Open ended,NULL,5000.0,1000.0
IDBI India Top 100 Equity Fund(G),Equity - Large Cap Fund,2.65,15.21,11.05,2.46,57.98066595059076,45.77899794097461,56.13040396881643,53.39503455681876,10.344827586206895,6.57591284374686,88.6101848484857,51.43627038708253,10.044583333333334,1.005416666666667,1005,27,Open ended,NIFTY 100 - TRI,5000.0,1000.0
Sundaram Dividend Yield Fund(G),Equity - Dividend Yield Fund,3.03,16.11,10.64,2.49,58.796992481203006,47.32326698695951,54.67753366406804,53.295145424362474,9.195402298850563,5.812365496957802,89.93268764710876,51.429595198671066,10.248999999999999,0.3910000000000018,1006,6,Open ended,NIFTY 500 - TRI,5000.0,1000.0
Baroda BNP Paribas Arbitrage Fund-Reg(G),Hybrid - Arbitrage Fund,4.08,4.01,4.87,1.1,61.05263157894737,26.56142759094029,34.231041814316086,37.2944755002296,62.45210727969348,18.110143623486707,68.63231111175149,51.41834234797605,4.482,0.3879999999999999,1007,27,Open ended,Nifty 50 Arbitrage,5000.0,1000.0
Axis Gilt Fund-Reg(H-IDCW),Debt - Gilt Fund,4.07,2.53,4.65,0.99,61.03114930182599,24.021962937542902,33.45145287030475,36.13854517678044,66.66666666666666,19.232068752447304,66.68907978610346,51.40820920158275,4.311111111111111,0.33888888888888946,1008,10,Open ended,Nifty All Duration G-Sec Index,5000.0,1000.0
Sundaram Dividend Yield Fund(H-IDCW),Equity - Dividend Yield Fund,3.09,16.14,10.6,2.49,58.92588614393125,47.374742621825675,54.53579021970234,53.265495125185126,9.195402298850563,5.830701238434192,89.9009292112772,51.40683044012451,10.248999999999999,0.35100000000000087,1009,7,Open ended,NIFTY 500 - TRI,5000.0,1000.0
Motilal Oswal Long Term Equity Fund-Reg(IDCW),Equity - ELSS,3.43,12.0,8.58,2.02,59.656283566058,40.27110501029513,47.377746279234586,47.70146135591743,27.203065134099624,9.806902124423347,83.0139472556436,51.40498377539453,10.023387096774194,-1.4433870967741935,1010,39,Open ended,NIFTY 500 - TRI,1000.0,1000.0
Edelweiss Arbitrage Fund-Reg(IDCW),Hybrid - Arbitrage Fund,4.64,4.18,4.76,1.08,62.25563909774435,26.853122855181883,33.84124734231042,37.427688347258645,63.2183908045977,18.750776423852322,67.52270255252311,51.39911751290953,4.482,0.2779999999999996,1011,28,Open ended,Nifty 50 Arbitrage,5000.0,1000.0
JM Equity Hybrid Fund(G),Hybrid - Aggressive Hybrid Fund,7.89,19.44,10.04,2.47,69.23737916219119,53.037062457103644,52.551381998582556,56.03428556886061,9.961685823754785,9.496566468965534,83.55146437829673,51.395430334943185,9.219019607843137,0.8209803921568621,1012,27,Open ended,CRISIL Hybrid 35+65 - Aggressive Index,5000.0,1000.0
JM Equity Hybrid Fund(IDCW),Hybrid - Aggressive Hybrid Fund,7.89,19.44,10.04,2.47,69.23737916219119,53.037062457103644,52.551381998582556,56.03428556886061,9.961685823754785,9.496566468965534,83.55146437829673,51.395430334943185,9.219019607843137,0.8209803921568621,1012,27,Open ended,CRISIL Hybrid 35+65 - Aggressive Index,5000.0,1000.0
JM Equity Hybrid Fund(M-IDCW),Hybrid - Aggressive Hybrid Fund,7.89,19.44,10.03,2.47,69.23737916219119,53.037062457103644,52.515946137491134,56.016567638314896,9.961685823754785,9.507261662918811,83.53293975897284,51.381940214839354,9.219019607843137,0.8109803921568624,1014,29,Open ended,CRISIL Hybrid 35+65 - Aggressive Index,5000.0,1000.0
Baroda BNP Paribas Aggressive Hybrid Fund-Reg(G),Hybrid - Aggressive Hybrid Fund,3.78,12.0,11.61,2.26,60.408163265306115,40.27110501029513,58.11481218993622,53.22037025111787,18.00766283524904,11.023901761123275,80.90604205208646,51.33861134739281,9.219019607843137,2.3909803921568624,1015,30,Open ended,CRISIL Hybrid 35+65 - Aggressive Index,5000.0,1000.0
Invesco India Ultra Short Term Fund(A-IDCW),Debt - Ultra Short Duration Fund,5.35,4.42,3.32,0.89,63.78088077336197,27.264927934111192,28.738483345145283,35.30489620747839,70.49808429118774,20.67025154993226,64.19807411028799,51.326487704108125,4.4264935064935065,-1.1064935064935066,1016,58,Open ended,NIFTY Ultra Short Duration Debt Index,1000.0,1000.0
HDFC Gilt Fund(G),Debt - Gilt Fund,4.76,2.18,4.18,0.9,62.513426423200855,23.42141386410433,31.78596739900779,35.42209314337536,70.11494252873563,20.58449230141585,64.34661348593734,51.326435575355916,4.311111111111111,-0.13111111111111118,1017,11,Open ended,CRISIL Dynamic Gilt Index,1000.0,1000.0
Sundaram Focused Fund(G),Equity - Focused Fund,-1.11,14.63,11.98,2.42,49.90332975295381,44.78380233356212,59.425939050318924,53.12877617581886,11.877394636015314,7.430587868851803,87.12984428104373,51.316197817174185,9.83,2.1500000000000004,1018,16,Open ended,NIFTY 500 - TRI,1000.0,1000.0
IDBI India Top 100 Equity Fund(IDCW),Equity - Large Cap Fund,2.66,15.22,10.83,2.46,58.002148227712134,45.79615648593,55.3508150248051,53.01468410372398,10.344827586206895,6.420115548645911,88.88003367928235,51.3135573682343,10.044583333333334,0.7854166666666664,1019,28,Open ended,NIFTY 100 - TRI,5000.0,1000.0
Axis Arbitrage Fund-Reg(IDCW),Hybrid - Arbitrage Fund,3.98,3.83,4.42,1.05,60.837808807733616,26.252573781743312,32.63642806520198,36.36154792867071,64.36781609195403,18.40384902269384,68.12359843786744,51.30362759679072,4.482,-0.06200000000000028,1020,29,Open ended,Nifty 50 Arbitrage,1000.0,1000.0
Baroda BNP Paribas Aggressive Hybrid Fund-Reg(IDCW),Hybrid - Aggressive Hybrid Fund,3.78,12.0,11.54,2.26,60.408163265306115,40.27110501029513,57.86676116229623,53.096344737297876,18.00766283524904,10.966364903910678,81.00569881208651,51.301512780482824,9.219019607843137,2.320980392156862,1021,31,Open ended,CRISIL Hybrid 35+65 - Aggressive Index,5000.0,1000.0
IDFC Large Cap Fund-Reg(G),Equity - Large Cap Fund,-1.66,11.9,9.5,2.19,48.721804511278194,40.09951956074126,50.63784549964564,47.09313952030084,20.68965517241379,5.613544994504288,90.27705485894462,51.28824726799002,10.044583333333334,-0.5445833333333336,1022,29,Open ended,S&P BSE 100 - TRI,1000.0,1000.0
Canara Rob Corp Bond Fund-Reg(IDCW),Debt - Corporate Bond Fund,4.4,3.05,4.7,1.03,61.740064446831354,24.914207275223067,33.62863217576187,36.63659115981413,65.13409961685824,19.245508489436137,66.66580147879844,51.268270853821235,5.055423728813559,-0.3554237288135589,1023,58,Open ended,CRISIL Corporate Bond Index,5000.0,1000.0
Canara Rob Corp Bond Fund-Reg(G),Debt - Corporate Bond Fund,4.41,3.05,4.7,1.03,61.76154672395273,24.914207275223067,33.62863217576187,36.6408876152384,65.13409961685824,19.257589442316196,66.64487665460635,51.265187875485346,5.055423728813559,-0.3554237288135589,1024,59,Open ended,CRISIL Corporate Bond Index,5000.0,1000.0
DSP Short Term Fund-Reg(IDCW),Debt - Short Duration Fund,4.31,3.16,4.04,0.96,61.54672395273899,25.102951269732333,31.28986534372785,35.48516284333142,67.81609195402298,19.50172627408216,66.22201925798879,51.25210922466866,5.2086538461538465,-1.1686538461538465,1025,29,Open ended,NULL,1000.0,1000.0
Baroda BNP Paribas Low Duration Fund(W-IDCW),Debt - Low Duration Fund,5.27,3.85,4.46,1.02,63.60902255639097,26.28689087165409,32.77817150956768,36.99695752755826,65.51724137931035,19.939991700451284,65.46292127231663,51.24351942668588,5.122105263157894,-0.6621052631578941,1026,61,Open ended,CRISIL Low Duration Debt Index,5000.0,1000.0
IDFC Flexi Cap Fund-Reg(IDCW),Equity - Flexi Cap Fund,-0.03,10.32,7.29,1.9,52.22341568206229,37.38846945778999,42.806520198440815,43.06448407296986,31.800766283524908,7.506761661493018,86.99790740198394,51.23191045786214,10.461,-3.1710000000000003,1027,30,Open ended,S&P BSE 500 - TRI,1000.0,1000.0
HDFC TaxSaver(IDCW),Equity - ELSS,12.58,16.52,8.13,1.92,79.312567132116,48.02676733013041,45.78313253012048,53.162109890522565,31.034482758620683,18.744146424485127,67.53418604828126,51.22322214698677,10.023387096774194,-1.8933870967741928,1028,40,Open ended,NIFTY 500 - TRI,1000.0,1000.0
Edelweiss Arbitrage Fund-Reg(M-IDCW),Hybrid - Arbitrage Fund,4.64,4.1,4.64,1.08,62.25563909774435,26.715854495538782,33.41601700921332,37.17389267281717,63.2183908045977,18.88426271392004,67.29149751601196,51.214418416560996,4.482,0.15799999999999947,1029,30,Open ended,Nifty 50 Arbitrage,5000.0,1000.0
Baroda BNP Paribas Low Duration Fund(DD-IDCW),Debt - Low Duration Fund,5.27,3.84,4.44,1.02,63.60902255639097,26.2697323266987,32.707299787384834,36.95637410298022,65.51724137931035,19.96071700349042,65.4270239944506,51.214253394930346,5.122105263157894,-0.6821052631578937,1030,62,Open ended,CRISIL Low Duration Debt Index,5000.0,1000.0
HDFC Multi-Asset Fund(IDCW),Hybrid - Multi Asset Allocation,5.99,13.26,9.32,2.12,65.15574650912997,42.433081674673986,50.0,50.76107380422819,23.37164750957854,11.570612216373734,79.95911176656355,51.21322672114962,10.563571428571427,-1.2435714285714266,1031,10,Open ended,NULL,1000.0,1000.0
PGIM India Arbitrage Fund-Reg(IDCW),Hybrid - Arbitrage Fund,4.17,3.74,4.27,1.03,61.24597207303973,26.098146877144824,32.10489014883061,36.1310835521667,65.13409961685824,18.8000586721008,67.43734319464554,51.20840247895929,4.482,-0.21200000000000063,1032,31,Open ended,Nifty 50 Arbitrage,5000.0,1000.0
Canara Rob Ultra Short Term Fund-Reg(G),Debt - Ultra Short Duration Fund,5.23,4.29,3.69,0.95,63.523093447905474,27.04186684969115,30.049610205527987,35.841983847252436,68.19923371647509,20.250104915705858,64.92578942739718,51.20224770959428,4.4264935064935065,-0.7364935064935065,1033,59,Open ended,CRISIL Ultra Short Term Debt Index,1000.0,1000.0
Franklin India Floating Rate Fund(IDCW),Debt - Floater Fund,6.15,4.35,4.02,0.97,65.49946294307196,27.144818119423476,31.218993621545,36.85283483521393,67.43295019157087,21.066672979196564,63.511452053593146,51.16251797889797,5.277826086956522,-1.2578260869565225,1034,20,Open ended,CRISIL Low Duration Debt Index,1000.0,1000.0
Canara Rob Ultra Short Term Fund-Reg(DD-IDCW),Debt - Ultra Short Duration Fund,5.24,4.3,3.63,0.95,63.54457572502685,27.05902539464654,29.836995038979442,35.745120282889054,68.19923371647509,20.310561677617986,64.82107524410428,51.127637381589366,4.4264935064935065,-0.7964935064935066,1035,60,Open ended,CRISIL Ultra Short Term Debt Index,1000.0,1000.0
Canara Rob Short Duration Fund-Reg(G),Debt - Short Duration Fund,4.34,3.07,4.55,1.03,61.61117078410311,24.94852436513384,33.0970942593905,36.35533859605603,65.13409961685824,19.250980034884428,66.6563244840861,51.1252753232641,5.2086538461538465,-0.6586538461538467,1036,30,Open ended,NULL,5000.0,1000.0
IDFC Arbitrage Fund-Reg(M-IDCW),Hybrid - Arbitrage Fund,4.46,3.73,4.44,1.05,61.868958109559614,26.080988332189435,32.707299787384834,36.551738015261165,64.36781609195403,19.03982274246306,67.02205964294859,51.12333794135624,4.482,-0.041999999999999815,1037,32,Open ended,Nifty 50 Arbitrage,1000.0,1000.0
HDFC Gilt Fund(IDCW),Debt - Gilt Fund,4.76,2.18,4.0,0.9,62.513426423200855,23.42141386410433,31.148121899362152,35.103170393552546,70.11494252873563,20.702937757943978,64.14145993730493,51.11568581328642,4.311111111111111,-0.3111111111111109,1038,12,Open ended,CRISIL Dynamic Gilt Index,1000.0,1000.0
Mahindra Manulife ELSS Kar Bachat Yojana-Reg(G),Equity - ELSS,3.76,17.02,9.89,2.49,60.36519871106337,48.8846945778998,52.0198440822112,52.74837015668821,9.195402298850563,5.934027320565045,89.72196318727953,51.103526449876625,10.023387096774194,-0.13338709677419303,1039,41,Open ended,NIFTY 500 - TRI,1000.0,1000.0
Mahindra Manulife ELSS Kar Bachat Yojana-Reg(IDCW),Equity - ELSS,3.8,17.02,9.89,2.49,60.451127819548866,48.8846945778998,52.0198440822112,52.76555597838531,9.195402298850563,5.98189052902457,89.63906167841438,51.091393983508894,10.023387096774194,-0.13338709677419303,1040,42,Open ended,NIFTY 500 - TRI,1000.0,1000.0
Canara Rob Ultra Short Term Fund-Reg(W-IDCW),Debt - Ultra Short Duration Fund,5.24,4.24,3.62,0.95,63.54457572502685,26.95607412491421,29.80155917788802,35.69651697142364,68.19923371647509,20.352749200982768,64.74800431019098,51.08506799237834,4.4264935064935065,-0.8064935064935064,1041,61,Open ended,CRISIL Ultra Short Term Debt Index,1000.0,1000.0
DSP India T.I.G.E.R Fund-Reg(IDCW),Equity - Sectoral Fund - Infrastructure,15.75,20.55,9.55,2.22,86.12244897959182,54.941660947151696,50.81502480510276,59.114500482615256,19.540229885057457,19.30407931850209,66.5643538270148,51.08339616932569,9.401428571428571,0.14857142857142946,1042,15,Open ended,S&P BSE India Infrastructure Index - TRI,1000.0,1000.0
Baroda BNP Paribas Arbitrage Fund-Reg(IDCW),Hybrid - Arbitrage Fund,4.09,3.97,4.59,1.1,61.074113856068735,26.492793411118743,33.2388377037562,36.78207964642746,62.45210727969348,18.33111851374615,68.24957137462518,51.06645948679339,4.482,0.10799999999999965,1043,33,Open ended,Nifty 50 Arbitrage,5000.0,1000.0
Canara Rob Short Duration Fund-Reg(M-IDCW),Debt - Short Duration Fund,4.33,3.07,4.49,1.03,61.58968850698173,24.94852436513384,32.88447909284196,36.244734557357475,65.13409961685824,19.276684252483584,66.61180347323554,51.05884305120218,5.2086538461538465,-0.7186538461538463,1044,31,Open ended,NULL,5000.0,1000.0
ICICI Pru Regular Savings Fund(G),Hybrid - Conservative Hybrid Fund,4.71,8.09,8.24,1.74,62.406015037593974,33.562113932738505,46.17292700212615,45.63630068840342,37.931034482758605,14.4598085763319,74.95487687807295,51.0396281844096,5.775925925925925,2.464074074074075,1045,8,Open ended,NIFTY 50 Hybrid Composite Debt 15:85 Index,5000.0,1000.0
WOC Ultra Short Term Fund-Reg(G),Debt - Ultra Short Duration Fund,5.26,4.28,3.86,0.99,63.5875402792696,27.02470830473576,30.65201984408221,36.15093046931575,66.66666666666666,20.14425715242484,65.10912313126742,51.0194126841414,4.4264935064935065,-0.5664935064935066,1046,62,Open ended,CRISIL Ultra Short Term Debt Index,1000.0,1000.0
Nippon India Arbitrage Fund(G),Hybrid - Arbitrage Fund,4.44,4.12,4.98,1.15,61.82599355531686,26.750171585449557,34.620836286321754,37.70066832985911,60.53639846743295,18.4046245625302,68.12225516346757,51.014997572654686,4.482,0.4980000000000002,1047,34,Open ended,Nifty 50 Arbitrage,5000.0,1000.0
Franklin India Debt Hybrid Fund(G),Hybrid - Conservative Hybrid Fund,3.72,5.5,6.06,1.38,60.27926960257787,29.118050789293072,38.4479092841956,40.0152237994013,51.72413793103448,15.993103257421906,72.29913258744995,51.013429529321755,5.775925925925925,0.28407407407407437,1048,9,Open ended,CRISIL Hybrid 85+15 - Conservative Index,10000.0,1000.0
Edelweiss Money Market Fund-Reg(IDCW),Debt - Money Market Fund,4.74,3.81,3.83,0.98,62.470461868958104,26.218256691832536,30.54571226080793,35.632425511745346,67.04980842911877,19.799574445969583,65.70613109133828,51.00519763598694,4.472884615384616,-0.6428846153846157,1049,51,Open ended,Nifty Money Market Index,5000.0,1000.0
Edelweiss Money Market Fund-Reg(G),Debt - Money Market Fund,4.73,3.81,3.82,0.98,62.44897959183673,26.218256691832536,30.510276399716506,35.61041112577536,67.04980842911877,19.795485498062867,65.71321335686221,50.995961009382924,4.472884615384616,-0.652884615384616,1050,52,Open ended,Nifty Money Market Index,5000.0,1000.0
Sundaram Mid Cap Fund-Reg(G),Equity - Mid Cap Fund,6.01,13.49,7.07,1.87,65.19871106337271,42.82772820864791,42.02693125442948,46.90152630248366,32.950191570881216,13.153158867501665,77.218060561462,50.99282618432763,11.362272727272726,-4.292272727272726,1051,39,Open ended,Nifty Midcap 100 - TRI,1000.0,1000.0
ICICI Pru Bond Fund(G),Debt - Medium to Long Duration Fund,5.66,3.72,5.13,1.11,64.44683136412459,26.06382978723405,35.152374202693125,38.2847023103417,62.06896551724137,20.05833854047695,65.25793853247697,50.974077167600434,4.3271875,0.8028124999999999,1052,7,Open ended,CRISIL Medium to Long Term Debt Index,5000.0,1000.0
Bank of India Mfg & Infra Fund-Reg(IDCW),Equity - Sectoral Fund - Infrastructure,7.36,23.07,9.24,2.54,68.09881847475832,59.26561427590941,49.716513111268604,56.25770453335879,7.279693486590033,9.193475765886816,84.07643287533084,50.96788385715961,9.401428571428571,-0.16142857142857103,1053,16,Open ended,NULL,5000.0,1000.0
HSBC Large Cap Fund(G),Equity - Large Cap Fund,0.44,11.93,9.62,2.22,53.23308270676691,40.15099519560742,51.06307583274272,48.223453016406964,19.540229885057457,7.010984801418061,87.85661811285073,50.960938507680524,10.044583333333334,-0.4245833333333344,1054,30,Open ended,NIFTY 100 - TRI,5000.0,1000.0
Sundaram Small Cap Fund(IDCW),Equity - Small cap Fund,3.11,21.38,6.64,2.13,58.968850698174,56.365820178448864,40.503189227498225,48.95511080691857,22.988505747126432,9.994827680040958,82.68845064527329,50.896794501559214,12.12758620689655,-5.487586206896551,1055,27,Open ended,Nifty Smallcap 100 - TRI,1000.0,1000.0
WOC Ultra Short Term Fund-Reg(M-IDCW Payout),Debt - Ultra Short Duration Fund,5.26,4.28,3.76,0.99,63.5875402792696,27.02470830473576,30.29766123316796,35.97375116385863,66.66666666666666,20.231036181132705,64.95881744451393,50.893246609724464,4.4264935064935065,-0.6664935064935067,1056,63,Open ended,CRISIL Ultra Short Term Debt Index,2000.0,2000.0
Nippon India Consumption Fund(G),Equity - Sectoral Fund - Consumption,13.35,19.93,12.91,2.73,80.96670247046187,53.87783115991765,62.721474131821395,63.717426907978364,0.0,13.813672737683111,76.07401697920378,50.877217698790126,11.035555555555554,1.8744444444444461,1057,11,Open ended,Nifty India Consumption - TRI,5000.0,1000.0
Union Balanced Advantage Fund-Reg(IDCW),Hybrid - Balanced Advantage,3.42,10.84,9.18,2.06,59.63480128893662,38.28071379547014,49.50389794472005,48.16312336878839,25.670498084291182,10.68169866092198,81.49875520814268,50.87387500750266,7.937894736842105,1.242105263157895,1058,7,Open ended,NIFTY 50 Hybrid Composite Debt 50:50 Index,1000.0,1000.0
Union Balanced Advantage Fund-Reg(G),Hybrid - Balanced Advantage,3.42,10.84,9.18,2.06,59.63480128893662,38.28071379547014,49.50389794472005,48.16312336878839,25.670498084291182,10.68169866092198,81.49875520814268,50.87387500750266,7.937894736842105,1.242105263157895,1058,7,Open ended,NIFTY 50 Hybrid Composite Debt 50:50 Index,1000.0,1000.0
IDFC Large Cap Fund-Reg(IDCW),Equity - Large Cap Fund,-1.67,11.48,9.11,2.19,48.700322234156815,39.37886067261497,49.255846917080085,46.1816461071559,20.68965517241379,5.549070651769721,90.3887276963455,50.86041877076777,10.044583333333334,-0.9345833333333342,1060,31,Open ended,S&P BSE 100 - TRI,1000.0,1000.0
HDFC Focused 30 Fund(IDCW),Equity - Focused Fund,16.74,20.21,9.5,2.19,88.24919441460794,54.358270418668496,50.63784549964564,59.276242758344964,20.68965517241379,20.724582255860895,64.1039705672085,50.83652781407805,9.83,-0.33000000000000007,1061,17,Open ended,NIFTY 500 - TRI,1000.0,1000.0
Kotak Infra & Eco Reform Fund(G),Equity - Sectoral Fund - Infrastructure,18.7,22.53,11.21,2.48,92.45972073039741,58.33905284831846,56.69737774627923,64.34234887371463,9.578544061302674,20.190180160883063,65.02958214738136,50.823205989028324,9.401428571428571,1.8085714285714296,1062,17,Open ended,Nifty Infrastructure - TRI,5000.0,1000.0
Bank of India Mfg & Infra Fund-Reg(Q-IDCW),Equity - Sectoral Fund - Infrastructure,7.33,23.06,9.15,2.54,68.0343716433942,59.24845573095402,49.39759036144578,56.080206228687935,7.279693486590033,9.323460404626502,83.85129287683021,50.82284970519903,9.401428571428571,-0.2514285714285709,1063,18,Open ended,NULL,5000.0,1000.0
Nippon India Arbitrage Fund(IDCW),Hybrid - Arbitrage Fund,4.44,4.15,4.8,1.15,61.82599355531686,26.801647220315722,33.98299078667611,37.397188270496144,60.53639846743295,18.50004204854118,67.95698722976607,50.821940559547826,4.482,0.3179999999999996,1064,35,Open ended,Nifty 50 Arbitrage,5000.0,1000.0
Baroda BNP Paribas Low Duration Fund(M-IDCW),Debt - Low Duration Fund,5.3,3.6,4.2,1.02,63.6734693877551,25.857927247769393,31.856839121190646,36.420491612477164,65.51724137931035,20.323632108645402,64.79843659348796,50.78916529943816,5.122105263157894,-0.9221052631578939,1065,63,Open ended,CRISIL Low Duration Debt Index,5000.0,1000.0
Nippon India Balanced Advantage Fund(G),Hybrid - Balanced Advantage,5.17,9.68,8.01,1.83,63.39419978517723,36.29032258064516,45.357902197023385,46.24488782974069,34.48275862068966,13.797035855007378,76.10283290527772,50.76884179636219,7.937894736842105,0.07210526315789512,1066,9,Open ended,CRISIL Hybrid 50+50 - Moderate Index,1000.0,1000.0
Nippon India Balanced Advantage Fund(B),Hybrid - Balanced Advantage,5.17,9.68,8.01,1.83,63.39419978517723,36.29032258064516,45.357902197023385,46.24488782974069,34.48275862068966,13.797035855007378,76.10283290527772,50.76884179636219,7.937894736842105,0.07210526315789512,1066,9,Open ended,CRISIL Hybrid 50+50 - Moderate Index,5000.0,NULL
ICICI Pru Bond Fund(H-IDCW Payout),Debt - Medium to Long Duration Fund,5.66,3.72,4.95,1.11,64.44683136412459,26.06382978723405,34.51452870304748,37.965779560518875,62.06896551724137,20.168506244520756,65.06712247171987,50.76691177749974,4.3271875,0.6228125000000002,1068,8,Open ended,CRISIL Medium to Long Term Debt Index,5000.0,1000.0
ICICI Pru Bond Fund(M-IDCW),Debt - Medium to Long Duration Fund,5.66,3.72,4.94,1.11,64.44683136412459,26.06382978723405,34.47909284195606,37.94806162997317,62.06896551724137,20.174806130686918,65.05621074879818,50.75532488149647,4.3271875,0.6128125000000004,1069,9,Open ended,CRISIL Medium to Long Term Debt Index,5000.0,1000.0
Invesco India Tax Plan(IDCW),Equity - ELSS,-5.78,11.11,9.14,2.09,39.87110633727175,38.74399450926562,49.36215450035436,44.27849687041122,24.521072796934874,5.832319405735919,89.89812646329547,50.74404825026319,10.023387096774194,-0.883387096774193,1070,43,Open ended,S&P BSE 500 - TRI,1000.0,1000.0
WOC Ultra Short Term Fund-Reg(DD-IDCW),Debt - Ultra Short Duration Fund,5.38,4.36,3.64,0.99,63.8453276047261,27.161976664378862,29.872430900070867,35.853873970294316,66.66666666666666,20.44167519587387,64.59397996892596,50.74209864404531,4.4264935064935065,-0.7864935064935064,1071,64,Open ended,CRISIL Ultra Short Term Debt Index,2000.0,2000.0
HSBC Large Cap Fund(IDCW),Equity - Large Cap Fund,0.44,11.93,9.25,2.22,53.23308270676691,40.15099519560742,49.751948972360026,47.56788958621562,19.540229885057457,6.77541658190108,88.26463423770267,50.73516082379784,10.044583333333334,-0.7945833333333336,1072,32,Open ended,NIFTY 100 - TRI,5000.0,1000.0
Franklin India Equity Hybrid Fund(G),Hybrid - Aggressive Hybrid Fund,3.71,12.81,9.53,2.23,60.25778732545649,41.66094715168154,50.74415308291991,49.92191815205572,19.15708812260537,9.299250247008972,83.89322609988302,50.72353763164996,9.219019607843137,0.31098039215686235,1073,32,Open ended,CRISIL Hybrid 35+65 - Aggressive Index,5000.0,1000.0
IDBI Midcap Fund(IDCW),Equity - Mid Cap Fund,-1.99,16.81,8.66,2.53,48.01288936627282,48.52436513383665,47.661233167965975,47.99050399738855,7.662835249042144,0.43402502483927835,99.24824660522202,50.72302246226032,11.362272727272726,-2.7022727272727263,1074,40,Open ended,Nifty Midcap 150 - TRI,5000.0,1000.0
Templeton India Value Fund(G),Equity - Value Fund,10.5,23.07,10.48,2.68,74.84425349087003,59.26561427590941,54.110559886605245,59.80381492424945,1.9157088122605304,10.79471040233845,81.30301313015752,50.70658794772924,9.0436,1.4364000000000008,1075,18,Open ended,NIFTY500 Value 50 - TRI,5000.0,1000.0
Invesco India Tax Plan(G),Equity - ELSS,-5.79,11.04,9.6,2.09,39.849624060150376,38.6238846945779,50.99220411055988,45.05319227568339,24.521072796934874,6.814627066683531,88.19671968587006,50.70604425854293,10.023387096774194,-0.42338709677419395,1076,44,Open ended,S&P BSE 500 - TRI,1000.0,1000.0
Kotak Debt Hybrid Fund(M-IDCW),Hybrid - Conservative Hybrid Fund,4.08,9.65,7.38,1.8,61.05263157894737,36.238846945779,43.12544294826364,44.644901873654995,35.63218390804597,12.809717694799886,77.81291812199252,50.683726444337125,5.775925925925925,1.6040740740740747,1077,10,Open ended,CRISIL Hybrid 85+15 - Conservative Index,5000.0,1000.0
Nippon India Arbitrage Fund(M-IDCW),Hybrid - Arbitrage Fund,4.44,4.08,4.71,1.15,61.82599355531686,26.68153740562801,33.66406803685329,37.20169395117841,60.53639846743295,18.60547670705632,67.77436904433917,50.67853885353223,4.482,0.22799999999999976,1078,36,Open ended,Nifty 50 Arbitrage,5000.0,1000.0
HSBC Aggressive Hybrid Fund-Reg(G),Hybrid - Aggressive Hybrid Fund,-0.77,9.55,6.89,1.89,50.63372717508056,36.06726149622512,41.389085754783835,41.64146676127557,32.18390804597702,7.370743187337841,87.23349830998869,50.67508496962921,9.219019607843137,-2.3290196078431373,1079,33,Open ended,NIFTY 50 Hybrid Composite Debt 65:35 Index,5000.0,1000.0
Nippon India Short Term Fund(G),Debt - Short Duration Fund,4.73,3.2,5.27,1.16,62.44897959183673,25.17158544955388,35.64847625797306,37.865509682220036,60.15325670498084,19.22514123918244,66.70107859104832,50.646338665117305,5.2086538461538465,0.06134615384615305,1080,32,Open ended,NULL,1000.0,1000.0
DSP G-Sec Fund-Reg(IDCW),Debt - Gilt Fund,4.84,3.14,5.5,1.18,62.68528464017186,25.068634179821554,36.46350106307583,38.28939771351875,59.38697318007663,19.289190915757803,66.59014129701146,50.6389774760314,4.311111111111111,1.188888888888889,1081,13,Open ended,CRISIL Dynamic Gilt Index,1000.0,1000.0
Canara Rob Short Duration Fund-Reg(Q-IDCW),Debt - Short Duration Fund,4.34,3.07,4.13,1.03,61.61117078410311,24.94852436513384,31.60878809355067,35.61118551313611,65.13409961685824,19.530539002993855,66.17211414760904,50.632146197684875,5.2086538461538465,-1.0786538461538466,1082,33,Open ended,NULL,5000.0,1000.0
UTI Core Equity Fund-Reg(G),Equity - Large & Mid Cap Fund,5.56,18.39,9.56,2.51,64.23200859291084,51.23541523678793,50.85046066619419,53.64225662271564,8.429118773946364,7.617145723091362,86.80671659894979,50.63008715458186,10.412619047619048,-0.8526190476190472,1083,33,Open ended,NIFTY LargeMidcap 250 - TRI,5000.0,1000.0
UTI Core Equity Fund-Reg(IDCW),Equity - Large & Mid Cap Fund,5.56,18.39,9.56,2.51,64.23200859291084,51.23541523678793,50.85046066619419,53.64225662271564,8.429118773946364,7.617145723091362,86.80671659894979,50.63008715458186,10.412619047619048,-0.8526190476190472,1083,33,Open ended,NIFTY LargeMidcap 250 - TRI,5000.0,1000.0
IDBI Flexi Cap Fund(G),Equity - Flexi Cap Fund,0.32,14.97,10.12,2.5,52.97529538131042,45.3671928620453,52.83486888731396,50.62265137853265,8.812260536398453,4.352568758067598,92.46112976758995,50.62967326526343,10.461,-0.3410000000000011,1085,31,Open ended,NIFTY 500 - TRI,5000.0,1000.0
ICICI Pru Bond Fund(Q-IDCW),Debt - Medium to Long Duration Fund,5.66,3.72,4.83,1.11,64.44683136412459,26.06382978723405,34.08929836995039,37.75316439397033,62.06896551724137,20.245340062658553,64.9340423949657,50.62733417503693,4.3271875,0.5028125000000001,1086,10,Open ended,CRISIL Medium to Long Term Debt Index,5000.0,1000.0
ICICI Pru Regular Savings Fund(M-IDCW),Hybrid - Conservative Hybrid Fund,4.71,8.61,7.52,1.74,62.406015037593974,34.45435827041867,43.62154500354358,44.62828299041618,37.931034482758605,14.248910736673261,75.32016265156824,50.6269407787898,5.775925925925925,1.7440740740740743,1087,11,Open ended,NIFTY 50 Hybrid Composite Debt 15:85 Index,5000.0,1000.0
DSP Ultra Short Fund-Reg(G),Debt - Ultra Short Duration Fund,5.33,4.41,3.89,1.04,63.737916219119214,27.247769389155806,30.75832742735648,36.301077774248824,64.75095785440612,20.13085571241995,65.13233510625048,50.62136212728856,4.4264935064935065,-0.5364935064935064,1088,65,Open ended,CRISIL Ultra Short Term Debt Index,1000.0,1000.0
Axis Gilt Fund-Reg(IDCW),Debt - Gilt Fund,4.07,2.53,3.96,0.99,61.03114930182599,24.021962937542902,31.00637845499645,34.9160079691263,66.66666666666666,19.66362462293981,65.94160309210584,50.610071424256276,4.311111111111111,-0.35111111111111093,1089,14,Open ended,Nifty All Duration G-Sec Index,5000.0,1000.0
Franklin India Opportunities Fund(G),Equity - Thematic Fund - Other,2.16,16.89,9.5,2.54,56.928034371643385,48.66163349347976,50.63784549964564,51.30301967219543,7.279693486590033,4.316736294494231,92.52319341505938,50.60223156151007,8.65263157894737,0.8473684210526304,1090,7,Open ended,NIFTY 500 - TRI,5000.0,1000.0
HSBC ELSS Fund-Reg(G),Equity - ELSS,1.52,11.87,7.07,1.98,55.55316863587541,40.048043925875085,42.02693125442948,44.13851253215235,28.735632183908045,8.438838634857692,85.38350272755129,50.599039993941005,10.023387096774194,-2.9533870967741933,1091,45,Open ended,NIFTY 500 - TRI,1000.0,1000.0
SBI Magnum Medium Duration Fund-Reg(IDCW),Debt - Medium Duration Fund,5.75,3.57,5.84,1.22,64.64017185821696,25.80645161290323,37.668320340184266,39.50413002560649,57.8544061302682,19.900764357620954,65.5308650231447,50.598382801156475,3.55972972972973,2.28027027027027,1092,6,Open ended,NIFTY Medium Duration Debt Index,5000.0,1000.0
SBI Magnum Medium Duration Fund-Reg(G),Debt - Medium Duration Fund,5.75,3.57,5.84,1.22,64.64017185821696,25.80645161290323,37.668320340184266,39.50413002560649,57.8544061302682,19.900764357620954,65.5308650231447,50.598382801156475,3.55972972972973,2.28027027027027,1092,6,Open ended,NIFTY Medium Duration Debt Index,5000.0,1000.0
Axis Triple Advantage Fund-Reg(G),Hybrid - Multi Asset Allocation,-3.5,9.34,9.51,2.07,44.76906552094522,35.706932052161974,50.67328136073706,45.00253340020616,25.287356321839095,7.538497190147562,86.9429398539492,50.55884074405016,10.563571428571427,-1.053571428571427,1094,11,Open ended,NULL,1000.0,1000.0
Franklin India Equity Hybrid Fund(IDCW),Hybrid - Aggressive Hybrid Fund,3.71,12.81,9.34,2.23,60.25778732545649,41.66094715168154,50.07087172218285,49.58527747168719,19.15708812260537,9.312559129464821,83.87017443927753,50.54945437631432,9.219019607843137,0.12098039215686285,1095,34,Open ended,CRISIL Hybrid 35+65 - Aggressive Index,5000.0,1000.0
Canara Rob Infrastructure Fund-Reg(G),Equity - Sectoral Fund - Infrastructure,9.44,20.46,10.01,2.55,72.5671321160043,54.78723404255319,52.44507441530829,57.17213384362096,6.896551724137945,11.003845489433427,80.94078053366368,50.54539998626089,9.401428571428571,0.6085714285714285,1096,19,Open ended,S&P BSE India Infrastructure Index - TRI,5000.0,1000.0
Nippon India Short Term Fund(M-IDCW),Debt - Short Duration Fund,4.74,3.2,5.18,1.16,62.470461868958104,25.17158544955388,35.32955350815025,37.71034476273291,60.15325670498084,19.28306426150169,66.60075297346344,50.54367480097753,5.2086538461538465,-0.028653846153846807,1097,34,Open ended,NULL,1000.0,1000.0
IDBI Flexi Cap Fund(IDCW),Equity - Flexi Cap Fund,0.28,14.97,9.89,2.5,52.88936627282491,45.3671928620453,52.0198440822112,50.19795315428418,8.812260536398453,4.114950990372065,92.87269581401972,50.52021566474663,10.461,-0.5709999999999997,1098,32,Open ended,NIFTY 500 - TRI,5000.0,1000.0
Axis Triple Advantage Fund-Reg(IDCW),Hybrid - Multi Asset Allocation,-3.5,9.29,9.41,2.07,44.76906552094522,35.621139327385045,50.31892274982282,44.79961627731596,25.287356321839095,7.421930414169392,87.1448394324179,50.507857077222226,10.563571428571427,-1.1535714285714267,1099,12,Open ended,NULL,1000.0,1000.0
Nippon India Vision Fund(G),Equity - Large & Mid Cap Fund,4.36,14.74,7.38,2.08,61.65413533834586,44.97254632807138,43.12544294826364,47.38531244022241,24.90421455938696,10.206204358866703,82.32233549801194,50.49929373446093,10.412619047619048,-3.0326190476190478,1100,35,Open ended,NIFTY LargeMidcap 250 - TRI,5000.0,1000.0
HSBC Aggressive Hybrid Fund-Reg(A-IDCW Payout),Hybrid - Aggressive Hybrid Fund,-0.77,9.53,6.73,1.89,50.63372717508056,36.03294440631435,40.82211197732105,41.347684745570945,32.18390804597702,7.442969571714279,87.1083985426017,50.496919019930154,9.219019607843137,-2.4890196078431366,1101,35,Open ended,NIFTY 50 Hybrid Composite Debt 65:35 Index,5000.0,1000.0
Sundaram Mid Cap Fund-Reg(IDCW),Equity - Mid Cap Fund,5.97,13.42,6.72,1.87,65.11278195488721,42.7076183939602,40.78667611622962,46.22817996728031,32.950191570881216,13.524304040626483,76.57521826462587,50.49544244251693,11.362272727272726,-4.642272727272727,1102,41,Open ended,Nifty Midcap 100 - TRI,1000.0,1000.0
DSP Ultra Short Fund-Reg(W-IDCW),Debt - Ultra Short Duration Fund,5.33,4.41,3.79,1.04,63.737916219119214,27.247769389155806,30.40396881644224,36.12389846879171,64.75095785440612,20.218162049427765,64.98111609473021,50.49496772167994,4.4264935064935065,-0.6364935064935064,1103,66,Open ended,CRISIL Ultra Short Term Debt Index,1000.0,1000.0
Taurus Ethical Fund-Reg(IDCW),Index Funds - Other,-0.63,13.23,10.57,2.41,50.9344790547798,42.38160603980783,54.42948263642806,50.11611894111234,12.260536398467426,6.198360231186948,89.26412515596984,50.439224859165485,9.1675,1.4024999999999999,1104,3,Open ended,S&P BSE 500 Shariah - TRI,5000.0,1000.0
JM Value Fund(IDCW),Equity - Value Fund,7.02,16.45,10.84,2.53,67.36842105263158,47.906657515442696,55.38625088589653,55.53880690810739,7.662835249042144,9.817305798685188,82.99592756323669,50.434094157123404,9.0436,1.7964000000000002,1105,19,Open ended,S&P BSE 500 - TRI,5000.0,1000.0
JM Value Fund(G),Equity - Value Fund,7.02,16.45,10.84,2.53,67.36842105263158,47.906657515442696,55.38625088589653,55.53880690810739,7.662835249042144,9.817305798685188,82.99592756323669,50.434094157123404,9.0436,1.7964000000000002,1105,19,Open ended,S&P BSE 500 - TRI,5000.0,1000.0
Tata Retirement Sav Fund - Prog Plan(G),Solution Oriented - Retirement Fund,-0.31,9.16,7.63,1.95,51.6219119226638,35.398078242965006,44.011339475549256,42.94947559519689,29.885057471264375,8.117079332083746,85.94080618776371,50.43120371235547,7.109999999999999,0.5200000000000005,1107,3,Open ended,NIFTY 500 - TRI,5000.0,1000.0
DSP G-Sec Fund-Reg(G),Debt - Gilt Fund,4.85,3.14,5.31,1.18,62.70676691729323,25.068634179821554,35.79021970233877,37.9570534885745,59.38697318007663,19.391071596893337,66.41367878097498,50.428689734550154,4.311111111111111,0.9988888888888887,1108,15,Open ended,CRISIL Dynamic Gilt Index,1000.0,1000.0
Taurus Ethical Fund-Reg(G),Index Funds - Other,-0.63,13.21,10.56,2.41,50.9344790547798,42.347288949897056,54.39404677533663,50.08810588359339,12.260536398467426,6.202591082433543,89.25679710665146,50.42338631807642,9.1675,1.3925,1109,4,Open ended,S&P BSE 500 Shariah - TRI,5000.0,1000.0
Nippon India Short Term Fund(Q-IDCW),Debt - Short Duration Fund,4.73,3.2,5.06,1.16,62.44897959183673,25.17158544955388,34.90432317505315,37.49343314076009,60.15325670498084,19.334935543341906,66.51090927786245,50.412758066090866,5.2086538461538465,-0.1486538461538469,1110,35,Open ended,NULL,1000.0,1000.0
Nippon India Consumption Fund(IDCW),Equity - Sectoral Fund - Consumption,13.35,19.93,12.48,2.73,80.96670247046187,53.87783115991765,61.19773210489014,62.95555589451274,0.0,14.013089642891558,75.7286167674946,50.40993213913002,11.035555555555554,1.4444444444444464,1111,12,Open ended,Nifty India Consumption - TRI,5000.0,1000.0
ICICI Pru All Seasons Bond Fund(G),Debt - Dynamic Bond,6.66,4.96,6.14,1.33,66.59505907626209,28.191489361702132,38.731396172927,41.14215671022656,53.639846743295,19.842326446265748,65.63208245470011,50.38906065461206,4.625,1.5149999999999997,1112,24,Open ended,NIFTY Composite Bond Index,5000.0,1000.0
ICICI Pru All Seasons Bond Fund(Q-IDCW),Debt - Dynamic Bond,6.66,4.96,6.14,1.33,66.59505907626209,28.191489361702132,38.731396172927,41.14215671022656,53.639846743295,19.842326446265748,65.63208245470011,50.38906065461206,4.625,1.5149999999999997,1112,24,Open ended,NIFTY Composite Bond Index,5000.0,1000.0
ICICI Pru All Seasons Bond Fund(IDCW),Debt - Dynamic Bond,6.66,4.96,6.14,1.33,66.59505907626209,28.191489361702132,38.731396172927,41.14215671022656,53.639846743295,19.842326446265748,65.63208245470011,50.38906065461206,4.625,1.5149999999999997,1112,24,Open ended,NIFTY Composite Bond Index,5000.0,1000.0
Edelweiss Large Cap Fund-Reg(G),Equity - Large Cap Fund,5.09,13.66,11.46,2.45,63.22234156820623,43.11942347288951,57.58327427356485,54.371932492290526,10.727969348658984,10.369260467721436,82.03991403299105,50.37793709155777,10.044583333333334,1.4154166666666672,1115,33,Open ended,NIFTY 100 - TRI,5000.0,1000.0
UTI CCF - Savings Plan,Solution Oriented - Children's Fund,1.97,9.04,6.31,1.74,56.51987110633727,35.19217570350035,39.33380581148121,41.52852983805816,37.931034482758605,11.309174236481493,80.41193563076509,50.35000744741001,8.626999999999999,-2.3169999999999993,1116,3,Open ended,CRISIL Short Term Debt Hybrid 60+40 Fund Index,1000.0,1000.0
Taurus Discovery (Midcap) Fund-Reg(G),Equity - Mid Cap Fund,7.26,16.97,10.8,2.56,67.88399570354457,48.79890185312286,55.24450744153082,55.83872341741118,6.513409961685812,9.708615608539871,83.1841844948527,50.34376032284022,11.362272727272726,-0.5622727272727257,1117,42,Open ended,Nifty Midcap 150 - TRI,5000.0,1000.0
Taurus Discovery (Midcap) Fund-Reg(IDCW),Equity - Mid Cap Fund,7.25,16.96,10.79,2.56,67.86251342642319,48.78174330816748,55.20907158043939,55.811561467954576,6.513409961685812,9.7082089626508,83.18488882619327,50.33035543094706,11.362272727272726,-0.5722727272727273,1118,43,Open ended,Nifty Midcap 150 - TRI,5000.0,1000.0
Nippon India Balanced Advantage Fund(IDCW),Hybrid - Balanced Advantage,5.18,9.61,7.63,1.83,63.41568206229859,36.17021276595745,44.011339475549256,45.53986998002158,34.48275862068966,14.025734540941018,75.70671516161642,50.317303435587306,7.937894736842105,-0.3078947368421048,1119,11,Open ended,CRISIL Hybrid 50+50 - Moderate Index,1000.0,1000.0
Kotak Low Duration Fund(G),Debt - Low Duration Fund,5.55,4.14,4.91,1.18,64.21052631578948,26.78448867536033,34.37278525868178,38.06384449510689,59.38697318007663,19.784595564437996,65.73207527519153,50.31168436137049,5.122105263157894,-0.2121052631578939,1120,64,Open ended,NIFTY Low Duration Debt Index,5000.0,1000.0
Invesco India Largecap Fund(G),Equity - Large Cap Fund,-2.83,11.97,9.78,2.29,46.20837808807733,40.219629375428966,51.63004961020552,47.122589235346915,16.858237547892706,5.707558193181234,90.11421922225408,50.30440881021015,10.044583333333334,-0.2645833333333343,1121,34,Open ended,NIFTY 100 - TRI,1000.0,1000.0
Aditya Birla SL Global Excellence Equity FoF(G),FoFs (Overseas),-0.12,0.37,6.13,1.24,52.03007518796993,20.31571722717914,38.69596031183558,35.84871036166552,57.08812260536398,15.923946622650755,72.41891539255406,50.30111468031227,6.912058823529412,-0.7820588235294119,1122,13,Open ended,MSCI World,1000.0,1000.0
Canara Rob Conservative Hybrid Fund-Reg(G),Hybrid - Conservative Hybrid Fund,2.86,7.66,8.14,1.83,58.43179377013963,32.82429649965684,45.818568391211905,44.44293189953093,34.48275862068966,12.804221132820926,77.82243844660704,50.29776521658964,5.775925925925925,2.3640740740740753,1123,12,Open ended,CRISIL Hybrid 85+15 - Conservative Index,5000.0,1000.0
Kotak Low Duration Fund(IDCW),Debt - Low Duration Fund,5.56,4.14,4.89,1.18,64.23200859291084,26.78448867536033,34.30191353649894,38.03270508943974,59.38697318007663,19.810094289713597,65.68791018748595,50.28507338661051,5.122105263157894,-0.23210526315789437,1124,65,Open ended,NIFTY Low Duration Debt Index,5000.0,1000.0
Aditya Birla SL Low Duration Fund(G),Debt - Low Duration Fund,5.44,4.51,5.01,1.22,63.97422126745435,27.41935483870968,34.72714386959603,38.38422263990179,57.8544061302682,19.343619001536492,66.49586908708403,50.27968012428896,5.122105263157894,-0.11210526315789426,1125,66,Open ended,CRISIL Low Duration Debt Index,1000.0,1000.0
Tata Young Citizen Fund,Solution Oriented - Children's Fund,4.56,16.67,9.78,2.52,62.083780880773354,48.28414550446123,51.63004961020552,52.717024632595795,8.045977011494255,7.198443214580606,87.53193061694695,50.2529892234082,8.626999999999999,1.1530000000000005,1126,4,Open ended,NIFTY 500 - TRI,1000.0,1000.0
JM Flexicap Fund-Reg(G),Equity - Flexi Cap Fund,6.73,15.2,12.29,2.6,66.74543501611171,45.76183939601922,60.52445074415307,57.33986419410465,4.980842911877392,10.777651446980244,81.33256010756199,50.248282851912165,10.461,1.8289999999999988,1127,33,Open ended,S&P BSE 500 - TRI,5000.0,1000.0
Baroda BNP Paribas Medium Duration Fund-Reg(H-IDCW),Debt - Medium Duration Fund,5.54,2.86,3.73,0.97,64.1890440386681,24.5881949210707,30.191353649893692,35.30994410900168,67.43295019157087,21.42998518566164,62.88217685298568,50.23375381563998,3.55972972972973,0.17027027027027009,1128,8,Open ended,CRISIL Medium Term Debt Index,5000.0,1000.0
Baroda BNP Paribas Medium Duration Fund-Reg(A-IDCW),Debt - Medium Duration Fund,5.54,2.86,3.73,0.97,64.1890440386681,24.5881949210707,30.191353649893692,35.30994410900168,67.43295019157087,21.42998518566164,62.88217685298568,50.23375381563998,3.55972972972973,0.17027027027027009,1128,8,Open ended,CRISIL Medium Term Debt Index,5000.0,1000.0
Baroda BNP Paribas Medium Duration Fund-Reg(G),Debt - Medium Duration Fund,5.54,2.86,3.73,0.97,64.1890440386681,24.5881949210707,30.191353649893692,35.30994410900168,67.43295019157087,21.42998518566164,62.88217685298568,50.23375381563998,3.55972972972973,0.17027027027027009,1128,8,Open ended,CRISIL Medium Term Debt Index,5000.0,1000.0
Baroda BNP Paribas Medium Duration Fund-Reg(Q-IDCW),Debt - Medium Duration Fund,5.53,2.85,3.73,0.97,64.16756176154672,24.57103637611531,30.191353649893692,35.30050009009078,67.43295019157087,21.42372324668537,62.893022849446474,50.23174330529973,3.55972972972973,0.17027027027027009,1131,11,Open ended,CRISIL Medium Term Debt Index,5000.0,1000.0
HSBC ELSS Fund-Reg(IDCW),Equity - ELSS,1.54,11.86,6.78,1.98,55.596133190118145,40.0308853809197,40.999291282778174,43.628137893688624,28.735632183908045,8.720498294443843,84.89565388670553,50.221890464497704,10.023387096774194,-3.2433870967741933,1132,46,Open ended,NIFTY 500 - TRI,1000.0,1000.0
Tata ST Bond Fund(G),Debt - Short Duration Fund,4.22,3.09,4.62,1.14,61.35338345864662,24.982841455044618,33.345145287030476,36.43810177175795,60.91954022988506,19.04908508954432,67.0060167872065,50.20044014015186,5.2086538461538465,-0.5886538461538464,1133,36,Open ended,NULL,5000.0,1000.0
DSP Regular Savings Fund-Reg(Q-IDCW),Hybrid - Conservative Hybrid Fund,2.77,6.01,3.58,1.21,58.23845327604725,29.993136582017847,29.659815733522322,35.47553949657597,58.23754789272031,16.40450924655105,71.58655651174013,50.193795849403095,5.775925925925925,-2.195925925925925,1134,13,Open ended,CRISIL Hybrid 85+15 - Conservative Index,1000.0,1000.0
Kotak Bond Short Term Fund(G),Debt - Short Duration Fund,4.63,2.99,4.92,1.16,62.234156820622985,24.81125600549074,34.40822111977321,37.094318725658425,60.15325670498084,19.43732638701375,66.33356313439299,50.16886432267267,5.2086538461538465,-0.2886538461538466,1135,37,Open ended,Nifty Short Duration Debt Index,5000.0,1000.0
ICICI Pru Regular Savings Fund(Q-IDCW),Hybrid - Conservative Hybrid Fund,4.71,8.09,7.37,1.74,62.406015037593974,33.562113932738505,43.09000708717222,44.09484073092645,37.931034482758605,14.696142022368454,74.5455353420098,50.166562821655326,5.775925925925925,1.5940740740740749,1136,14,Open ended,NIFTY 50 Hybrid Composite Debt 15:85 Index,5000.0,1000.0
Tata ST Bond Fund(P-IDCW),Debt - Short Duration Fund,4.18,3.03,4.59,1.14,61.26745435016111,24.879890185312288,33.2388377037562,36.336876777504,60.91954022988506,19.05925051245115,66.98840975825144,50.145425885786125,5.2086538461538465,-0.6186538461538467,1137,38,Open ended,NULL,5000.0,1000.0
HDFC Hybrid Debt Fund(G),Hybrid - Conservative Hybrid Fund,5.52,9.38,7.68,1.83,64.14607948442534,35.77556623198353,44.18851878100637,45.656145156983314,34.48275862068966,14.571479117496041,74.76145782706794,50.139126690431056,5.775925925925925,1.9040740740740745,1138,15,Open ended,NIFTY 50 Hybrid Composite Debt 15:85 Index,1000.0,1000.0
JM Arbitrage Fund(IDCW),Hybrid - Arbitrage Fund,4.45,3.17,4.02,1.07,61.847475832438235,25.12010981468772,31.218993621545,35.51502492166646,63.601532567049816,19.68163154159382,65.91041419410934,50.13549915112302,4.482,-0.46200000000000063,1139,37,Open ended,Nifty 50 Arbitrage,5000.0,1000.0
JM Arbitrage Fund(G),Hybrid - Arbitrage Fund,4.45,3.17,4.02,1.07,61.847475832438235,25.12010981468772,31.218993621545,35.51502492166646,63.601532567049816,19.68163154159382,65.91041419410934,50.13549915112302,4.482,-0.46200000000000063,1139,37,Open ended,Nifty 50 Arbitrage,5000.0,1000.0
Aditya Birla SL Low Duration Fund(W-IDCW),Debt - Low Duration Fund,5.44,4.48,4.89,1.22,63.97422126745435,27.367879203843522,34.30191353649894,38.1561647828934,57.8544061302682,19.4445834680897,66.32099350125479,50.121932299327455,5.122105263157894,-0.23210526315789437,1141,67,Open ended,CRISIL Low Duration Debt Index,1000.0,1000.0
Aditya Birla SL Low Duration Fund(DD-IDCW),Debt - Low Duration Fund,5.44,4.5,4.88,1.22,63.97422126745435,27.402196293754294,34.26647767540751,38.14874197932092,57.8544061302682,19.438713087094403,66.33116129939843,50.12076284707712,5.122105263157894,-0.24210526315789416,1142,68,Open ended,NIFTY Low Duration Debt Index,1000.0,1000.0
Tata ST Bond Fund(M-IDCW),Debt - Short Duration Fund,4.19,3.05,4.56,1.14,61.28893662728249,24.914207275223067,33.132530120481924,36.298314568264374,60.91954022988506,19.07635968592487,66.95877580051945,50.11873629173331,5.2086538461538465,-0.6486538461538469,1143,39,Open ended,NULL,5000.0,1000.0
Canara Rob Infrastructure Fund-Reg(IDCW),Equity - Sectoral Fund - Infrastructure,9.48,20.41,9.73,2.55,72.65306122448979,54.70144131777626,51.45287030474841,56.667479792605036,6.896551724137945,11.41827457729701,80.22296829734952,50.11361990167438,9.401428571428571,0.3285714285714292,1144,20,Open ended,S&P BSE India Infrastructure Index - TRI,5000.0,1000.0
Franklin India Opportunities Fund(IDCW),Equity - Thematic Fund - Other,2.16,16.89,9.07,2.54,56.928034371643385,48.66163349347976,49.11410347271438,50.541148658729796,7.279693486590033,4.647501634460001,91.95029104085587,50.078070461226375,8.65263157894737,0.4173684210526307,1145,8,Open ended,NIFTY 500 - TRI,5000.0,1000.0
Baroda BNP Paribas Medium Duration Fund-Reg(M-IDCW),Debt - Medium Duration Fund,5.55,2.86,3.6,0.97,64.21052631578948,24.5881949210707,29.730687455705173,35.0839074673317,67.43295019157087,21.54543131168442,62.68221829717722,50.07074585585287,3.55972972972973,0.04027027027027019,1146,12,Open ended,CRISIL Medium Term Debt Index,5000.0,1000.0
Mirae Asset Short Term Fund-Reg(IDCW),Debt - Short Duration Fund,4.55,3.32,4.55,1.15,62.062298603651975,25.377487989018533,33.0970942593905,36.57425324713121,60.53639846743295,19.340590793742198,66.50111409683963,50.04650476463375,5.2086538461538465,-0.6586538461538467,1147,40,Open ended,NULL,5000.0,1000.0
Mirae Asset Short Term Fund-Reg(G),Debt - Short Duration Fund,4.55,3.32,4.55,1.15,62.062298603651975,25.377487989018533,33.0970942593905,36.57425324713121,60.53639846743295,19.340590793742198,66.50111409683963,50.04650476463375,5.2086538461538465,-0.6586538461538467,1147,40,Open ended,NULL,5000.0,1000.0
Franklin India Feeder - Franklin U.S. Opportunities Fund(G),FoFs (Overseas),-12.94,6.08,12.08,1.55,24.489795918367346,30.113246396705563,59.78029766123316,43.82208193330172,45.21072796934866,18.961261558229918,67.15813160554316,50.00325586037381,6.912058823529412,5.167941176470588,1149,14,Open ended,Russell 3000 Growth Index,5000.0,1000.0
Franklin India Feeder - Franklin U.S. Opportunities Fund(IDCW),FoFs (Overseas),-12.94,6.08,12.08,1.55,24.489795918367346,30.113246396705563,59.78029766123316,43.82208193330172,45.21072796934866,18.961261558229918,67.15813160554316,50.00325586037381,6.912058823529412,5.167941176470588,1149,14,Open ended,Russell 3000 Growth Index,5000.0,1000.0
Templeton India Value Fund(IDCW),Equity - Value Fund,10.5,23.07,10.01,2.68,74.84425349087003,59.26561427590941,52.44507441530829,58.97107218860097,1.9157088122605304,11.48141242065511,80.11361034477298,49.99286588355886,9.0436,0.9664000000000001,1151,21,Open ended,NIFTY500 Value 50 - TRI,5000.0,1000.0
HDFC Retirement Savings Fund-Hybrid-Equity Plan-Reg(G),Solution Oriented - Retirement Fund,8.35,14.85,10.74,2.43,70.22556390977444,45.16129032258065,55.03189227498228,55.109446016220225,11.494252873563205,12.625993367535765,78.1311379914004,49.96107072435102,7.109999999999999,3.630000000000001,1152,4,Open ended,NIFTY 50 Hybrid Composite Debt 65:35 Index,1000.0,1000.0
JM Flexicap Fund-Reg(IDCW),Equity - Flexi Cap Fund,6.73,15.2,11.85,2.6,66.74543501611171,45.76183939601922,58.965272856130404,56.56027525009331,4.980842911877392,10.607959774926512,81.62647470518037,49.931967029311096,10.461,1.3889999999999993,1153,34,Open ended,S&P BSE 500 - TRI,5000.0,1000.0
Sundaram Aggressive Hybrid Fund(M-IDCW),Hybrid - Aggressive Hybrid Fund,2.85,12.06,7.36,2.06,58.410311493018256,40.37405628002746,43.05457122608079,45.32156479565228,25.670498084291182,9.732166781947017,83.14339266593367,49.864255085382354,9.219019607843137,-1.8590196078431367,1154,36,Open ended,CRISIL Hybrid 35+65 - Aggressive Index,1000.0,1000.0
Franklin India G-Sec Fund(G),Debt - Gilt Fund,3.51,2.57,3.41,1.02,59.828141783029,24.09059711736445,29.05740609496811,33.72151053929919,65.51724137931035,19.359233218866894,66.46882446934737,49.85727173181402,4.311111111111111,-0.9011111111111108,1155,16,Open ended,Nifty All Duration G-Sec Index,10000.0,1000.0
Nippon India Vision Fund(IDCW),Equity - Large & Mid Cap Fund,4.36,14.74,6.92,2.08,61.65413533834586,44.97254632807138,41.495393338058115,46.57028763511964,24.90421455938696,10.776060534489043,81.33531564882715,49.84502636961335,10.412619047619048,-3.4926190476190477,1156,36,Open ended,NIFTY LargeMidcap 250 - TRI,5000.0,1000.0
Edelweiss Large Cap Fund-Reg(IDCW),Equity - Large Cap Fund,5.08,13.26,11.07,2.45,63.20085929108485,42.433081674673986,56.20127569099929,53.470734206118806,10.727969348658984,10.566124519507763,81.69893549311325,49.84209331350246,10.044583333333334,1.0254166666666666,1157,35,Open ended,NIFTY 100 - TRI,5000.0,1000.0
ICICI Pru Dividend Yield Equity Fund(IDCW-Payout),Equity - Dividend Yield Fund,8.6,19.99,7.84,2.3,70.7626208378088,53.98078242964996,44.755492558469165,52.724505175691334,16.47509578544062,13.185261942176785,77.16245640504552,49.7716406354672,10.248999999999999,-2.408999999999999,1158,8,Open ended,NIFTY 500 - TRI,5000.0,1000.0
Tata Ultra Short Term Fund-Reg(M-IDCW),Debt - Ultra Short Duration Fund,5.33,4.38,4.06,1.15,63.737916219119214,27.19629375428964,31.360737065910698,36.586839903066085,60.53639846743295,20.00381001366491,65.3523847113773,49.76561574623561,4.4264935064935065,-0.36649350649350687,1159,67,Open ended,CRISIL Ultra Short Term Debt Index,5000.0,1000.0
Tata Resources & Energy Fund-Reg(G),Equity - Sectoral Fund - Energy & Power,-3.45,22.15,12.3,2.72,44.876476906552085,57.68702814001373,60.55988660524451,56.56134712593679,0.3831417624520883,8.349978826753926,85.53741242993783,49.760812111065874,9.631666666666666,2.668333333333335,1160,3,Open ended,NIFTY COMMODITIES - TRI,5000.0,1000.0
ICICI Pru Floating Interest Fund(G),Debt - Floater Fund,7.47,4.65,5.53,1.28,68.33512352309344,27.65957446808511,36.569808646350104,40.24980136821928,55.55555555555556,21.38117471537584,62.966719067462016,49.755469339864035,5.277826086956522,0.25217391304347814,1161,21,Open ended,CRISIL Low Duration Debt Index,1000.0,1000.0
DSP Strategic Bond Fund-Reg(G),Debt - Dynamic Bond,3.83,1.97,4.49,1.12,60.515574650912995,23.061084420041183,32.88447909284196,35.46367980261593,61.68582375478926,19.419986968290065,66.36359588859612,49.744194812154305,4.625,-0.1349999999999998,1162,27,Open ended,CRISIL Dynamic Debt Index,1000.0,1000.0
Tata Ultra Short Term Fund-Reg(G),Debt - Ultra Short Duration Fund,5.32,4.37,4.04,1.15,63.71643394199785,27.179135209334255,31.28986534372785,36.54196002306377,60.53639846743295,20.01397283556342,65.3347821875008,49.73877517526533,4.4264935064935065,-0.38649350649350644,1163,68,Open ended,CRISIL Ultra Short Term Debt Index,5000.0,1000.0
Mahindra Manulife Low Duration Fund-Reg(G),Debt - Low Duration Fund,5.18,4.05,4.29,1.17,63.41568206229859,26.63006177076184,32.175761871013464,36.760035879195,59.77011494252873,19.832083700378515,65.64982341098582,49.735002527976135,5.122105263157894,-0.832105263157894,1164,69,Open ended,CRISIL Low Duration Debt Index,1000.0,1000.0
ICICI Pru Floating Interest Fund(W-IDCW),Debt - Floater Fund,7.47,4.65,5.51,1.28,68.33512352309344,27.65957446808511,36.49893692416726,40.21436550712785,55.55555555555556,21.393836326997047,62.94478851282838,49.732268770659914,5.277826086956522,0.23217391304347768,1165,22,Open ended,CRISIL Low Duration Debt Index,1000.0,1000.0
Tata Resources & Energy Fund-Reg(IDCW),Equity - Sectoral Fund - Energy & Power,-3.5,22.21,12.23,2.72,44.76906552094522,57.78997940974606,60.31183557760453,56.446724715915124,0.3831417624520883,8.341479265944757,85.55213410110133,49.707181323845916,9.631666666666666,2.5983333333333345,1166,4,Open ended,NIFTY COMMODITIES - TRI,5000.0,1000.0
UTI Regular Savings Fund-Reg(G),Hybrid - Conservative Hybrid Fund,3.7,8.87,6.71,1.79,60.236305048335126,34.90048043925875,40.7512402551382,42.89302526901375,36.01532567049808,13.265262587174016,77.02389122327203,49.7063168579494,5.775925925925925,0.9340740740740747,1167,16,Open ended,NIFTY 50 Hybrid Composite Debt 15:85 Index,5000.0,1000.0
Baroda BNP Paribas Credit Risk Fund-Reg(G),Debt - Credit Risk Fund,6.23,4.41,8.21,1.6,65.67132116004296,27.247769389155806,46.06661941885188,44.34190475818127,43.29501915708811,19.213115214575428,66.72190827668075,49.675184237532854,4.7778125000000005,3.4321875000000004,1168,1,Open ended,CRISIL Short Term Credit Risk Fund,5000.0,1000.0
Baroda BNP Paribas Credit Risk Fund-Reg(Q-IDCW),Debt - Credit Risk Fund,6.24,4.41,8.21,1.6,65.69280343716434,27.247769389155806,46.06661941885188,44.34620121360555,43.29501915708811,19.22392978604787,66.70317688942839,49.672649618431905,4.7778125000000005,3.4321875000000004,1169,2,Open ended,CRISIL Short Term Credit Risk Fund,5000.0,1000.0
Mahindra Manulife Low Duration Fund-Reg(DD-IDCW),Debt - Low Duration Fund,5.18,4.06,4.22,1.17,63.41568206229859,26.64722031571723,31.92771084337349,36.64115792886163,59.77011494252873,19.88003894574631,65.56676248951936,49.654798322442836,5.122105263157894,-0.9021052631578943,1170,70,Open ended,CRISIL Low Duration Debt Index,1000.0,1000.0
Edelweiss Government Securities Fund-Reg(G),Debt - Gilt Fund,4.92,2.9,6.15,1.34,62.857142857142854,24.656829100892246,38.76683203401843,39.351893318705464,53.25670498084292,19.316224740718035,66.5433173386574,49.625952239227814,4.311111111111111,1.8388888888888895,1171,17,Open ended,Nifty All Duration G-Sec Index,5000.0,1000.0
Tata Ultra Short Term Fund-Reg(W-IDCW),Debt - Ultra Short Duration Fund,5.38,4.43,3.94,1.15,63.8453276047261,27.28208647906658,30.935506732813607,36.421444831071994,60.53639846743295,20.13816604934097,65.11967323128283,49.62474034021494,4.4264935064935065,-0.48649350649350653,1172,69,Open ended,CRISIL Ultra Short Term Debt Index,5000.0,1000.0
Edelweiss Government Securities Fund-Reg(IDCW),Debt - Gilt Fund,4.93,2.9,6.15,1.34,62.87862513426423,24.656829100892246,38.76683203401843,39.35618977412973,53.25670498084292,19.327771216993185,66.52331825510045,49.62310069605071,4.311111111111111,1.8388888888888895,1173,18,Open ended,Nifty All Duration G-Sec Index,5000.0,1000.0
ICICI Pru Floating Interest Fund(DD-IDCW),Debt - Floater Fund,7.34,4.58,5.41,1.28,68.05585392051557,27.539464653397395,36.14457831325301,39.94529933674884,55.55555555555556,21.346175657583075,63.02733921377612,49.61837336070734,5.277826086956522,0.13217391304347803,1174,23,Open ended,CRISIL Low Duration Debt Index,1000.0,1000.0
Mahindra Manulife Low Duration Fund-Reg(M-IDCW),Debt - Low Duration Fund,5.18,4.05,4.19,1.17,63.41568206229859,26.63006177076184,31.821403260099224,36.582856573737885,59.77011494252873,19.909505015289977,65.5157257599704,49.61288846249372,5.122105263157894,-0.9321052631578937,1175,71,Open ended,CRISIL Low Duration Debt Index,1000.0,1000.0
Baroda BNP Paribas Credit Risk Fund-Reg(M-IDCW),Debt - Credit Risk Fund,6.24,4.41,8.14,1.6,65.69280343716434,27.247769389155806,45.818568391211905,44.222175699785566,43.29501915708811,19.22619930021301,66.69924597558587,49.609654133061284,4.7778125000000005,3.3621875,1176,3,Open ended,CRISIL Short Term Credit Risk Fund,5000.0,1000.0
Tata Retirement Sav Fund - Mod Plan(G),Equity - Large & Mid Cap Fund,0.74,9.48,7.64,2.03,53.87755102040816,35.94715168153741,44.04677533664068,43.583043376863195,26.819923371647512,8.979117201876798,84.4477127992337,49.6084307311519,10.412619047619048,-2.772619047619048,1177,37,Open ended,CRISIL Short Term Debt Hybrid 75+25 Fund Index,5000.0,1000.0
Mahindra Manulife Low Duration Fund-Reg(W-IDCW),Debt - Low Duration Fund,5.17,4.04,4.18,1.17,63.39419978517723,26.612903225806456,31.78596739900779,36.55569462428128,59.77011494252873,19.91107197895403,65.51301169929062,49.59862897259548,5.122105263157894,-0.9421052631578943,1178,72,Open ended,CRISIL Low Duration Debt Index,1000.0,1000.0
ICICI Pru Medium Term Bond Fund(Q-IDCW),Debt - Medium Duration Fund,5.53,4.42,6.08,1.41,64.16756176154672,27.264927934111192,38.518781006378454,40.27238123573193,50.57471264367817,18.913458817293126,67.24092838158674,49.59010087418219,3.55972972972973,2.52027027027027,1179,13,Open ended,CRISIL Medium Term Debt Index,5000.0,1000.0
ICICI Pru Medium Term Bond Fund(G),Debt - Medium Duration Fund,5.53,4.42,6.08,1.41,64.16756176154672,27.264927934111192,38.518781006378454,40.27238123573193,50.57471264367817,18.913458817293126,67.24092838158674,49.59010087418219,3.55972972972973,2.52027027027027,1179,13,Open ended,CRISIL Medium Term Debt Index,5000.0,1000.0
Axis Ultra Short Term Fund-Reg(IDCW),Debt - Ultra Short Duration Fund,5.38,4.47,4.16,1.19,63.8453276047261,27.35072065888813,31.715095676824944,36.83182955702413,59.00383141762452,19.930110842512956,65.4800354202882,49.53688148799024,4.4264935064935065,-0.26649350649350634,1181,70,Open ended,NIFTY Ultra Short Duration Debt Index,5000.0,1000.0
Axis Ultra Short Term Fund-Reg(G),Debt - Ultra Short Duration Fund,5.38,4.47,4.16,1.19,63.8453276047261,27.35072065888813,31.715095676824944,36.83182955702413,59.00383141762452,19.930110842512956,65.4800354202882,49.53688148799024,4.4264935064935065,-0.26649350649350634,1181,70,Open ended,NIFTY Ultra Short Duration Debt Index,5000.0,1000.0
Axis Ultra Short Term Fund-Reg(M-IDCW),Debt - Ultra Short Duration Fund,5.38,4.47,4.11,1.19,63.8453276047261,27.35072065888813,31.537916371367825,36.74323990429557,59.00383141762452,19.971470337572118,65.40839867347034,49.4746774749215,4.4264935064935065,-0.31649350649350616,1183,72,Open ended,NIFTY Ultra Short Duration Debt Index,5000.0,1000.0
Axis Ultra Short Term Fund-Reg(DD-IDCW),Debt - Ultra Short Duration Fund,5.38,4.47,4.09,1.19,63.8453276047261,27.35072065888813,31.46704464918497,36.70780404320414,59.00383141762452,19.988136758559996,65.379531585539,49.44974277239295,4.4264935064935065,-0.3364935064935066,1184,73,Open ended,NIFTY Ultra Short Duration Debt Index,5000.0,1000.0
Axis Ultra Short Term Fund-Reg(W-IDCW),Debt - Ultra Short Duration Fund,5.38,4.47,4.09,1.19,63.8453276047261,27.35072065888813,31.46704464918497,36.70780404320414,59.00383141762452,19.988136758559996,65.379531585539,49.44974277239295,4.4264935064935065,-0.3364935064935066,1184,73,Open ended,NIFTY Ultra Short Duration Debt Index,5000.0,1000.0
ICICI Pru FMCG Fund(G),Equity - Sectoral Fund - Consumption,21.76,15.95,12.53,2.34,99.03329752953813,47.04873026767331,61.374911410347266,64.60873429138326,14.942528735632177,26.850787526123334,53.49307178151774,49.413267274979106,11.035555555555554,1.4944444444444454,1186,13,Open ended,NIFTY FMCG - TRI,5000.0,1000.0
Nippon India Banking & Financial Services Fund(G),Equity - Sectoral Fund - Banks & Financial Services,8.95,11.57,8.49,2.02,71.51450053705692,39.53328757721346,47.05882352941176,49.6922981452813,27.203065134099624,16.720804464563262,71.03871712395191,49.40659463715353,8.781363636363636,-0.29136363636363605,1187,5,Open ended,Nifty Financial Services - TRI,5000.0,1000.0
Franklin India Debt Hybrid Fund(Q-IDCW),Hybrid - Conservative Hybrid Fund,3.72,5.04,4.83,1.38,60.27926960257787,28.328757721345234,34.08929836995039,37.599130421894344,51.72413793103448,17.029061586999223,70.50480012609785,49.35679972523025,5.775925925925925,-0.9459259259259252,1188,17,Open ended,CRISIL Hybrid 85+15 - Conservative Index,10000.0,1000.0
Aditya Birla SL Regular Savings Fund(Payment),Hybrid - Conservative Hybrid Fund,2.96,8.98,6.7,1.86,58.64661654135338,35.08922443376802,40.71580439404677,42.61399283542447,33.33333333333333,12.302595588072286,78.6912793764861,49.31314959516709,5.775925925925925,0.9240740740740749,1189,18,Open ended,CRISIL Hybrid 85+15 - Conservative Index,1000.0,1000.0
Aditya Birla SL Regular Savings Fund(G),Hybrid - Conservative Hybrid Fund,2.96,8.98,6.7,1.86,58.64661654135338,35.08922443376802,40.71580439404677,42.61399283542447,33.33333333333333,12.302595588072286,78.6912793764861,49.31314959516709,5.775925925925925,0.9240740740740749,1189,18,Open ended,CRISIL Hybrid 85+15 - Conservative Index,1000.0,1000.0
Edelweiss Aggressive Hybrid Fund-Reg(G),Hybrid - Aggressive Hybrid Fund,6.5,14.17,11.0,2.53,66.25134264232008,43.994509265614276,55.95322466335932,54.425233639827965,7.662835249042144,11.138736761345553,80.7071419972143,49.30511113147809,9.219019607843137,1.780980392156863,1191,37,Open ended,CRISIL Hybrid 35+65 - Aggressive Index,5000.0,1000.0
Franklin India G-Sec Fund(IDCW),Debt - Gilt Fund,3.65,2.64,2.97,1.02,60.128893662728245,24.21070693205217,27.49822820694543,33.038104915634015,65.51724137931035,19.856502974423805,65.60752798765543,49.300244799558456,4.311111111111111,-1.3411111111111107,1192,19,Open ended,Nifty All Duration G-Sec Index,25000.0,1000.0
Edelweiss Government Securities Fund-Reg(M-IDCW),Debt - Gilt Fund,4.92,2.9,5.79,1.34,62.857142857142854,24.656829100892246,37.491141034727136,38.714047819059815,53.25670498084292,19.439725573962217,66.32940762070139,49.25355205991599,4.311111111111111,1.4788888888888891,1193,20,Open ended,Nifty All Duration G-Sec Index,5000.0,1000.0
ICICI Pru FMCG Fund(IDCW),Equity - Sectoral Fund - Consumption,21.77,15.96,12.3,2.34,99.05477980665951,47.0658888126287,60.55988660524451,64.21066590774277,14.942528735632177,26.97773639443175,53.27318989164419,49.159262610690476,11.035555555555554,1.2644444444444467,1194,14,Open ended,NIFTY FMCG - TRI,5000.0,1000.0
JM Medium to Long Duration Fund-Reg(Q-IDCW),Debt - Medium to Long Duration Fund,3.71,1.13,3.57,1.03,60.25778732545649,21.61976664378861,29.624379872430893,33.34967739444333,65.13409961685824,20.3935289055141,64.67737179002506,49.12770654894249,4.3271875,-0.7571875000000001,1195,11,Open ended,CRISIL Medium to Long Term Debt Index,5000.0,1000.0
JM Medium to Long Duration Fund-Reg(G),Debt - Medium to Long Duration Fund,3.71,1.13,3.57,1.03,60.25778732545649,21.61976664378861,29.624379872430893,33.34967739444333,65.13409961685824,20.3935289055141,64.67737179002506,49.12770654894249,4.3271875,-0.7571875000000001,1195,11,Open ended,CRISIL Medium to Long Term Debt Index,5000.0,1000.0
ICICI Pru Banking & Fin Serv Fund(G),Equity - Sectoral Fund - Banks & Financial Services,6.15,8.81,8.22,1.95,65.49946294307196,34.79752916952643,46.1020552799433,46.59017897944397,29.885057471264375,15.527719686987071,73.1052005764509,49.0426540016508,8.781363636363636,-0.5613636363636356,1197,6,Open ended,Nifty Financial Services - TRI,5000.0,1000.0
Invesco India Short Term Fund(G),Debt - Short Duration Fund,4.26,2.55,4.32,1.2,61.439312567132106,24.056280027453674,32.282069454287736,35.645781248806394,58.62068965517242,19.643911522822123,65.97574718308437,48.971999833967395,5.2086538461538465,-0.8886538461538462,1198,42,Open ended,Nifty Short Duration Debt Index,1000.0,1000.0
UTI Regular Savings Fund-Reg(F-IDCW),Hybrid - Conservative Hybrid Fund,3.7,8.87,6.07,1.79,60.236305048335126,34.90048043925875,38.48334514528703,41.759077714088164,36.01532567049808,13.710897081440983,76.25202963759638,48.9463776840677,5.775925925925925,0.29407407407407504,1199,20,Open ended,NIFTY 50 Hybrid Composite Debt 15:85 Index,5000.0,1000.0
Invesco India Short Term Fund(W-IDCW),Debt - Short Duration Fund,4.26,2.55,4.29,1.2,61.439312567132106,24.056280027453674,32.175761871013464,35.59262745716926,58.62068965517242,19.662877487857077,65.94289716802925,48.937210434385044,5.2086538461538465,-0.9186538461538465,1200,43,Open ended,Nifty Short Duration Debt Index,1000.0,1000.0
ICICI Pru Credit Risk Fund(G),Debt - Credit Risk Fund,5.1,4.59,6.49,1.55,63.2438238453276,27.55662319835278,39.971651311126855,40.90157738413478,45.21072796934866,18.116765842353583,68.62084109221522,48.90868095745836,4.7778125000000005,1.7121874999999998,1201,4,Open ended,CRISIL Short Term Credit Risk Fund,1000.0,1000.0
Nippon India Banking & Financial Services Fund(IDCW),Equity - Sectoral Fund - Banks & Financial Services,8.95,11.58,8.05,2.02,71.51450053705692,39.55044612216885,45.49964564138909,48.91785676475658,27.203065134099624,16.99934520699777,70.55627040607739,48.89876226742254,8.781363636363636,-0.7313636363636355,1202,7,Open ended,Nifty Financial Services - TRI,5000.0,1000.0
HDFC Medium Term Debt Fund(G),Debt - Medium Duration Fund,5.02,3.01,5.32,1.33,63.071965628356594,24.845573095401512,35.82565556343019,37.980892836006866,53.639846743295,19.68155104508782,65.91055361814756,48.87804650836407,3.55972972972973,1.7602702702702704,1203,15,Open ended,NIFTY Medium Duration Debt Index,1000.0,1000.0
ICICI Pru Credit Risk Fund(Q-IDCW),Debt - Credit Risk Fund,5.1,4.59,6.46,1.55,63.2438238453276,27.55662319835278,39.86534372785259,40.84842359249765,45.21072796934866,18.127484766204898,68.60227537150229,48.87746263146156,4.7778125000000005,1.6821874999999995,1204,5,Open ended,CRISIL Short Term Credit Risk Fund,1000.0,1000.0
Franklin India Debt Hybrid Fund(M-IDCW),Hybrid - Conservative Hybrid Fund,3.04,4.45,4.51,1.38,58.81847475832438,27.316403568977353,32.9553508150248,36.43629142987048,51.72413793103448,16.798211191318703,70.90464474036389,48.87534138278483,5.775925925925925,-1.2659259259259255,1205,21,Open ended,CRISIL Hybrid 85+15 - Conservative Index,10000.0,1000.0
Mirae Asset Dynamic Bond Fund-Reg(IDCW),Debt - Dynamic Bond,3.85,1.4,4.0,1.12,60.558539205155746,22.08304735758408,31.148121899362152,34.31068299798745,61.68582375478926,20.114305421189957,65.1610010515409,48.867047700576265,4.625,-0.625,1206,28,Open ended,CRISIL Dynamic Debt Index,5000.0,1000.0
Mirae Asset Dynamic Bond Fund-Reg(G),Debt - Dynamic Bond,3.85,1.4,4.0,1.12,60.558539205155746,22.08304735758408,31.148121899362152,34.31068299798745,61.68582375478926,20.114305421189957,65.1610010515409,48.867047700576265,4.625,-0.625,1206,28,Open ended,CRISIL Dynamic Debt Index,5000.0,1000.0
Baroda BNP Paribas ELSS Fund-Reg(G),Equity - ELSS,-2.14,10.49,9.13,2.33,47.690655209452196,37.68016472203157,49.326718639262936,45.50553977813138,15.325670498084287,6.305141308118851,89.07917490543686,48.85398123994598,10.023387096774194,-0.8933870967741928,1208,47,Open ended,NIFTY 500 - TRI,1000.0,1000.0
Invesco India Short Term Fund(M-IDCW),Debt - Short Duration Fund,4.27,2.55,4.2,1.2,61.460794844253485,24.056280027453674,31.856839121190646,35.43746253768212,58.62068965517242,19.7329700641175,65.82149326471281,48.82927699881237,5.2086538461538465,-1.0086538461538463,1209,44,Open ended,Nifty Short Duration Debt Index,1000.0,1000.0
Aditya Birla SL Dividend Yield Fund(G),Equity - Dividend Yield Fund,9.82,17.93,8.69,2.41,73.38345864661655,50.44612216884008,47.76754075124025,53.694298755595455,12.260536398467426,14.079958882090208,75.61279584773906,48.81548243934935,10.248999999999999,-1.5589999999999993,1210,9,Open ended,NIFTY 500 - TRI,1000.0,1000.0
HDFC Medium Term Debt Fund(FN-IDCW),Debt - Medium Duration Fund,5.02,3.01,5.26,1.33,63.071965628356594,24.845573095401512,35.61304039688164,37.87458525273259,53.639846743295,19.71119822604966,65.85920319442046,48.81205511079516,3.55972972972973,1.70027027027027,1211,16,Open ended,NIFTY Medium Duration Debt Index,1000.0,1000.0
Franklin India Technology Fund(G),Equity - Sectoral Fund - Technology,-8.7,19.03,16.83,2.44,33.598281417830286,52.33356211393274,76.61233167965979,60.72589075757577,11.111111111111116,21.56647828735844,62.645763865964156,48.8021641230567,20.878999999999998,-4.0489999999999995,1212,9,Open ended,S&P BSE TECk Index - TRI,5000.0,1000.0
Indiabulls Arbitrage Fund-Reg(G),Hybrid - Arbitrage Fund,3.13,2.67,3.9,1.21,59.01181525241675,24.262182566918327,30.793763288447906,34.4778994647828,58.23754789272031,18.46824741342179,68.01205715320096,48.80135099387172,4.482,-0.5820000000000003,1213,39,Open ended,Nifty 50 Arbitrage,1000.0,1000.0
DSP Strategic Bond Fund-Reg(IDCW),Debt - Dynamic Bond,3.83,1.97,3.67,1.12,60.515574650912995,23.061084420041183,29.978738483345147,34.01080949786753,61.68582375478926,19.929840019925305,65.48050449876985,48.79698681232354,4.625,-0.9550000000000001,1214,30,Open ended,CRISIL Dynamic Debt Index,1000.0,1000.0
DSP Global Allocation Fund-Reg(IDCW),FoFs (Overseas),-0.38,7.13,7.94,2.01,51.471535982814174,31.914893617021278,45.10985116938341,42.423700866360925,27.586206896551737,9.975304499091742,82.72226578660269,48.78896860396907,6.912058823529412,1.0279411764705886,1215,16,Open ended,NULL,1000.0,1000.0
DSP Global Allocation Fund-Reg(G),FoFs (Overseas),-0.38,7.13,7.94,2.01,51.471535982814174,31.914893617021278,45.10985116938341,42.423700866360925,27.586206896551737,9.975304499091742,82.72226578660269,48.78896860396907,6.912058823529412,1.0279411764705886,1215,16,Open ended,NULL,1000.0,1000.0
Franklin India Technology Fund(IDCW),Equity - Sectoral Fund - Technology,-8.7,19.04,16.4,2.44,33.598281417830286,52.35072065888813,75.08858965272856,59.96916730759678,11.111111111111116,20.777031955573296,64.01312502246489,48.76564268719239,20.878999999999998,-4.478999999999999,1217,10,Open ended,S&P BSE TECk Index - TRI,5000.0,1000.0
Edelweiss Long Term Equity Fund (Tax Savings)-Reg(G),Equity - ELSS,1.97,12.65,8.49,2.37,56.51987110633727,41.38641043239534,47.05882352941176,47.249309115691936,13.793103448275845,7.645361595610314,86.75784527416707,48.7623917384567,10.023387096774194,-1.5333870967741934,1218,48,Open ended,NIFTY 500 - TRI,1000.0,1000.0
IDBI Focused 30 Equity Fund-Reg(IDCW),Equity - Focused Fund,3.56,14.63,9.27,2.53,59.93555316863587,44.78380233356212,49.82282069454288,50.333661681067255,7.662835249042144,7.716158559618404,86.63522133548344,48.74134498666503,9.83,-0.5600000000000005,1219,18,Open ended,NIFTY 500 - TRI,5000.0,1000.0
IDBI Focused 30 Equity Fund-Reg(G),Equity - Focused Fund,3.56,14.63,9.27,2.53,59.93555316863587,44.78380233356212,49.82282069454288,50.333661681067255,7.662835249042144,7.716158559618404,86.63522133548344,48.74134498666503,9.83,-0.5600000000000005,1219,18,Open ended,NIFTY 500 - TRI,5000.0,1000.0
Baroda BNP Paribas ELSS Fund-Reg(IDCW),Equity - ELSS,-2.14,10.49,8.76,2.33,47.690655209452196,37.68016472203157,48.01559177888022,44.84997634794002,15.325670498084287,5.875607146220858,89.8231498974307,48.71219327284876,10.023387096774194,-1.2633870967741938,1221,49,Open ended,NIFTY 500 - TRI,1000.0,1000.0
Nippon India Power & Infra Fund(G),Equity - Sectoral Fund - Energy & Power,15.66,20.96,7.67,2.2,85.92910848549946,55.645161290322584,44.15308291991495,55.95591154415414,20.30651340996168,21.580939256082058,62.62071673340818,48.70976330791954,9.631666666666666,-1.961666666666666,1222,5,Open ended,Nifty Infrastructure - TRI,5000.0,1000.0
JM Large Cap Fund-Reg(G),Equity - Large Cap Fund,5.31,14.58,9.75,2.53,63.69495166487648,44.69800960878518,51.52374202693125,51.910264229076475,7.662835249042144,9.623000005000444,83.33247507010367,48.703959694324695,10.044583333333334,-0.29458333333333364,1223,36,Open ended,S&P BSE 100 - TRI,5000.0,1000.0
Canara Rob Conservative Hybrid Fund-Reg(M-IDCW),Hybrid - Conservative Hybrid Fund,2.87,7.23,6.74,1.83,58.45327604726101,32.08647906657516,40.85754783841247,41.745372848630986,34.48275862068966,13.427268781728422,76.74328826316291,48.67919814527863,5.775925925925925,0.964074074074075,1224,22,Open ended,CRISIL Hybrid 85+15 - Conservative Index,5000.0,1000.0
UTI Regular Savings Fund-Reg(M-IDCW),Hybrid - Conservative Hybrid Fund,3.7,8.75,5.89,1.79,60.236305048335126,34.6945778997941,37.84549964564139,41.37838420242595,36.01532567049808,13.92633177449749,75.8788858035095,48.662744969714865,5.775925925925925,0.11407407407407444,1225,23,Open ended,NIFTY 50 Hybrid Composite Debt 15:85 Index,25000.0,1000.0
Aditya Birla SL Equity Advantage Fund(G),Equity - Large & Mid Cap Fund,-10.5,9.7,7.14,1.96,29.731471535982813,36.32463967055594,42.27498228206945,37.98117734939807,29.501915708812266,6.27450004757796,89.13224712550164,48.64912938327751,10.412619047619048,-3.272619047619048,1226,38,Open ended,S&P BSE 250 LargeMidCap Index - TRI,1000.0,1000.0
IDFC Balanced Advantage Fund-Reg(G),Hybrid - Balanced Advantage,1.12,7.44,7.22,1.95,54.69387755102041,32.446808510638306,42.55846917080085,41.952052648796,29.885057471264375,11.138865133310707,80.70691965044838,48.624020604826185,7.937894736842105,-0.7178947368421049,1227,12,Open ended,NIFTY 50 Hybrid Composite Debt 50:50 Index,1000.0,1000.0
PGIM India Short Duration Fund(G),Debt - Short Duration Fund,4.84,3.46,4.49,1.29,62.68528464017186,25.617707618393965,32.88447909284196,36.66460875997354,55.172413793103445,19.64221323746833,65.97868869960288,48.62008000316335,5.2086538461538465,-0.7186538461538463,1228,45,Open ended,NULL,5000.0,1000.0
Nippon India Tax Saver (ELSS) Fund(G),Equity - ELSS,3.83,13.63,4.26,1.76,60.515574650912995,43.06794783802334,32.069454287739184,41.058226425459196,37.16475095785441,14.344385112264193,75.15479618222382,48.60899999774915,10.023387096774194,-5.763387096774194,1229,50,Open ended,NIFTY 500 - TRI,1000.0,1000.0
Aditya Birla SL Equity Advantage Fund(IDCW),Equity - Large & Mid Cap Fund,-10.5,9.7,6.82,1.96,29.731471535982813,36.32463967055594,41.14103472714387,37.414203571935275,29.501915708812266,5.727792762850456,90.0791719195177,48.602373693050126,10.412619047619048,-3.5926190476190474,1230,39,Open ended,S&P BSE 250 LargeMidCap Index - TRI,1000.0,1000.0
IDFC G-Sec-Invest-Reg(G),Debt - Gilt Fund,3.83,1.34,4.8,1.24,60.515574650912995,21.980096087851752,33.98299078667611,35.68863914987618,57.08812260536398,19.71898660237548,65.84571333091569,48.577778559008,4.311111111111111,0.48888888888888893,1231,21,Open ended,CRISIL Dynamic Gilt Index,1000.0,1000.0
HSBC Infrastructure Fund-Reg(IDCW),Equity - Sectoral Fund - Infrastructure,8.01,17.0,7.0,2.2,69.49516648764768,48.85037748798902,41.778880226789504,49.44358665732099,20.30651340996168,14.401423022566295,75.05600362362303,48.56242258705667,9.401428571428571,-2.4014285714285712,1232,21,Open ended,Nifty Infrastructure - TRI,5000.0,1000.0
Edelweiss Aggressive Hybrid Fund-Reg(IDCW),Hybrid - Aggressive Hybrid Fund,6.49,13.62,10.52,2.53,66.22986036519872,43.05078929306795,54.25230333097093,53.287360526445596,7.662835249042144,11.591700515285398,79.92258576140335,48.54003551583418,9.219019607843137,1.3009803921568626,1233,38,Open ended,CRISIL Hybrid 35+65 - Aggressive Index,5000.0,1000.0
HSBC Infrastructure Fund-Reg(G),Equity - Sectoral Fund - Infrastructure,7.74,16.91,6.95,2.2,68.91514500537058,48.695950583390534,41.60170092133239,49.19266463675747,20.30651340996168,14.172558161657111,75.45240919078492,48.53606296856539,9.401428571428571,-2.451428571428571,1234,22,Open ended,Nifty Infrastructure - TRI,5000.0,1000.0
Sundaram Low Duration Fund(G),Debt - Low Duration Fund,5.59,4.46,4.1,1.28,64.29645542427497,27.333562113932743,31.5024805102764,36.810599974173016,55.55555555555556,20.244670710778355,64.93520174643035,48.52798931258298,5.122105263157894,-1.0221052631578944,1235,73,Open ended,NIFTY Low Duration Debt Index,1000.0,1000.0
Sundaram Low Duration Fund(M-IDCW),Debt - Low Duration Fund,5.59,4.46,4.1,1.28,64.29645542427497,27.333562113932743,31.5024805102764,36.810599974173016,55.55555555555556,20.244670710778355,64.93520174643035,48.52798931258298,5.122105263157894,-1.0221052631578944,1235,73,Open ended,NIFTY Low Duration Debt Index,1000.0,1000.0
Sundaram Low Duration Fund(W-IDCW),Debt - Low Duration Fund,5.59,4.46,4.1,1.28,64.29645542427497,27.333562113932743,31.5024805102764,36.810599974173016,55.55555555555556,20.244670710778355,64.93520174643035,48.52798931258298,5.122105263157894,-1.0221052631578944,1235,73,Open ended,NIFTY Low Duration Debt Index,1000.0,1000.0
Sundaram Low Duration Fund(DD-IDCW),Debt - Low Duration Fund,5.59,4.45,4.1,1.28,64.29645542427497,27.316403568977353,31.5024805102764,36.8054524106864,55.55555555555556,20.250482570541966,64.92513531003331,48.52289892174041,5.122105263157894,-1.0221052631578944,1238,76,Open ended,NIFTY Low Duration Debt Index,1000.0,1000.0
PGIM India Short Duration Fund(M-IDCW),Debt - Short Duration Fund,4.84,3.46,4.4,1.29,62.68528464017186,25.617707618393965,32.56555634301913,36.50514738506213,55.172413793103445,19.703958573765554,65.87174264000566,48.513612800808346,5.2086538461538465,-0.8086538461538462,1239,46,Open ended,NULL,5000.0,1000.0
Motilal Oswal Focused Fund-Reg(G),Equity - Focused Fund,3.42,9.4,8.82,2.18,59.63480128893662,35.80988332189431,48.22820694542877,46.78402872707,21.0727969348659,11.916038717295239,79.36081551668677,48.500417476423166,9.83,-1.0099999999999998,1240,20,Open ended,NIFTY 500 - TRI,1000.0,1000.0
HDFC Hybrid Debt Fund(M-IDCW),Hybrid - Conservative Hybrid Fund,5.52,9.19,6.35,1.83,64.14607948442534,35.449553877831164,39.47554925584691,43.201856688157875,34.48275862068966,15.536700005862043,73.08964620789126,48.494029551224166,5.775925925925925,0.5740740740740744,1241,24,Open ended,NIFTY 50 Hybrid Composite Debt 15:85 Index,1000.0,1000.0
Edelweiss Long Term Equity Fund (Tax Savings)-Reg(IDCW),Equity - ELSS,1.96,12.64,8.23,2.37,56.4983888292159,41.36925188743995,46.13749114103472,46.779198902592526,13.793103448275845,7.734932569060635,86.60270379726772,48.48855126268215,10.023387096774194,-1.7933870967741932,1242,51,Open ended,NIFTY 500 - TRI,1000.0,1000.0
HDFC Hybrid Debt Fund(Q-IDCW),Hybrid - Conservative Hybrid Fund,5.52,9.09,6.36,1.83,64.14607948442534,35.27796842827728,39.51098511693834,43.168098983837424,34.48275862068966,15.589388168086064,72.99838763396183,48.45433605558158,5.775925925925925,0.5840740740740751,1243,25,Open ended,NIFTY 50 Hybrid Composite Debt 15:85 Index,1000.0,1000.0
Aditya Birla SL Dividend Yield Fund(IDCW),Equity - Dividend Yield Fund,9.81,17.93,8.43,2.41,73.36197636949517,50.44612216884008,46.84620836286321,53.22933610598266,12.260536398467426,14.382754176082267,75.08833901425206,48.4518869061712,10.248999999999999,-1.818999999999999,1244,10,Open ended,NIFTY 500 - TRI,1000.0,1000.0
ICICI Pru Banking & Fin Serv Fund(IDCW),Equity - Sectoral Fund - Banks & Financial Services,6.16,8.45,7.81,1.95,65.52094522019334,34.17982155113247,44.64918497519489,45.682727996975856,29.885057471264375,15.955688531414959,72.36393679384524,48.40361256476533,8.781363636363636,-0.9713636363636367,1245,8,Open ended,Nifty Financial Services - TRI,5000.0,1000.0
IDFC Balanced Advantage Fund-Reg(IDCW),Hybrid - Balanced Advantage,1.13,7.45,6.98,1.95,54.71535982814177,32.46396705559369,41.70800850460667,41.5362663346098,29.885057471264375,11.178610312282004,80.63807898111418,48.39891728039954,7.937894736842105,-0.9578947368421042,1246,13,Open ended,NIFTY 50 Hybrid Composite Debt 50:50 Index,1000.0,1000.0
Canara Rob Gilt Fund-Reg(G),Debt - Gilt Fund,4.56,2.88,4.14,1.25,62.083780880773354,24.622512010981474,31.644223954642094,35.62562175677016,56.704980842911866,19.91321893372076,65.5092930645531,48.366379355251325,4.311111111111111,-0.1711111111111112,1247,22,Open ended,CRISIL Dynamic Gilt Index,5000.0,1000.0
Canara Rob Gilt Fund-Reg(IDCW),Debt - Gilt Fund,4.56,2.88,4.13,1.25,62.083780880773354,24.622512010981474,31.60878809355067,35.607903826224444,56.704980842911866,19.92017362799996,65.49724718071042,48.35450891901779,4.311111111111111,-0.181111111111111,1248,23,Open ended,CRISIL Dynamic Gilt Index,5000.0,1000.0
Indiabulls Arbitrage Fund-Reg(M-IDCW),Hybrid - Arbitrage Fund,3.13,2.65,3.53,1.21,59.01181525241675,24.227865477007555,29.482636428065202,33.81204090761822,58.23754789272031,18.750591909620706,67.523022140547,48.34616296212594,4.482,-0.9520000000000004,1249,40,Open ended,Nifty 50 Arbitrage,1000.0,1000.0
Nippon India Tax Saver (ELSS) Fund(IDCW),Equity - ELSS,3.83,13.63,4.08,1.76,60.515574650912995,43.06794783802334,31.431608788093545,40.73930367563637,37.16475095785441,14.638426248498813,74.64550199475018,48.32221507596933,10.023387096774194,-5.9433870967741935,1250,52,Open ended,NIFTY 500 - TRI,1000.0,1000.0
HDFC Equity Savings Fund(G),Hybrid - Equity Savings,4.96,10.37,7.62,2.09,62.94307196562835,37.47426218256692,43.97590361445783,45.81884485512466,24.521072796934874,13.233071502466153,77.0796478175368,48.30960258118024,6.148095238095239,1.471904761904761,1251,19,Open ended,NIFTY 50 Equity Savings Index - TRI,1000.0,1000.0
IDFC G-Sec-Invest-Reg(Q-IDCW),Debt - Gilt Fund,3.83,1.34,4.54,1.24,60.515574650912995,21.980096087851752,33.06165839829907,35.22797295568766,57.08812260536398,19.838941709552024,65.63794499065853,48.29550337684945,4.311111111111111,0.22888888888888914,1252,24,Open ended,CRISIL Dynamic Gilt Index,1000.0,1000.0
DSP Dynamic Asset Allocation Fund-Reg(G),Hybrid - Dynamic Asset Allocation,1.73,6.51,7.14,1.9,56.004296455424274,30.85106382978724,42.27498228206945,41.59366958105575,31.800766283524908,12.594212242100781,78.1861845153755,48.29357249025298,6.648333333333333,0.49166666666666625,1253,4,Open ended,CRISIL Hybrid 50+50 - Moderate Index,1000.0,1000.0
Sundaram Equity Savings Fund(G),Hybrid - Equity Savings,3.73,12.07,8.57,2.34,60.30075187969924,40.391214824982846,47.34231041814316,47.84867003250628,14.942528735632177,10.104690336595787,82.49816294226584,48.284507935727646,6.148095238095239,2.421904761904761,1254,20,Open ended,NIFTY 50 Equity Savings Index,1000.0,1000.0
DSP Top 100 Equity Fund-Reg(G),Equity - Large Cap Fund,3.89,8.87,8.12,2.09,60.64446831364124,34.90048043925875,45.747696669029054,45.4728861290204,24.521072796934874,12.924968194954205,77.61329840012752,48.2700358637758,10.044583333333334,-1.9245833333333344,1255,37,Open ended,S&P BSE 100 - TRI,1000.0,1000.0
IDBI Credit Risk Fund(A-IDCW),Debt - Credit Risk Fund,5.51,3.44,4.86,1.35,64.12459720730396,25.583390528483186,34.195605953224664,37.59773957661808,52.87356321839081,20.229266687436176,64.96188229749998,48.25773116728174,4.7778125000000005,0.08218749999999986,1256,6,Open ended,NIFTY Credit Risk Bond Index,5000.0,1000.0
Kotak Dynamic Bond Fund-Reg(G),Debt - Dynamic Bond,3.54,2.06,4.84,1.33,59.89258861439313,23.215511324639674,34.124734231041806,36.005538235791434,53.639846743295,18.833487296398914,67.37944311893406,48.257591583452985,4.625,0.21499999999999986,1257,31,Open ended,NIFTY Composite Debt Index,5000.0,1000.0
IDBI Credit Risk Fund(G),Debt - Credit Risk Fund,5.5,3.44,4.85,1.35,64.10311493018258,25.583390528483186,34.160170092133235,37.575725190648086,52.87356321839081,20.223378638104247,64.97208069810036,48.24927357444683,4.7778125000000005,0.07218749999999918,1258,7,Open ended,NIFTY Credit Risk Bond Index,5000.0,1000.0
IDBI Credit Risk Fund(Q-IDCW),Debt - Credit Risk Fund,5.51,3.44,4.85,1.35,64.12459720730396,25.583390528483186,34.160170092133235,37.58002164607237,52.87356321839081,20.23549955022692,64.9510866624698,48.24617329325134,4.7778125000000005,0.07218749999999918,1259,8,Open ended,NIFTY Credit Risk Bond Index,5000.0,1000.0
Edelweiss Equity Savings Fund-Reg(G),Hybrid - Equity Savings,3.84,8.86,7.78,2.06,60.537056928034374,34.883321894303364,44.54287739192062,44.84384664985819,25.670498084291182,12.956561482030803,77.55857722173273,48.22919215143507,6.148095238095239,1.631904761904761,1260,21,Open ended,NIFTY 50 Equity Savings Index,5000.0,1000.0
DSP Focus Fund-Reg(G),Equity - Focused Fund,-0.14,8.48,7.72,2.14,51.98711063372718,34.231297185998635,44.330262225372074,42.83194239523107,22.60536398467432,8.905853258817622,84.57460967097502,48.21096461152787,9.83,-2.1100000000000003,1261,21,Open ended,NIFTY 500 - TRI,1000.0,1000.0
Motilal Oswal Focused Fund-Reg(IDCW),Equity - Focused Fund,3.42,9.2,8.62,2.18,59.63480128893662,35.46671242278655,47.51948972360028,46.32671884642343,21.0727969348659,12.084057916874821,79.06979772636788,48.19900808852016,9.83,-1.2100000000000009,1262,22,Open ended,NIFTY 500 - TRI,1000.0,1000.0
Aditya Birla SL Regular Savings Fund(M-IDCW),Hybrid - Conservative Hybrid Fund,2.96,8.88,5.8,1.86,58.64661654135338,34.91763898421414,37.526576895818565,40.9679034514442,33.33333333333333,13.012346749419612,77.46195430430151,48.182773635130815,5.775925925925925,0.02407407407407458,1263,26,Open ended,CRISIL Hybrid 85+15 - Conservative Index,1000.0,1000.0
Taurus Infrastructure Fund-Reg(G),Equity - Sectoral Fund - Infrastructure,1.92,14.7,7.89,2.48,56.41245972073039,44.90391214824983,44.93267186392629,47.22000152058417,9.578544061302674,6.636176403955831,88.50580530035877,48.131088100707444,9.401428571428571,-1.5114285714285716,1264,23,Open ended,Nifty Infrastructure - TRI,5000.0,1000.0
UTI Healthcare Fund-Reg(IDCW),Equity - Sectoral Fund - Pharma & Health Care,-6.18,17.08,10.65,2.56,39.01181525241675,48.98764584763212,54.71296952515946,49.85514156735272,6.513409961685812,7.945887539825835,86.23731906979319,48.11525304154611,12.22375,-1.5737500000000004,1265,7,Open ended,S&P BSE Health Care - TRI,5000.0,1000.0
UTI Healthcare Fund-Reg(G),Equity - Sectoral Fund - Pharma & Health Care,-6.18,17.08,10.65,2.56,39.01181525241675,48.98764584763212,54.71296952515946,49.85514156735272,6.513409961685812,7.945887539825835,86.23731906979319,48.11525304154611,12.22375,-1.5737500000000004,1265,7,Open ended,S&P BSE Health Care - TRI,5000.0,1000.0
Sundaram Equity Savings Fund(Q-IDCW),Hybrid - Equity Savings,3.73,12.07,8.4,2.34,60.30075187969924,40.391214824982846,46.73990077958894,47.547465213229174,14.942528735632177,10.17015373239019,82.38477701471393,48.105559044201115,6.148095238095239,2.251904761904761,1267,22,Open ended,NIFTY 50 Equity Savings Index,1000.0,1000.0
Sundaram Equity Savings Fund(H-IDCW),Hybrid - Equity Savings,3.74,12.07,8.4,2.34,60.32223415682062,40.391214824982846,46.73990077958894,47.551761668653455,14.942528735632177,10.181937642434644,82.36436668380512,48.10260468918605,6.148095238095239,2.251904761904761,1268,23,Open ended,NIFTY 50 Equity Savings Index,1000.0,1000.0
DSP Focus Fund-Reg(IDCW),Equity - Focused Fund,-0.14,8.48,7.57,2.14,51.98711063372718,34.231297185998635,43.79872430900071,42.56617343704538,22.60536398467432,8.886827738732768,84.6075628384024,48.08631842429187,9.83,-2.26,1269,23,Open ended,NIFTY 500 - TRI,1000.0,1000.0
IDFC G-Sec-Invest-Reg(H-IDCW),Debt - Gilt Fund,3.83,1.34,4.29,1.24,60.515574650912995,21.980096087851752,32.175761871013464,34.78502469204486,57.08812260536398,19.966971466423594,65.41619094687628,48.018590734082494,4.311111111111111,-0.02111111111111086,1270,25,Open ended,CRISIL Dynamic Gilt Index,1000.0,1000.0
Kotak Equity Savings Fund(G),Hybrid - Equity Savings,6.42,9.19,8.16,2.07,66.07948442534908,35.449553877831164,45.889440113394755,46.795483105116546,25.287356321839095,15.571457645726685,73.02944420969453,47.97694168544168,6.148095238095239,2.011904761904761,1271,24,Open ended,NIFTY 50 Equity Savings Index - TRI,5000.0,1000.0
Aditya Birla SL Banking & Financial Services Fund-Reg(G),Equity - Sectoral Fund - Banks & Financial Services,5.25,9.05,8.19,2.1,63.56605800214823,35.20933424845574,45.99574769666903,46.27388572330088,24.13793103448276,14.31296790414118,75.20921238292485,47.97372871600234,8.781363636363636,-0.5913636363636368,1272,9,Open ended,Nifty Financial Services - TRI,1000.0,1000.0
SBI Credit Risk Fund-Reg(IDCW),Debt - Credit Risk Fund,5.52,4.3,5.87,1.55,64.14607948442534,27.05902539464654,37.77462792345854,39.8342374770083,45.21072796934866,19.08632658932427,66.94151261743757,47.95517888520071,4.7778125000000005,1.0921874999999996,1273,9,Open ended,NIFTY Credit Risk Bond Index,5000.0,1000.0
SBI Credit Risk Fund-Reg(G),Debt - Credit Risk Fund,5.52,4.3,5.87,1.55,64.14607948442534,27.05902539464654,37.77462792345854,39.8342374770083,45.21072796934866,19.08632658932427,66.94151261743757,47.95517888520071,4.7778125000000005,1.0921874999999996,1273,9,Open ended,NIFTY Credit Risk Bond Index,5000.0,1000.0
HDFC Credit Risk Debt Fund-(G),Debt - Credit Risk Fund,5.21,3.71,6.64,1.61,63.48012889366272,26.046671242278656,40.503189227498225,40.76162176516526,42.911877394636,18.877651780246683,67.30294798901969,47.93451722849655,4.7778125000000005,1.8621874999999992,1275,11,Open ended,NIFTY Credit Risk Bond Index,1000.0,1000.0
HSBC Managed Solutions India-Conservative(IDCW),FoFs (Domestic) - Debt Oriented,1.96,4.52,5.26,1.61,56.4983888292159,27.43651338366507,35.61304039688164,37.33715197938352,42.911877394636,14.986916391476141,74.0418993611765,47.907020178644885,7.596764705882354,-2.336764705882354,1276,31,Open ended,S&P BSE 200,5000.0,1000.0
HSBC Managed Solutions India-Conservative(G),FoFs (Domestic) - Debt Oriented,1.96,4.52,5.26,1.61,56.4983888292159,27.43651338366507,35.61304039688164,37.33715197938352,42.911877394636,14.986916391476141,74.0418993611765,47.907020178644885,7.596764705882354,-2.336764705882354,1276,31,Open ended,S&P BSE 200,5000.0,1000.0
Edelweiss Equity Savings Fund-Reg(IDCW),Hybrid - Equity Savings,3.84,8.86,7.44,2.06,60.537056928034374,34.883321894303364,43.33805811481219,44.24143701130398,25.670498084291182,13.07288699252821,77.35709552733485,47.877616908558494,6.148095238095239,1.2919047619047612,1278,25,Open ended,NIFTY 50 Equity Savings Index,5000.0,1000.0
HDFC Equity Savings Fund(IDCW),Hybrid - Equity Savings,4.95,10.36,7.23,2.09,62.921589688506984,37.45710363761153,42.59390503189228,45.118401544931,24.521072796934874,13.46626366083841,76.67574715130941,47.85840575952657,6.148095238095239,1.0819047619047613,1279,26,Open ended,NIFTY 50 Equity Savings Index - TRI,1000.0,1000.0
Canara Rob Conservative Hybrid Fund-Reg(Q-IDCW),Hybrid - Conservative Hybrid Fund,2.86,6.8,6.19,1.83,58.43179377013963,31.348661633493485,38.90857547838412,40.545244983268034,34.48275862068966,13.975003852955586,75.79458329071011,47.84195796948396,5.775925925925925,0.41407407407407515,1280,27,Open ended,CRISIL Hybrid 85+15 - Conservative Index,5000.0,1000.0
Nippon India Power & Infra Fund(IDCW),Equity - Sectoral Fund - Energy & Power,15.67,20.54,7.2,2.2,85.95059076262083,54.924502402196296,42.487597448618,54.911267597492056,20.30651340996168,22.384245023327853,61.229350330525364,47.83959973386779,9.631666666666666,-2.4316666666666658,1281,6,Open ended,Nifty Infrastructure - TRI,5000.0,1000.0
HDFC Credit Risk Debt Fund-(Q-IDCW),Debt - Credit Risk Fund,5.21,3.71,6.53,1.61,63.48012889366272,26.046671242278656,40.11339475549256,40.56672452916242,42.911877394636,18.908290626156102,67.24987995121928,47.823801601045034,4.7778125000000005,1.7521874999999998,1282,12,Open ended,NIFTY Credit Risk Bond Index,1000.0,1000.0
Union Largecap Fund-Reg(G),Equity - Large Cap Fund,1.4,13.31,9.48,2.62,55.295381310418904,42.51887439945094,50.5669737774628,49.09822547065046,4.214559386973171,6.459732582727183,88.8114149634084,47.805606322920625,10.044583333333334,-0.5645833333333332,1283,38,Open ended,S&P BSE 100 - TRI,1000.0,1000.0
Aditya Birla SL Tax Relief '96(G),Equity - ELSS,-0.65,6.16,5.08,1.78,50.89151450053705,30.250514756348668,34.975194897236,36.74105477563001,36.398467432950184,10.814363154216904,81.2689735653955,47.78738763740142,10.023387096774194,-4.9433870967741935,1284,53,Open ended,NIFTY 500 - TRI,1000.0,1000.0
UTI Infrastructure Fund-Reg(IDCW),Equity - Sectoral Fund - Infrastructure,7.12,14.01,7.74,2.29,67.58324382384532,43.71997254632808,44.401133947554925,48.83320750244495,16.858237547892706,13.58510161436234,76.46991377793844,47.748641582680264,9.401428571428571,-1.661428571428571,1285,24,Open ended,Nifty Infrastructure - TRI,5000.0,1000.0
UTI Infrastructure Fund-Reg(G),Equity - Sectoral Fund - Infrastructure,7.12,14.01,7.74,2.29,67.58324382384532,43.71997254632808,44.401133947554925,48.83320750244495,16.858237547892706,13.58510161436234,76.46991377793844,47.748641582680264,9.401428571428571,-1.661428571428571,1285,24,Open ended,Nifty Infrastructure - TRI,5000.0,1000.0
DSP Dynamic Asset Allocation Fund-Reg(M-IDCW),Hybrid - Dynamic Asset Allocation,1.73,6.49,6.59,1.9,56.004296455424274,30.816746739876464,40.32600992204111,40.60888827406835,31.800766283524908,12.719063222604936,77.96993627376752,47.74711977635728,6.648333333333333,-0.05833333333333357,1287,5,Open ended,CRISIL Hybrid 50+50 - Moderate Index,1000.0,1000.0
IDFC Hybrid Equity Fund-Reg(G),Hybrid - Aggressive Hybrid Fund,2.01,12.79,8.36,2.47,56.605800214822764,41.62663006177076,46.59815733522324,47.1082277291074,9.961685823754785,7.629378938358011,86.78552804856803,47.740917332634396,9.219019607843137,-0.8590196078431376,1288,39,Open ended,CRISIL Hybrid 35+65 - Aggressive Index,1000.0,1000.0
Kotak Equity Savings Fund(M-IDCW Payout),Hybrid - Equity Savings,6.41,9.18,7.91,2.07,66.05800214822771,35.43239533287578,45.00354358610914,46.34309082256284,25.287356321839095,15.66750829497079,72.86307960510376,47.70915439301714,6.148095238095239,1.761904761904761,1289,27,Open ended,NIFTY 50 Equity Savings Index - TRI,5000.0,1000.0
UTI MNC Fund-Reg(G),Equity - Thematic Fund - MNC,2.32,9.36,6.7,2.07,57.271750805585384,35.74124914207275,40.71580439404677,42.534627100762286,25.287356321839095,11.272444746809219,80.47555297301355,47.70804087409431,6.773333333333333,-0.07333333333333325,1290,3,Open ended,NIFTY MNC - TRI,5000.0,1000.0
DSP Top 100 Equity Fund-Reg(IDCW),Equity - Large Cap Fund,3.89,8.87,7.54,2.09,60.64446831364124,34.90048043925875,43.69241672572643,44.44524615736909,24.521072796934874,13.085762672850374,77.33479419483484,47.68658982662697,10.044583333333334,-2.5045833333333336,1291,39,Open ended,S&P BSE 100 - TRI,1000.0,1000.0
UTI MNC Fund-Reg(IDCW),Equity - Thematic Fund - MNC,2.32,9.36,6.62,2.07,57.271750805585384,35.74124914207275,40.432317505315375,42.39288365639659,25.287356321839095,11.322066493838323,80.38960558599881,47.615682305157776,6.773333333333333,-0.15333333333333332,1292,4,Open ended,NIFTY MNC - TRI,5000.0,1000.0
Aditya Birla SL Banking & Financial Services Fund-Reg(IDCW),Equity - Sectoral Fund - Banks & Financial Services,5.27,9.06,7.84,2.1,63.60902255639097,35.226492793411126,44.755492558469165,45.66749862853611,24.13793103448276,14.444291984791374,74.98175240298144,47.613670173634105,8.781363636363636,-0.9413636363636364,1293,10,Open ended,Nifty Financial Services - TRI,1000.0,1000.0
IDFC Hybrid Equity Fund-Reg(IDCW),Hybrid - Aggressive Hybrid Fund,0.93,12.41,8.14,2.47,54.285714285714285,40.97460535346603,45.818568391211905,46.05880865878862,9.961685823754785,6.737236803962684,88.33076355291367,47.602516673561425,9.219019607843137,-1.0790196078431364,1294,40,Open ended,CRISIL Hybrid 35+65 - Aggressive Index,1000.0,1000.0
SBI Magnum Income Fund-Reg(G),Debt - Medium to Long Duration Fund,6.08,3.49,5.3,1.46,65.34908700322234,25.66918325326013,35.75478384124734,38.647964297246176,48.659003831417614,20.623760085839326,64.27859968821522,47.558383028531296,4.3271875,0.9728124999999999,1295,13,Open ended,CRISIL Medium to Long Term Debt Index,5000.0,1000.0
SBI Magnum Income Fund-Reg(IDCW),Debt - Medium to Long Duration Fund,6.08,3.49,5.3,1.46,65.34908700322234,25.66918325326013,35.75478384124734,38.647964297246176,48.659003831417614,20.623760085839326,64.27859968821522,47.558383028531296,4.3271875,0.9728124999999999,1295,13,Open ended,CRISIL Medium to Long Term Debt Index,5000.0,1000.0
LIC MF Large Cap Fund-Reg(G),Equity - Large Cap Fund,-1.28,9.85,10.21,2.46,49.53813104189044,36.582017844886764,53.153791637136784,47.45912738041251,10.344827586206895,8.713567556164874,84.90765827753866,47.54268515614264,10.044583333333334,0.1654166666666672,1297,40,Open ended,NIFTY 100 - TRI,5000.0,1000.0
UTI Multi Asset Fund-Reg(G),Hybrid - Multi Asset Allocation,4.33,8.7,6.25,1.93,61.58968850698173,34.60878517501717,39.12119064493267,42.26116857636783,30.651340996168575,14.452014530338225,74.96837656173052,47.535513677658685,10.563571428571427,-4.313571428571427,1298,13,Open ended,NULL,5000.0,1000.0
Invesco India Gilt Fund(G),Debt - Gilt Fund,4.05,3.49,3.07,1.25,60.98818474758324,25.66918325326013,27.85258681785967,33.82468533442452,56.704980842911866,19.79127319402083,65.72050928147993,47.51871519831021,4.311111111111111,-1.241111111111111,1299,26,Open ended,Nifty All Duration G-Sec Index,1000.0,1000.0
Invesco India Gilt Fund(M-IDCW),Debt - Gilt Fund,4.05,3.49,3.07,1.25,60.98818474758324,25.66918325326013,27.85258681785967,33.82468533442452,56.704980842911866,19.79127319402083,65.72050928147993,47.51871519831021,4.311111111111111,-1.241111111111111,1299,26,Open ended,Nifty All Duration G-Sec Index,1000.0,1000.0
Axis Children's Gift Fund-Compulsory Lock in-Reg(IDCW),Solution Oriented - Children's Fund,-4.28,9.37,9.09,2.37,43.09344790547798,35.758407687028146,49.184975194897234,43.93869948465266,13.793103448275845,6.722874320400241,88.3556401041667,47.506535630436964,8.626999999999999,0.46300000000000097,1301,5,Open ended,NIFTY 50 Hybrid Composite Debt 65:35 Index,5000.0,1000.0
Axis Children's Gift Fund-Compulsory Lock in-Reg(G),Solution Oriented - Children's Fund,-4.28,9.37,9.09,2.37,43.09344790547798,35.758407687028146,49.184975194897234,43.93869948465266,13.793103448275845,6.722874320400241,88.3556401041667,47.506535630436964,8.626999999999999,0.46300000000000097,1301,5,Open ended,NIFTY 50 Hybrid Composite Debt 65:35 Index,5000.0,1000.0
Franklin India Multi-Asset Solution FoF(IDCW),FoFs (Domestic) - Debt Oriented,4.71,4.21,4.07,1.4,62.406015037593974,26.90459849004805,31.396172927002127,36.25066901803427,50.957854406130274,19.3310420719668,66.51765296810197,47.4942113525752,7.596764705882354,-3.5267647058823535,1303,33,Open ended,NULL,5000.0,1000.0
Franklin India Multi-Asset Solution FoF(G),FoFs (Domestic) - Debt Oriented,4.71,4.21,4.07,1.4,62.406015037593974,26.90459849004805,31.396172927002127,36.25066901803427,50.957854406130274,19.3310420719668,66.51765296810197,47.4942113525752,7.596764705882354,-3.5267647058823535,1303,33,Open ended,NULL,5000.0,1000.0
LIC MF Large Cap Fund-Reg(IDCW),Equity - Large Cap Fund,-1.28,9.85,9.9,2.46,49.53813104189044,36.582017844886764,52.055279943302615,46.90987153349542,10.344827586206895,8.302798200323048,85.61913167204904,47.44592558131169,10.044583333333334,-0.14458333333333329,1305,41,Open ended,NIFTY 100 - TRI,5000.0,1000.0
Aditya Birla SL Tax Relief '96(ELSS U/S 80C of IT ACT)(IDCW),Equity - ELSS,-0.65,6.16,4.75,1.78,50.89151450053705,30.250514756348668,33.805811481218996,36.15636306762151,36.398467432950184,11.03488599024168,80.8870168091714,47.39955259434115,10.023387096774194,-5.273387096774194,1306,54,Open ended,NIFTY 500 - TRI,1000.0,1000.0
Axis Focused 25 Fund-Reg(G),Equity - Focused Fund,-12.45,5.42,8.3,1.82,25.542427497314712,28.98078242964997,46.3855421686747,36.99549131269528,34.86590038314177,11.174251469467295,80.64562871833147,47.37562793171595,9.83,-1.5299999999999994,1307,24,Open ended,NIFTY 500 - TRI,1000.0,1000.0
LIC MF Infra Fund-Reg(IDCW),Equity - Sectoral Fund - Infrastructure,6.1,15.39,9.05,2.61,65.39205155746508,46.087851750171595,49.04323175053153,51.42638171181026,4.597701149425282,10.397678508734694,81.99069254210451,47.360289278787576,9.401428571428571,-0.35142857142857054,1308,26,Open ended,Nifty Infrastructure - TRI,5000.0,1000.0
LIC MF Infra Fund-Reg(G),Equity - Sectoral Fund - Infrastructure,6.1,15.39,9.05,2.61,65.39205155746508,46.087851750171595,49.04323175053153,51.42638171181026,4.597701149425282,10.397678508734694,81.99069254210451,47.360289278787576,9.401428571428571,-0.35142857142857054,1308,26,Open ended,Nifty Infrastructure - TRI,5000.0,1000.0
Taurus Tax Shield Fund-Reg(G),Equity - ELSS,7.5,12.47,9.4,2.44,68.39957035445757,41.077556623198355,50.28348688873139,51.14492450221671,11.111111111111116,13.901043525110692,75.92268633628191,47.33091161295661,10.023387096774194,-0.6233870967741932,1310,55,Open ended,S&P BSE 500 - TRI,1000.0,1000.0
Taurus Tax Shield Fund-Reg(IDCW),Equity - ELSS,7.51,12.47,9.4,2.44,68.42105263157893,41.077556623198355,50.28348688873139,51.14922095764099,11.111111111111116,13.912747255007417,75.90241488146272,47.32799197696396,10.023387096774194,-0.6233870967741932,1311,56,Open ended,S&P BSE 500 - TRI,1000.0,1000.0
Baroda BNP Paribas Focused Fund-Reg(IDCW),Equity - Focused Fund,3.53,12.09,8.48,2.44,59.871106337271755,40.42553191489362,47.02338766832034,47.61357467608261,11.111111111111116,9.8887641640719,82.87215804376109,47.302604626759354,9.83,-1.3499999999999996,1312,25,Open ended,NIFTY 500 - TRI,5000.0,1000.0
Baroda BNP Paribas Focused Fund-Reg(G),Equity - Focused Fund,3.53,12.09,8.48,2.44,59.871106337271755,40.42553191489362,47.02338766832034,47.61357467608261,11.111111111111116,9.8887641640719,82.87215804376109,47.302604626759354,9.83,-1.3499999999999996,1312,25,Open ended,NIFTY 500 - TRI,5000.0,1000.0
Nippon India Retirement Fund-Wealth Creation(G),Solution Oriented - Retirement Fund,2.63,10.0,5.5,1.98,57.937701396348004,36.839396019217574,36.46350106307583,40.871109616572795,28.735632183908045,12.291060889648014,78.71125806020692,47.29727736931514,7.109999999999999,-1.6099999999999994,1314,5,Open ended,S&P BSE 500 - TRI,1000.0,1000.0
Sundaram Global Brand Fund(G),FoFs (Overseas),-1.21,9.49,7.59,2.32,49.68850698174006,35.9643102264928,43.869596031183555,42.66179247988763,15.708812260536398,6.88847884612526,88.06880465164761,47.275300467989815,6.912058823529412,0.677941176470588,1315,18,Open ended,MSCI AC World Index,1000.0,NULL
Sundaram Global Brand Fund(IDCW),FoFs (Overseas),-1.21,9.47,7.58,2.32,49.68850698174006,35.92999313658202,43.834160170092126,42.633779422368676,15.708812260536398,6.904659493319056,88.04077894860862,47.254287513470594,6.912058823529412,0.6679411764705883,1316,19,Open ended,MSCI AC World Index,1000.0,NULL
Axis Focused 25 Fund-Reg(IDCW),Equity - Focused Fund,-12.42,5.04,7.82,1.82,25.606874328678835,28.328757721345234,44.68462083628632,35.962312600282495,34.86590038314177,10.318941477096807,82.12706908133849,47.22939866626132,9.83,-2.01,1317,27,Open ended,NIFTY 500 - TRI,1000.0,1000.0
Bank of India Large & Mid Cap Equity Fund-Reg(G),Equity - Large & Mid Cap Fund,3.56,14.37,8.4,2.57,59.93555316863587,44.33768016472204,46.73990077958894,48.65836507293825,6.130268199233724,8.39830883870155,85.45370239371414,47.22517518470609,10.412619047619048,-2.0126190476190473,1318,40,Open ended,S&P BSE 250 LargeMidCap Index - TRI,5000.0,1000.0
IDFC G-Sec-Invest-Reg(A-IDCW),Debt - Gilt Fund,3.83,1.34,3.59,1.24,60.515574650912995,21.980096087851752,29.695251594613747,33.544769553845,57.08812260536398,20.389535902321413,64.68428787442957,47.215487396870884,4.311111111111111,-0.721111111111111,1319,28,Open ended,CRISIL Dynamic Gilt Index,1000.0,1000.0
Bank of India Large & Mid Cap Equity Fund-Reg(Q-IDCW),Equity - Large & Mid Cap Fund,3.54,14.35,8.37,2.57,59.89258861439313,44.303363074811266,46.63359319631466,48.58632324347934,6.130268199233724,8.408873139326683,85.43540448828497,47.18457979361935,10.412619047619048,-2.0426190476190484,1320,41,Open ended,S&P BSE 250 LargeMidCap Index - TRI,5000.0,1000.0
UTI Multi Asset Fund-Reg(IDCW),Hybrid - Multi Asset Allocation,4.33,8.66,5.96,1.93,61.58968850698173,34.54015099519561,38.09355067328136,41.72675833659571,30.651340996168575,14.699051114351965,74.54049664689047,47.161338579062615,10.563571428571427,-4.603571428571427,1321,14,Open ended,NULL,5000.0,1000.0
Invesco India Gilt Fund(Q-IDCW),Debt - Gilt Fund,4.05,3.49,2.77,1.25,60.98818474758324,25.66918325326013,26.789510985116937,33.29314741805316,56.704980842911866,20.075840737456744,65.22762383806388,47.12972487927051,4.311111111111111,-1.5411111111111109,1322,29,Open ended,Nifty All Duration G-Sec Index,1000.0,1000.0
HSBC Asia Pacific (Ex Japan) DYF-Reg(G),FoFs (Overseas),-6.98,5.88,5.86,2.06,37.29323308270676,29.77007549759781,37.73919206236711,35.25926529700425,25.670498084291182,4.477789601369604,92.24424090482425,47.108317395780986,6.912058823529412,-1.0520588235294115,1323,20,Open ended,MSCI Asia (ex-Japan) Standard Index,5000.0,1000.0
HSBC Asia Pacific (Ex Japan) DYF-Reg(IDCW-Payout),FoFs (Overseas),-6.98,5.88,5.86,2.06,37.29323308270676,29.77007549759781,37.73919206236711,35.25926529700425,25.670498084291182,4.477789601369604,92.24424090482425,47.108317395780986,6.912058823529412,-1.0520588235294115,1323,20,Open ended,MSCI Asia (ex-Japan) Standard Index,5000.0,1000.0
HSBC Medium Duration Fund-Reg(G),Debt - Medium Duration Fund,5.41,2.78,4.89,1.45,63.90977443609023,24.450926561427593,34.30191353649894,37.26818962389579,49.042145593869726,20.537234668719563,64.42846610681273,47.00174773711851,3.55972972972973,1.3302702702702698,1325,17,Open ended,NIFTY Medium Duration Debt Index,5000.0,1000.0
UTI CCF- Investment Plan(G),Solution Oriented - Children's Fund,-2.61,13.28,9.27,2.72,46.68098818474758,42.467398764584765,49.82282069454288,46.98782761359638,0.3831417624520883,3.690701809706462,93.60751695000201,46.99157848491171,8.626999999999999,0.6430000000000007,1326,7,Open ended,NIFTY 500 - TRI,1000.0,1000.0
UTI CCF- Investment Plan(IDCW),Solution Oriented - Children's Fund,-2.61,13.28,9.27,2.72,46.68098818474758,42.467398764584765,49.82282069454288,46.98782761359638,0.3831417624520883,3.690701809706462,93.60751695000201,46.99157848491171,8.626999999999999,0.6430000000000007,1326,7,Open ended,NIFTY 500 - TRI,1000.0,1000.0
PGIM India Large Cap Fund(G),Equity - Large Cap Fund,3.53,11.42,9.15,2.5,59.871106337271755,39.27590940288263,49.39759036144578,48.45578926904203,8.812260536398453,10.298099331827313,82.16316873588399,46.971751952591625,10.044583333333334,-0.8945833333333333,1328,42,Open ended,NIFTY 100 - TRI,5000.0,1000.0
Axis Balanced Advantage Fund-Reg(G),Hybrid - Balanced Advantage,1.77,7.21,6.78,2.05,56.09022556390977,32.05216197666439,40.999291282778174,41.33333934717036,26.053639846743295,12.149183246362732,78.95699734683515,46.919328971979795,7.937894736842105,-1.1578947368421044,1329,14,Open ended,NIFTY 50 Hybrid Composite Debt 50:50 Index,1000.0,1000.0
HSBC Medium Duration Fund-Reg(IDCW-Payout),Debt - Medium Duration Fund,5.41,2.78,4.78,1.45,63.90977443609023,24.450926561427593,33.91211906449326,37.073292387892955,49.042145593869726,20.600866353015896,64.31825279664031,46.87674579157399,3.55972972972973,1.2202702702702704,1330,18,Open ended,NIFTY Medium Duration Debt Index,5000.0,1000.0
Bank of India Large & Mid Cap Equity Fund-Reg(IDCW),Equity - Large & Mid Cap Fund,3.58,14.36,8.11,2.57,59.97851772287862,44.32052161976665,45.712260807937625,48.147990434474536,6.130268199233724,8.666370504196689,84.98940596951503,46.85391375942446,10.412619047619048,-2.3026190476190482,1331,42,Open ended,S&P BSE 250 LargeMidCap Index - TRI,5000.0,1000.0
Axis Balanced Advantage Fund-Reg(IDCW),Hybrid - Balanced Advantage,1.78,7.21,6.7,2.05,56.11170784103115,32.05216197666439,40.71580439404677,41.19589235822893,26.053639846743295,12.185745019521105,78.89367049811004,46.834773765327796,7.937894736842105,-1.2378947368421045,1332,15,Open ended,NIFTY 50 Hybrid Composite Debt 50:50 Index,1000.0,1000.0
Aditya Birla SL Small Cap Fund(G),Equity - Small cap Fund,-2.31,16.86,3.94,2.07,47.325456498388824,48.6101578586136,30.935506732813607,39.51589202366865,25.287356321839095,9.85456073198078,82.93140012593614,46.812635123778136,12.12758620689655,-8.187586206896551,1333,28,Open ended,S&P BSE 250 Small Cap - TRI,1000.0,1000.0
IDFC Focused Equity Fund-Reg(G),Equity - Focused Fund,-4.19,8.67,5.75,2.22,43.286788399570355,34.557309540150996,37.34939759036144,37.69924933714009,19.540229885057457,4.458179121166996,92.278207252896,46.80423395305841,9.83,-4.08,1334,28,Open ended,S&P BSE 500 - TRI,1000.0,1000.0
Nippon India Retirement Fund-Wealth Creation(IDCW),Solution Oriented - Retirement Fund,2.63,9.6,5.27,1.98,57.937701396348004,36.153054221002066,35.64847625797306,40.25769467455675,28.735632183908045,12.725532135201314,77.95873178848086,46.8024383303756,7.109999999999999,-1.8399999999999999,1335,6,Open ended,S&P BSE 500 - TRI,1000.0,1000.0
Kotak Gilt Fund-Reg(G),Debt - Gilt Fund,6.07,2.81,5.07,1.48,65.32760472610096,24.502402196293758,34.93975903614458,37.88612112218061,47.89272030651341,21.209497656626844,63.26407245570926,46.73225875164597,4.311111111111111,0.7588888888888894,1336,30,Open ended,Nifty All Duration G-Sec Index,5000.0,1000.0
Sundaram Fin Serv Opp Fund(G),Equity - Sectoral Fund - Banks & Financial Services,9.85,10.57,10.72,2.46,73.44790547798065,37.81743308167468,54.96102055279943,53.51532129649826,10.344827586206895,17.81945598122513,69.13579687728095,46.62781676412109,8.781363636363636,1.9386363636363644,1337,11,Open ended,Nifty Financial Services - TRI,1000.0,1000.0
Axis Credit Risk Fund-Reg(G),Debt - Credit Risk Fund,5.47,4.24,5.72,1.67,64.03866809881848,26.95607412491421,37.24309000708716,39.516100860781535,40.613026819923384,19.14394802917966,66.84170935600275,46.6217344743723,4.7778125000000005,0.9421874999999993,1338,13,Open ended,NIFTY Credit Risk Bond Index,5000.0,1000.0
IDBI Equity Advantage Fund-Reg(G),Equity - ELSS,2.73,11.01,8.09,2.43,58.15252416756176,38.572409059711745,45.64138908575478,46.02292209430327,11.494252873563205,9.915307082826306,82.82618435989728,46.59157035551675,10.023387096774194,-1.9333870967741937,1339,57,Open ended,NIFTY 500 - TRI,1000.0,1000.0
Invesco India Gilt Fund(A-IDCW),Debt - Gilt Fund,4.03,3.54,2.34,1.25,60.94522019334049,25.754975978037066,25.26576895818568,32.54842131117206,56.704980842911866,20.45978108339529,64.56261965182276,46.591110779269684,4.311111111111111,-1.971111111111111,1340,31,Open ended,Nifty All Duration G-Sec Index,1000.0,1000.0
Taurus Banking & Fin Serv Fund-Reg(IDCW),Equity - Sectoral Fund - Banks & Financial Services,9.88,9.19,11.36,2.43,73.51235230934479,35.449553877831164,57.22891566265061,53.95179445654361,11.494252873563205,19.097414891458445,66.9223071147715,46.58003722535548,8.781363636363636,2.578636363636363,1341,12,Open ended,S&P BSE BANKEX - TRI,5000.0,1000.0
Axis Credit Risk Fund-Reg(W-IDCW),Debt - Credit Risk Fund,5.47,4.24,5.67,1.67,64.03866809881848,26.95607412491421,37.065910701630045,39.42751120805298,40.613026819923384,19.16966880712395,66.79715966179305,46.5663022244556,4.7778125000000005,0.8921874999999995,1342,14,Open ended,NIFTY Credit Risk Bond Index,5000.0,1000.0
Aditya Birla SL Small Cap Fund(IDCW),Equity - Small cap Fund,-2.31,16.86,3.8,2.07,47.325456498388824,48.6101578586136,30.43940467753366,39.267840996028674,25.287356321839095,10.140393441161411,82.43632335117023,46.56484041626667,12.12758620689655,-8.327586206896552,1343,29,Open ended,S&P BSE 250 Small Cap - TRI,1000.0,1000.0
Axis Credit Risk Fund-Reg(M-IDCW),Debt - Credit Risk Fund,5.47,4.24,5.65,1.67,64.03866809881848,26.95607412491421,36.9950389794472,39.39207534696156,40.613026819923384,19.180100221888377,66.77909192142623,46.54406735881818,4.7778125000000005,0.8721874999999999,1344,15,Open ended,NIFTY Credit Risk Bond Index,5000.0,1000.0
ICICI Pru Child Care Fund-Gift Plan,Solution Oriented - Children's Fund,1.62,9.77,7.89,2.37,55.76799140708915,36.444749485243655,44.93267186392629,44.55335905895407,13.793103448275845,9.68535539082206,83.22447237373507,46.531073484979764,8.626999999999999,-0.7369999999999992,1345,9,Open ended,NIFTY 50 Hybrid Composite Debt 65:35 Index,5000.0,1000.0
Taurus Banking & Fin Serv Fund-Reg(G),Equity - Sectoral Fund - Banks & Financial Services,9.89,9.15,11.33,2.43,73.53383458646616,35.38091969800961,57.12260807937633,53.88234686638428,11.494252873563205,19.138418097399764,66.85128747880792,46.52755852128492,8.781363636363636,2.548636363636364,1346,13,Open ended,S&P BSE BANKEX - TRI,5000.0,1000.0
PGIM India Large Cap Fund(IDCW),Equity - Large Cap Fund,3.55,11.44,8.64,2.5,59.91407089151449,39.31022649279342,47.59036144578313,47.57106284903249,8.812260536398453,10.367841734173673,82.04237135157818,46.4991893965104,10.044583333333334,-1.404583333333333,1347,43,Open ended,NIFTY 100 - TRI,5000.0,1000.0
IDBI Equity Advantage Fund-Reg(IDCW),Equity - ELSS,2.71,11.01,7.96,2.43,58.10955961331901,38.572409059711745,45.18072289156626,45.78399608636046,11.494252873563205,9.93751211682564,82.78772411282665,46.46249228977769,10.023387096774194,-2.0633870967741936,1348,58,Open ended,NIFTY 500 - TRI,1000.0,1000.0
IDFC Focused Equity Fund-Reg(IDCW),Equity - Focused Fund,-4.17,8.38,5.58,2.22,43.3297529538131,34.059711736444754,36.74698795180723,37.257358087599656,19.540229885057457,4.769484820204976,91.73900996547647,46.448489006433306,9.83,-4.25,1349,29,Open ended,S&P BSE 500 - TRI,1000.0,1000.0
Aditya Birla SL Infrastructure Fund(G),Equity - Sectoral Fund - Infrastructure,9.13,19.38,7.35,2.53,71.90118152524167,52.934111187371315,43.01913536498937,51.77003734375441,7.662835249042144,14.6755414049084,74.58121665811791,46.446031648667216,9.401428571428571,-2.0514285714285716,1350,28,Open ended,Nifty Infrastructure - TRI,1000.0,1000.0
Aditya Birla SL Intl. Equity Fund-A(G),Equity - Thematic Fund - Global,4.56,8.57,11.08,2.49,62.083780880773354,34.38572409059712,56.23671155209071,50.85082917937916,9.195402298850563,14.599293491630561,74.71328191788623,46.40258564387378,8.786923076923078,2.2930769230769226,1351,3,Open ended,S&P Global 1200,1000.0,1000.0
IDFC Infrastructure Fund-Reg(IDCW),Equity - Sectoral Fund - Infrastructure,5.91,20.53,6.01,2.43,64.98388829215897,54.90734385724092,38.27072997873848,48.604345804973306,11.494252873563205,13.490159970444653,76.63435752895799,46.33432550311695,9.401428571428571,-3.3914285714285715,1352,29,Open ended,S&P BSE India Infrastructure Index - TRI,1000.0,1000.0
IDFC Infrastructure Fund-Reg(G),Equity - Sectoral Fund - Infrastructure,5.86,20.52,6.0,2.43,64.8764769065521,54.890185312285524,38.23529411764706,48.55999803381961,11.494252873563205,13.458974954175964,76.68837156157022,46.32565512569316,9.401428571428571,-3.4014285714285712,1353,30,Open ended,S&P BSE India Infrastructure Index - TRI,1000.0,1000.0
Kotak Gilt Fund-Reg(Q-IDCW),Debt - Gilt Fund,6.07,2.81,4.7,1.48,65.32760472610096,24.502402196293758,33.62863217576187,37.23055769198926,47.89272030651341,21.427436057482744,62.88659207250653,46.31010694074962,4.311111111111111,0.3888888888888893,1354,32,Open ended,Nifty All Duration G-Sec Index,5000.0,1000.0
Axis Equity Saver Fund-Reg(G),Hybrid - Equity Savings,1.67,7.38,7.68,2.22,55.87540279269603,32.34385724090597,44.18851878100637,42.972497121314184,19.540229885057457,11.765860932929298,79.62093106937671,46.27653879926564,6.148095238095239,1.5319047619047605,1355,28,Open ended,NIFTY 50 Equity Savings Index,1000.0,1000.0
Sundaram Ultra Short Duration Fund(G),Debt - Ultra Short Duration Fund,4.95,4.02,3.45,1.43,62.921589688506984,26.578586135895677,29.199149539333803,35.157468548137004,49.808429118773944,20.26854800502133,64.89384505965424,46.25430281867555,4.4264935064935065,-0.9764935064935063,1356,75,Open ended,NIFTY Ultra Short Duration Debt Index,1000.0,1000.0
Sundaram Fin Serv Opp Fund(IDCW),Equity - Sectoral Fund - Banks & Financial Services,9.85,10.42,10.41,2.46,73.44790547798065,37.56005490734387,53.86250885896526,52.88885199728192,10.344827586206895,17.968934229892575,68.87689295596252,46.24985613418331,8.781363636363636,1.6286363636363639,1357,14,Open ended,Nifty Financial Services - TRI,1000.0,1000.0
Invesco India PSU Equity Fund(G),Equity - Thematic Fund - Other,12.51,14.35,9.11,2.47,79.16219119226638,44.303363074811266,49.255846917080085,53.7513706194367,9.961685823754785,18.859367353458516,67.33461754520405,46.19976115195806,8.65263157894737,0.45736842105262987,1358,9,Open ended,S&P BSE PSU - TRI,1000.0,1000.0
PGIM India Gilt Fund(G),Debt - Gilt Fund,3.47,2.46,3.91,1.46,59.742212674543495,23.901853122855186,30.82919914953933,34.53359804653492,48.659003831417614,19.010882176904126,67.07218617289644,46.19959652434597,4.311111111111111,-0.40111111111111075,1359,33,Open ended,CRISIL Dynamic Gilt Index,5000.0,1000.0
IDBI Midcap Fund(G),Equity - Mid Cap Fund,-1.99,12.94,6.5,2.53,48.01288936627282,41.884008236101586,40.00708717221828,42.17132393019418,7.662835249042144,4.186862097843414,92.7481421222508,46.188406307920324,11.362272727272726,-4.862272727272726,1360,44,Open ended,Nifty Midcap 150 - TRI,5000.0,1000.0
Sundaram Infra Advantage Fund(G),Equity - Sectoral Fund - Infrastructure,5.42,16.69,7.45,2.59,63.931256713211596,48.318462594372,43.37349397590361,48.96853710890572,5.363984674329503,10.730281633445589,81.41460703134908,46.1789164808725,9.401428571428571,-1.951428571428571,1361,31,Open ended,S&P BSE 100 - TRI,1000.0,1000.0
Sundaram Ultra Short Duration Fund(DD-IDCW),Debt - Ultra Short Duration Fund,4.95,4.02,3.39,1.43,62.921589688506984,26.578586135895677,28.986534372785254,35.05116096486273,49.808429118773944,20.32322194443978,64.79914701873156,46.17747451680774,4.4264935064935065,-1.0364935064935064,1362,76,Open ended,NIFTY Ultra Short Duration Debt Index,1000.0,1000.0
Sundaram Ultra Short Duration Fund(M-IDCW),Debt - Ultra Short Duration Fund,4.95,4.02,3.38,1.43,62.921589688506984,26.578586135895677,28.95109851169383,35.03344303431702,49.808429118773944,20.332392025994604,64.78326397156904,46.16464478974426,4.4264935064935065,-1.0464935064935066,1363,77,Open ended,NIFTY Ultra Short Duration Debt Index,1000.0,1000.0
Aditya Birla SL Infrastructure Fund(IDCW),Equity - Sectoral Fund - Infrastructure,9.09,19.06,7.21,2.53,71.81525241675617,52.3850377487989,42.523033309709426,51.34007846284561,7.662835249042144,14.904286149822564,74.1850191379622,46.132002828173896,9.401428571428571,-2.1914285714285713,1364,32,Open ended,Nifty Infrastructure - TRI,1000.0,1000.0
HSBC Balanced Advantage Fund-Reg(G),Hybrid - Balanced Advantage,3.42,7.46,6.8,2.1,59.63480128893662,32.48112560054908,41.07016300496101,42.206379440432556,24.13793103448276,13.878877605552072,75.96107883515393,46.12794218762545,7.937894736842105,-1.1378947368421048,1365,16,Open ended,NIFTY 50 Hybrid Composite Debt 50:50 Index,5000.0,1000.0
LIC MF G-Sec Fund-Reg(IDCW),Debt - Gilt Fund,3.04,1.99,4.09,1.48,58.81847475832438,23.09540150995196,31.46704464918497,34.42583772924295,47.89272030651341,18.682982899662044,67.64012438084484,46.096130036461034,4.311111111111111,-0.22111111111111104,1366,34,Open ended,Nifty All Duration G-Sec Index,10000.0,1000.0
LIC MF G-Sec Fund-Reg(G),Debt - Gilt Fund,3.04,1.99,4.09,1.48,58.81847475832438,23.09540150995196,31.46704464918497,34.42583772924295,47.89272030651341,18.682982899662044,67.64012438084484,46.096130036461034,4.311111111111111,-0.22111111111111104,1366,34,Open ended,Nifty All Duration G-Sec Index,10000.0,1000.0
LIC MF ST Debt Fund-Reg(G),Debt - Short Duration Fund,3.82,2.28,3.81,1.44,60.49409237379162,23.592999313658204,30.474840538625088,34.41413853816833,49.42528735632183,19.62229127132978,66.01319455714153,46.066689747450006,5.2086538461538465,-1.3986538461538465,1368,47,Open ended,NULL,5000.0,1000.0
LIC MF ST Debt Fund-Reg(IDCW),Debt - Short Duration Fund,3.82,2.28,3.81,1.44,60.49409237379162,23.592999313658204,30.474840538625088,34.41413853816833,49.42528735632183,19.62229127132978,66.01319455714153,46.066689747450006,5.2086538461538465,-1.3986538461538465,1368,47,Open ended,NULL,5000.0,1000.0
Aditya Birla SL Intl. Equity Fund-B(G),Equity - Thematic Fund - Global,-0.91,10.89,7.79,2.55,50.33297529538131,38.36650652024709,44.57831325301205,43.86570364165641,6.896551724137945,5.984689535993378,89.63421365613365,46.0655431658961,8.786923076923078,-0.9969230769230775,1370,4,Open ended,NULL,1000.0,NULL
LIC MF Tax Plan-Reg(G),Equity - ELSS,-0.08,9.26,8.77,2.5,52.11600429645542,35.56966369251888,48.05102763997164,45.11961378703258,8.812260536398453,8.622546690585974,85.0653110412702,46.02919978793345,10.023387096774194,-1.253387096774194,1371,59,Open ended,NIFTY 500 - TRI,1000.0,1000.0
Invesco India Credit Risk Fund(M-IDCW),Debt - Credit Risk Fund,4.27,2.51,4.28,1.5,61.460794844253485,23.987645847632123,32.140326009922035,35.55861572810135,47.12643678160919,19.707836775491884,65.86502539757366,46.027173408846394,4.7778125000000005,-0.4978125000000002,1372,16,Open ended,NIFTY Credit Risk Bond Index,1000.0,1000.0
Axis Equity Saver Fund-Reg(Q-IDCW),Hybrid - Equity Savings,1.73,7.39,7.4,2.22,56.004296455424274,32.36101578586136,43.19631467044649,42.507321362066506,19.540229885057457,11.835348327097247,79.50057537219226,46.01386199534568,6.148095238095239,1.2519047619047612,1373,29,Open ended,NIFTY 50 Equity Savings Index,1000.0,1000.0
IDFC G-Sec-Invest-Reg(IDCW),Debt - Gilt Fund,3.83,1.34,2.59,1.24,60.515574650912995,21.980096087851752,26.15166548547129,31.77297649927377,57.08812260536398,21.147353468988488,63.37170934609399,46.00144623750138,4.311111111111111,-1.721111111111111,1374,36,Open ended,CRISIL Dynamic Gilt Index,1000.0,1000.0
Shriram Hybrid Equity Fund-Reg(G),Hybrid - Aggressive Hybrid Fund,1.98,9.09,7.67,2.35,56.54135338345865,35.27796842827728,44.15308291991495,43.96820266513239,14.559386973180066,10.67995351167956,81.50177789529735,45.99939254968555,9.219019607843137,-1.549019607843137,1375,41,Open ended,CRISIL Hybrid 35+65 - Aggressive Index,5000.0,1000.0
Shriram Hybrid Equity Fund-Reg(IDCW-Payout),Hybrid - Aggressive Hybrid Fund,1.98,9.09,7.67,2.35,56.54135338345865,35.27796842827728,44.15308291991495,43.96820266513239,14.559386973180066,10.67995351167956,81.50177789529735,45.99939254968555,9.219019607843137,-1.549019607843137,1375,41,Open ended,CRISIL Hybrid 35+65 - Aggressive Index,5000.0,1000.0
PGIM India Gilt Fund(Q-IDCW),Debt - Gilt Fund,3.47,2.46,3.74,1.46,59.742212674543495,23.901853122855186,30.22678951098512,34.232393227257816,48.659003831417614,19.12980396149816,66.8662075998528,45.99749947144651,4.311111111111111,-0.5711111111111107,1377,37,Open ended,CRISIL Dynamic Gilt Index,5000.0,1000.0
JM Large Cap Fund-Reg(IDCW),Equity - Large Cap Fund,5.31,12.71,8.23,2.53,63.69495166487648,41.48936170212767,46.13749114103472,48.25454441413096,7.662835249042144,11.711516788478102,79.71505788866004,45.97174549149103,10.044583333333334,-1.8145833333333332,1378,44,Open ended,S&P BSE 100 - TRI,5000.0,1000.0
Axis Equity Saver Fund-Reg(M-IDCW),Hybrid - Equity Savings,1.64,7.35,7.34,2.22,55.8109559613319,32.29238160603981,42.983699503897945,42.34175542602729,19.540229885057457,11.775441437749766,79.6043371482655,45.95701947134438,6.148095238095239,1.1919047619047607,1379,30,Open ended,NIFTY 50 Equity Savings Index,1000.0,1000.0
Invesco India PSU Equity Fund(IDCW),Equity - Thematic Fund - Other,12.49,14.33,8.87,2.47,79.11922663802362,44.26904598490049,48.40538625088589,53.30725224851781,9.961685823754785,19.039364457521085,67.02285341575242,45.899760934135706,8.65263157894737,0.21736842105262966,1380,10,Open ended,S&P BSE PSU - TRI,1000.0,1000.0
Motilal Oswal Flexi Cap Fund-Reg(G),Equity - Flexi Cap Fund,-2.88,5.22,3.89,1.85,46.10096670247046,28.637611530542213,30.75832742735648,33.190640513335,33.716475095785434,9.529452500031885,83.49450410163051,45.89806505602148,10.461,-6.571,1381,35,Open ended,NIFTY 500 - TRI,1000.0,1000.0
LIC MF Tax Plan-Reg(IDCW),Equity - ELSS,-0.08,9.26,8.51,2.5,52.11600429645542,35.56966369251888,47.12969525159461,44.65894759284406,8.812260536398453,8.488020920873984,85.29831650933869,45.85711805785631,10.023387096774194,-1.5133870967741938,1382,60,Open ended,NIFTY 500 - TRI,1000.0,1000.0
Invesco India Credit Risk Fund(IDCW),Debt - Credit Risk Fund,4.27,2.51,4.1,1.5,61.460794844253485,23.987645847632123,31.5024805102764,35.23969297827853,47.12643678160919,19.825111321516967,65.66189992542365,45.81693066589748,4.7778125000000005,-0.6778125000000008,1383,17,Open ended,NIFTY Credit Risk Bond Index,1000.0,1000.0
Invesco India Credit Risk Fund(G),Debt - Credit Risk Fund,4.27,2.51,4.1,1.5,61.460794844253485,23.987645847632123,31.5024805102764,35.23969297827853,47.12643678160919,19.825111321516967,65.66189992542365,45.81693066589748,4.7778125000000005,-0.6778125000000008,1383,17,Open ended,NIFTY Credit Risk Bond Index,1000.0,1000.0
IDFC Bond Fund - Medium Term Plan-Reg(DD-IDCW),Debt - Medium Duration Fund,3.8,1.41,4.21,1.47,60.451127819548866,22.100205902539468,31.892274982282064,34.66642482581265,48.27586206896552,19.926054569029567,65.48706109205082,45.773943203160414,3.55972972972973,0.6502702702702701,1385,19,Open ended,NIFTY Medium Duration Debt Index,1000.0,1000.0
Motilal Oswal Flexi Cap Fund-Reg(IDCW),Equity - Flexi Cap Fund,-2.88,5.22,3.79,1.85,46.10096670247046,28.637611530542213,30.40396881644224,33.013461207877874,33.716475095785434,9.613224697921257,83.34940639862441,45.7732009775414,10.461,-6.671,1386,36,Open ended,NIFTY 500 - TRI,1000.0,1000.0
Kotak Medium Term Fund(G),Debt - Medium Duration Fund,3.39,2.55,4.64,1.6,59.570354457572506,24.056280027453674,33.41601700921332,35.838963404357266,43.29501915708811,18.406989281060167,68.11815935082807,45.77277632915768,3.55972972972973,1.0802702702702698,1387,20,Open ended,NIFTY Medium Duration Debt Index,5000.0,1000.0
Aditya Birla SL Intl. Equity Fund-B(IDCW),Equity - Thematic Fund - Global,-0.91,10.89,7.44,2.55,50.33297529538131,38.36650652024709,43.33805811481219,43.24557607255649,6.896551724137945,6.0116770617233755,89.58746989039874,45.743793439912416,8.786923076923078,-1.3469230769230771,1388,5,Open ended,NULL,1000.0,NULL
Sundaram Infra Advantage Fund(IDCW),Equity - Sectoral Fund - Infrastructure,5.42,16.51,7.18,2.59,63.931256713211596,48.009608785175026,42.41672572643515,48.397496841412405,5.363984674329503,11.162842060709378,80.6653903939845,45.706092187784705,9.401428571428571,-2.2214285714285715,1389,33,Open ended,S&P BSE 100 - TRI,1000.0,1000.0
Aditya Birla SL Intl. Equity Fund-A(IDCW),Equity - Thematic Fund - Global,4.56,8.57,10.01,2.49,62.083780880773354,34.38572409059712,52.44507441530829,48.955010610987955,9.195402298850563,14.060744091440485,75.6460768414012,45.687875090556915,8.786923076923078,1.2230769230769223,1390,6,Open ended,S&P Global 1200,1000.0,1000.0
IDFC Bond Fund - Medium Term Plan-Reg(G),Debt - Medium Duration Fund,3.41,1.22,4.12,1.47,59.61331901181525,21.7741935483871,31.57335223245925,34.241597983108804,48.27586206896552,19.638663666943973,65.98483673609613,45.685973692819815,3.55972972972973,0.5602702702702702,1391,21,Open ended,NIFTY Medium Duration Debt Index,1000.0,1000.0
Nippon India US Equity Opp Fund(IDCW),Equity - Thematic Fund - Global,-5.53,7.81,12.96,2.45,40.408163265306115,33.08167467398765,62.89865343727852,49.45546177389677,10.727969348658984,15.537866680172268,73.08762546871007,45.68162959129065,8.786923076923078,4.173076923076923,1392,7,Open ended,S&P 500 - TRI,1000.0,1000.0
Nippon India US Equity Opp Fund(G),Equity - Thematic Fund - Global,-5.53,7.81,12.96,2.45,40.408163265306115,33.08167467398765,62.89865343727852,49.45546177389677,10.727969348658984,15.537866680172268,73.08762546871007,45.68162959129065,8.786923076923078,4.173076923076923,1392,7,Open ended,S&P 500 - TRI,1000.0,1000.0
HSBC Balanced Advantage Fund-Reg(IDCW),Hybrid - Balanced Advantage,3.43,7.44,6.4,2.1,59.656283566058,32.446808510638306,39.65272856130404,41.49166354705511,24.13793103448276,14.097417194864162,75.58255716300015,45.67595382289828,7.937894736842105,-1.5378947368421043,1394,17,Open ended,NIFTY 50 Hybrid Composite Debt 50:50 Index,5000.0,1000.0
Indiabulls Tax Savings Fund-Reg(IDCW),Equity - ELSS,1.43,9.93,5.96,2.25,55.35982814178303,36.71928620452986,38.09355067328136,41.13452682635624,18.39080459770115,10.388156270194239,82.00718554305837,45.666760948368,10.023387096774194,-4.063387096774194,1395,61,Open ended,S&P BSE 500 - TRI,1000.0,1000.0
Indiabulls Tax Savings Fund-Reg(G),Equity - ELSS,1.43,9.93,5.96,2.25,55.35982814178303,36.71928620452986,38.09355067328136,41.13452682635624,18.39080459770115,10.388156270194239,82.00718554305837,45.666760948368,10.023387096774194,-4.063387096774194,1395,61,Open ended,S&P BSE 500 - TRI,1000.0,1000.0
Indiabulls Blue Chip Fund-Reg(IDCW),Equity - Large Cap Fund,3.29,9.36,8.16,2.42,59.35553168635875,35.74124914207275,45.889440113394755,45.538201136590956,11.877394636015314,11.845925757570573,79.48225472519893,45.60901290859904,10.044583333333334,-1.8845833333333335,1397,45,Open ended,NIFTY 100 - TRI,1000.0,1000.0
IDFC Bond Fund - Medium Term Plan-Reg(BM-IDCW),Debt - Medium Duration Fund,3.41,1.22,4.02,1.47,59.61331901181525,21.7741935483871,31.218993621545,34.06441867765168,48.27586206896552,19.694505911664493,65.8881151310315,45.57320363882509,3.55972972972973,0.4602702702702697,1398,22,Open ended,NIFTY Medium Duration Debt Index,1000.0,1000.0
Indiabulls Blue Chip Fund-Reg(G),Equity - Large Cap Fund,3.29,9.33,8.11,2.42,59.35553168635875,35.68977350720659,45.712260807937625,45.43416879340254,11.877394636015314,11.878953392095033,79.42504918414875,45.54269535174228,10.044583333333334,-1.9345833333333342,1399,46,Open ended,NIFTY 100 - TRI,1000.0,1000.0
IDFC Bond Fund - Medium Term Plan-Reg(FN-IDCW),Debt - Medium Duration Fund,3.41,1.22,3.99,1.47,59.61331901181525,21.7741935483871,31.11268603827073,34.011264886014544,48.27586206896552,19.71164181270112,65.85843487980257,45.5392066801993,3.55972972972973,0.4302702702702703,1400,23,Open ended,NIFTY Medium Duration Debt Index,1000.0,1000.0
IDFC Bond Fund - Medium Term Plan-Reg(M-IDCW),Debt - Medium Duration Fund,3.41,1.22,3.94,1.47,59.61331901181525,21.7741935483871,30.935506732813607,33.922675233285986,48.27586206896552,19.74059266338383,65.80829053549778,45.48237576775882,3.55972972972973,0.38027027027027005,1401,24,Open ended,NIFTY Medium Duration Debt Index,1000.0,1000.0
Edelweiss Eur Dynamic Equity Off-shr Fund-Reg(G),FoFs (Overseas),6.62,10.49,7.62,2.34,66.50912996777659,37.68016472203157,43.97590361445783,46.59382721739371,14.942528735632177,15.157461612639729,73.7465063731331,45.46917238588817,6.912058823529412,0.7079411764705883,1402,22,Open ended,MSCI Europe Index (Total Return Net),5000.0,NULL
PGIM India Hybrid Equity Fund(G),Hybrid - Aggressive Hybrid Fund,2.0,9.55,7.13,2.38,56.58431793770139,36.06726149622512,42.23954642097802,43.25681524689682,13.409961685823756,10.52630970538467,81.76789677406838,45.42287223842145,9.219019607843137,-2.089019607843137,1403,43,Open ended,CRISIL Hybrid 35+65 - Aggressive Index,5000.0,1000.0
UTI India Consumer Fund-Reg(G),Equity - Sectoral Fund - Consumption,-0.83,10.15,8.35,2.61,50.504833512352306,37.09677419354839,46.56272147413182,44.51135969760089,4.597701149425282,6.891062568492034,88.0643295132357,45.421187514465686,11.035555555555554,-2.6855555555555544,1404,15,Open ended,Nifty India Consumption - TRI,5000.0,1000.0
UTI India Consumer Fund-Reg(IDCW),Equity - Sectoral Fund - Consumption,-0.83,10.15,8.35,2.61,50.504833512352306,37.09677419354839,46.56272147413182,44.51135969760089,4.597701149425282,6.891062568492034,88.0643295132357,45.421187514465686,11.035555555555554,-2.6855555555555544,1404,15,Open ended,Nifty India Consumption - TRI,5000.0,1000.0
Sundaram Consumption Fund(G),Equity - Sectoral Fund - Consumption,8.76,11.07,7.64,2.31,71.1063372717508,38.67536032944406,44.04677533664068,47.84726322150372,16.09195402298851,17.38217600844818,69.89318800726296,45.41991711831473,11.035555555555554,-3.3955555555555543,1406,17,Open ended,Nifty India Consumption - TRI,1000.0,1000.0
HSBC Dynamic Bond Fund-Reg(G),Debt - Dynamic Bond,3.96,3.46,4.1,1.61,60.794844253490865,25.617707618393965,31.5024805102764,35.595521391354566,42.911877394636,18.84190395323721,67.36486504166027,45.36694630475135,4.625,-0.5250000000000004,1407,32,Open ended,NIFTY Composite Debt Index,5000.0,1000.0
Aditya Birla SL Income Fund(DAP),Debt - Medium to Long Duration Fund,4.79,2.44,5.5,1.69,62.577873254564985,23.867536032944408,36.46350106307583,37.90758599233423,39.84674329501916,19.74465741159491,65.80125018507621,45.36579136619096,4.3271875,1.1728125,1408,15,Open ended,CRISIL Medium to Long Term Debt Index,1000.0,1000.0
IDFC Credit Risk Fund-Reg(G),Debt - Credit Risk Fund,5.03,3.28,4.38,1.6,63.09344790547797,25.308853809196986,32.49468462083628,36.45868803427283,43.29501915708811,20.064878228817943,65.2466114600047,45.36475167140962,4.7778125000000005,-0.39781250000000057,1409,19,Open ended,NIFTY Credit Risk Bond Index,1000.0,1000.0
SBI Dynamic Bond Fund-Reg(G),Debt - Dynamic Bond,7.52,4.64,4.69,1.64,68.44253490870031,27.64241592312972,33.59319631467045,38.777829916014205,41.76245210727969,22.039880130294122,61.825807821602815,45.285979940227726,4.625,0.06500000000000039,1410,33,Open ended,CRISIL Dynamic Debt Index,5000.0,1000.0
SBI Dynamic Bond Fund-Reg(IDCW),Debt - Dynamic Bond,7.52,4.64,4.69,1.64,68.44253490870031,27.64241592312972,33.59319631467045,38.777829916014205,41.76245210727969,22.039880130294122,61.825807821602815,45.285979940227726,4.625,0.06500000000000039,1410,33,Open ended,CRISIL Dynamic Debt Index,5000.0,1000.0
IDFC Credit Risk Fund-Reg(Q-IDCW),Debt - Credit Risk Fund,5.03,3.28,4.27,1.6,63.09344790547797,25.308853809196986,32.10489014883061,36.263790798269994,43.29501915708811,20.14179888022005,65.11338098362495,45.233995434313265,4.7778125000000005,-0.5078125000000009,1412,20,Open ended,NIFTY Credit Risk Bond Index,1000.0,1000.0
HSBC Dynamic Bond Fund-Reg(M-IDCW),Debt - Dynamic Bond,3.96,3.46,3.98,1.61,60.794844253490865,25.617707618393965,31.077250177179305,35.382906224806014,42.911877394636,18.931336211336188,67.20996382679724,45.221913417761314,4.625,-0.645,1413,35,Open ended,NIFTY Composite Debt Index,5000.0,1000.0
HDFC Housing Opp Fund-Reg(G),Equity - Thematic Fund - Other,5.94,13.0,5.88,2.28,65.04833512352309,41.98695950583391,37.81006378454996,44.51078676872977,17.24137931034484,14.669679210206302,74.5913702771858,45.21358078124754,8.65263157894737,-2.7726315789473697,1414,11,Open ended,Nifty Housing - TRI,1000.0,1000.0
IDBI Equity Savings Fund(Q-IDCW),Hybrid - Equity Savings,2.66,6.3,6.51,2.12,58.002148227712134,30.490734385724096,40.042523033309706,40.76891147791451,23.37164750957854,13.968194198945277,75.80637795743793,45.17896210571137,6.148095238095239,0.3619047619047606,1415,31,Open ended,NIFTY 50 Equity Savings Index,5000.0,1000.0
IDBI Equity Savings Fund(G),Hybrid - Equity Savings,2.66,6.3,6.51,2.12,58.002148227712134,30.490734385724096,40.042523033309706,40.76891147791451,23.37164750957854,13.968194198945277,75.80637795743793,45.17896210571137,6.148095238095239,0.3619047619047606,1415,31,Open ended,NIFTY 50 Equity Savings Index,5000.0,1000.0
IDBI Equity Savings Fund(M-IDCW),Hybrid - Equity Savings,2.66,6.3,6.47,2.12,58.002148227712134,30.490734385724096,39.900779588944005,40.698039755731656,23.37164750957854,13.982646321472624,75.78134614694335,45.1372682919963,6.148095238095239,0.3219047619047606,1417,33,Open ended,NIFTY 50 Equity Savings Index,5000.0,1000.0
Indiabulls Short Term Fund-Reg(G),Debt - Short Duration Fund,4.68,2.64,3.48,1.49,62.34156820622986,24.21070693205217,29.305457122608075,34.38425428216566,47.509578544061306,20.701464105002135,64.14401237907293,45.105524871866386,5.2086538461538465,-1.7286538461538465,1418,49,Open ended,NULL,1000.0,1000.0
Indiabulls Short Term Fund-Reg(M-IDCW),Debt - Short Duration Fund,4.68,2.64,3.44,1.49,62.34156820622986,24.21070693205217,29.163713678242374,34.31338255998281,47.509578544061306,20.73348695716943,64.08854717211591,45.05622270903571,5.2086538461538465,-1.7686538461538466,1419,50,Open ended,NULL,1000.0,1000.0
Indiabulls Short Term Fund-Reg(W-IDCW),Debt - Short Duration Fund,4.68,2.64,3.41,1.49,62.34156820622986,24.21070693205217,29.05740609496811,34.26022876834568,47.509578544061306,20.757683403722847,64.04663769732275,45.019168444518854,5.2086538461538465,-1.7986538461538464,1420,51,Open ended,NULL,1000.0,1000.0
IDFC Credit Risk Fund-Reg(H-IDCW),Debt - Credit Risk Fund,5.03,3.28,4.08,1.6,63.09344790547797,25.308853809196986,31.431608788093545,35.92715011790146,43.29501915708811,20.279857559688175,64.8742563363603,45.00589393231284,4.7778125000000005,-0.6978125000000004,1421,21,Open ended,NIFTY Credit Risk Bond Index,1000.0,1000.0
PGIM India Hybrid Equity Fund(IDCW),Hybrid - Aggressive Hybrid Fund,2.02,9.57,6.71,2.38,56.62728249194414,36.1015785861359,40.7512402551382,42.5315502017987,13.409961685823756,10.762377305300992,81.35901569699246,44.9580194466034,9.219019607843137,-2.509019607843137,1422,44,Open ended,CRISIL Hybrid 35+65 - Aggressive Index,5000.0,1000.0
Indiabulls Short Term Fund-Reg(FN-IDCW),Debt - Short Duration Fund,3.91,2.23,3.32,1.49,60.68743286788399,23.507206588881267,28.738483345145283,33.55889022281382,47.509578544061306,20.126561464331072,65.13977296212072,44.94178298795242,5.2086538461538465,-1.8886538461538467,1423,52,Open ended,NULL,1000.0,1000.0
HSBC Business Cycles Fund-Reg(G),Equity - Thematic Fund - Other,5.86,13.23,7.08,2.5,64.8764769065521,42.38160603980783,42.06236711552091,46.72096075101322,8.812260536398453,13.080550028952054,77.34382275890849,44.89950119933334,8.65263157894737,-1.5726315789473695,1424,12,Open ended,NIFTY 500 - TRI,5000.0,1000.0
Kotak Medium Term Fund(IDCW),Debt - Medium Duration Fund,3.39,2.55,3.87,1.6,59.570354457572506,24.056280027453674,30.687455705173633,34.47468275233742,43.29501915708811,18.883166285690056,67.29339658541315,44.884445311794025,3.55972972972973,0.3102702702702702,1425,25,Open ended,NIFTY Medium Duration Debt Index,5000.0,1000.0
Union Dynamic Bond(G),Debt - Dynamic Bond,4.27,1.88,3.59,1.5,61.460794844253485,22.906657515442692,29.695251594613747,34.01178202079038,47.12643678160919,20.581368000715642,64.35202493348822,44.87550643916954,4.625,-1.0350000000000001,1426,36,Open ended,CRISIL Dynamic Debt Index,1000.0,1000.0
Union Dynamic Bond(IDCW-Payout),Debt - Dynamic Bond,4.28,1.88,3.59,1.5,61.482277121374864,22.906657515442692,29.695251594613747,34.01607847621466,47.12643678160919,20.593601066805103,64.33083664148893,44.87235759388186,4.625,-1.0350000000000001,1427,37,Open ended,CRISIL Dynamic Debt Index,1000.0,1000.0
Mahindra Manulife Equity Savings Fund-Reg(G),Hybrid - Equity Savings,1.64,9.74,7.45,2.5,55.8109559613319,36.3932738503775,43.37349397590361,43.766920335331434,8.812260536398453,9.835821540012576,82.96385735851786,44.82748964139479,6.148095238095239,1.301904761904761,1428,34,Open ended,NIFTY 50 Equity Savings Index - TRI,1000.0,1000.0
Sundaram Consumption Fund(IDCW),Equity - Sectoral Fund - Consumption,8.76,10.98,7.18,2.31,71.1063372717508,38.52093342484558,42.41672572643515,46.98591034502141,16.09195402298851,17.795502953200188,69.17728473881527,44.81026486296165,11.035555555555554,-3.8555555555555543,1429,18,Open ended,Nifty India Consumption - TRI,1000.0,1000.0
Mahindra Manulife Equity Savings Fund-Reg(IDCW),Hybrid - Equity Savings,1.66,9.75,7.43,2.5,55.85392051557465,36.41043239533288,43.30262225372076,43.74522494857518,8.812260536398453,9.85804746881166,82.92536092059244,44.807017838535316,6.148095238095239,1.2819047619047605,1430,35,Open ended,NIFTY 50 Equity Savings Index - TRI,1000.0,1000.0
HSBC Credit Risk Fund-Reg(G),Debt - Credit Risk Fund,5.41,3.59,4.29,1.66,63.90977443609023,25.840768702814003,32.175761871013464,36.62206643356898,40.99616858237547,20.397830315345644,64.66992152965265,44.727555744791516,4.7778125000000005,-0.4878125000000004,1431,22,Open ended,NIFTY Credit Risk Bond Index,5000.0,1000.0
Nippon India Gilt Securities Fund(G),Debt - Gilt Fund,5.93,2.48,4.17,1.57,65.02685284640172,23.936170212765962,31.75053153791637,36.061487402068316,44.44444444444444,21.82056370354861,62.205675015660496,44.69327356606039,4.311111111111111,-0.14111111111111097,1432,38,Open ended,CRISIL Dynamic Gilt Index,5000.0,1000.0
Axis Regular Saver Fund-Reg(G),Hybrid - Conservative Hybrid Fund,1.31,7.36,6.0,2.22,55.10204081632652,32.3095401509952,38.23529411764706,39.83091726738739,19.540229885057457,11.825817736699603,79.51708283898711,44.67978681470484,5.775925925925925,0.22407407407407476,1433,28,Open ended,NULL,1000.0,1000.0
Sundaram Balanced Advantage Fund(G),Hybrid - Dynamic Asset Allocation,4.79,7.99,5.89,2.13,62.577873254564985,33.39052848318463,37.84549964564139,41.45548301868908,22.988505747126432,15.723857495290003,72.765479927185,44.666237927922396,6.648333333333333,-0.7583333333333337,1434,6,Open ended,NIFTY 50 Hybrid Composite Debt 50:50 Index,1000.0,1000.0
Invesco India Financial Services Fund(G),Equity - Sectoral Fund - Banks & Financial Services,5.04,8.12,9.05,2.48,63.11493018259935,33.61358956760468,49.04323175053153,47.228678782067036,9.578544061302674,14.755878222695694,74.44206920799192,44.61949270835717,8.781363636363636,0.26863636363636445,1435,15,Open ended,Nifty Financial Services - TRI,1000.0,1000.0
HSBC Credit Risk Fund-Reg(M-IDCW),Debt - Credit Risk Fund,5.41,3.59,4.2,1.66,63.90977443609023,25.840768702814003,31.856839121190646,36.46260505865757,40.99616858237547,20.46473781532607,64.55403434027914,44.61885325999244,4.7778125000000005,-0.5778125000000003,1436,23,Open ended,NIFTY Credit Risk Bond Index,5000.0,1000.0
IDFC Credit Risk Fund-Reg(A-IDCW),Debt - Credit Risk Fund,5.03,3.28,3.72,1.6,63.09344790547797,25.308853809196986,30.155917788802267,35.28930461825583,43.29501915708811,20.559063169439483,64.39065803451278,44.566071607028135,4.7778125000000005,-1.0578125000000003,1437,24,Open ended,NIFTY Credit Risk Bond Index,1000.0,1000.0
Nippon India Equity Hybrid Fund(G),Hybrid - Aggressive Hybrid Fund,5.7,9.08,4.98,2.05,64.5327604726101,35.2608098833219,34.620836286321754,40.79521320267946,26.053639846743295,17.08790930274409,70.40287289251836,44.511734786155145,9.219019607843137,-4.239019607843137,1438,45,Open ended,CRISIL Hybrid 35+65 - Aggressive Index,1000.0,1000.0
HSBC Business Cycles Fund-Reg(IDCW-Payout),Equity - Thematic Fund - Other,5.85,13.22,6.77,2.5,64.85499462943072,42.36444749485244,40.963855421686745,46.16226088518525,8.812260536398453,13.407540796208075,76.77745813641513,44.478560110796025,8.65263157894737,-1.88263157894737,1439,13,Open ended,NIFTY 500 - TRI,5000.0,1000.0
HDFC Retirement Savings Fund-Hybrid-Debt Plan-Reg(G),Solution Oriented - Retirement Fund,4.6,6.91,6.4,2.16,62.16970998925886,31.53740562800275,39.65272856130404,41.72152796690462,21.8390804597701,15.870365409672932,72.51172077576283,44.448464292335544,7.109999999999999,-0.7099999999999991,1440,7,Open ended,NIFTY 50 Hybrid Composite Debt 15:85 Index,1000.0,1000.0
Nippon India Gilt Securities Fund(M-IDCW),Debt - Gilt Fund,5.93,2.48,3.96,1.57,65.02685284640172,23.936170212765962,31.00637845499645,35.68941086060836,44.44444444444444,21.969011211639838,61.948556389389495,44.44295563876267,4.311111111111111,-0.35111111111111093,1441,39,Open ended,CRISIL Dynamic Gilt Index,5000.0,1000.0
Invesco India Financial Services Fund(IDCW),Equity - Sectoral Fund - Banks & Financial Services,5.04,8.12,8.81,2.48,63.11493018259935,33.61358956760468,48.19277108433735,46.803448448969945,9.578544061302674,14.75100258701996,74.45051405670148,44.40898875398601,8.781363636363636,0.028636363636364237,1442,16,Open ended,Nifty Financial Services - TRI,1000.0,1000.0
PGIM India Dynamic Bond Fund(G),Debt - Dynamic Bond,3.92,2.92,3.69,1.63,60.70891514500537,24.691146190803025,30.049610205527987,34.57393198900598,42.1455938697318,19.43358688974352,66.34004013365978,44.408374495350884,4.625,-0.935,1443,38,Open ended,CRISIL Dynamic Debt Index,5000.0,1000.0
DSP World Energy Fund-Reg(IDCW),FoFs (Overseas),13.73,9.92,7.07,2.12,81.7830290010741,36.702127659574465,42.02693125442948,48.3807097253019,23.37164750957854,24.63462504662413,57.331577793838186,44.36616118850513,6.912058823529412,0.15794117647058847,1444,23,Open ended,NULL,1000.0,1000.0
DSP World Energy Fund-Reg(G),FoFs (Overseas),13.73,9.92,7.07,2.12,81.7830290010741,36.702127659574465,42.02693125442948,48.3807097253019,23.37164750957854,24.63462504662413,57.331577793838186,44.36616118850513,6.912058823529412,0.15794117647058847,1444,23,Open ended,NULL,1000.0,1000.0
Aditya Birla SL Mfg. Equity Fund-Reg(G),Equity - Thematic Fund - Other,-0.94,12.76,5.62,2.54,50.26852846401718,41.575154426904604,36.88873139617292,40.97061771896128,7.279693486590033,6.789161491534492,88.24082735587216,44.36543907009619,8.65263157894737,-3.0326315789473695,1446,14,Open ended,S&P BSE India Manufacturing Index - TRI,1000.0,1000.0
HSBC Conservative Hybrid Fund(G),Hybrid - Conservative Hybrid Fund,0.67,5.82,5.98,2.18,53.72717508055853,29.667124227865482,38.16442239546421,38.72778348220345,21.0727969348659,12.201703394203223,78.86602978235439,44.348598420406795,5.775925925925925,0.20407407407407518,1447,29,Open ended,CRISIL Hybrid 85+15 - Conservative Index,5000.0,1000.0
Nippon India Credit Risk Fund(G),Debt - Credit Risk Fund,5.54,3.81,3.53,1.61,64.1890440386681,26.218256691832536,29.482636428065202,35.44460402931598,42.911877394636,21.043493040344835,63.551600885400674,44.338171584667165,4.7778125000000005,-1.2478125000000007,1448,25,Open ended,NIFTY Credit Risk Bond Index,1000.0,1000.0
Nippon India Credit Risk Fund(Q-IDCW),Debt - Credit Risk Fund,5.54,3.81,3.53,1.61,64.1890440386681,26.218256691832536,29.482636428065202,35.44460402931598,42.911877394636,21.043493040344835,63.551600885400674,44.338171584667165,4.7778125000000005,-1.2478125000000007,1448,25,Open ended,NIFTY Credit Risk Bond Index,1000.0,1000.0
IDFC Dynamic Bond Fund-Reg(G),Debt - Dynamic Bond,3.48,1.01,4.32,1.62,59.76369495166487,21.413864104323956,32.282069454287736,34.51793294877403,42.52873563218391,19.765572567500335,65.7650240723998,44.332406400532946,4.625,-0.3049999999999997,1450,39,Open ended,NIFTY Composite Debt Index,1000.0,1000.0
Nippon India Equity Hybrid Fund(Q-IDCW),Hybrid - Aggressive Hybrid Fund,5.7,9.08,4.84,2.05,64.5327604726101,35.2608098833219,34.124734231041806,40.54716217503949,26.053639846743295,17.237487341534337,70.14379612963715,44.32294008161486,9.219019607843137,-4.379019607843137,1451,46,Open ended,CRISIL Hybrid 35+65 - Aggressive Index,1000.0,1000.0
Nippon India Equity Hybrid Fund(IDCW),Hybrid - Aggressive Hybrid Fund,5.7,9.08,4.84,2.05,64.5327604726101,35.2608098833219,34.124734231041806,40.54716217503949,26.053639846743295,17.237487341534337,70.14379612963715,44.32294008161486,9.219019607843137,-4.379019607843137,1451,46,Open ended,CRISIL Hybrid 35+65 - Aggressive Index,1000.0,1000.0
HDFC Dynamic Debt Fund(G),Debt - Dynamic Bond,4.83,2.34,5.51,1.8,62.66380236305048,23.69595058339053,36.49893692416726,37.89101410971088,35.63218390804597,19.862066504598356,65.59789167072367,44.25302594954785,4.625,0.8849999999999998,1453,40,Open ended,CRISIL Dynamic Debt Index,1000.0,1000.0
HSBC Conservative Hybrid Fund(Q-IDCW),Hybrid - Conservative Hybrid Fund,0.67,5.82,5.86,2.18,53.72717508055853,29.667124227865482,37.73919206236711,38.515168315654904,21.0727969348659,12.245134592624591,78.79080474005498,44.22348457655767,5.775925925925925,0.08407407407407508,1454,30,Open ended,CRISIL Hybrid 85+15 - Conservative Index,5000.0,1000.0
HSBC Gilt Fund-Reg(G),Debt - Gilt Fund,3.69,3.04,3.97,1.7,60.21482277121375,24.897048730267677,31.04181431608788,35.03298633136699,39.46360153256705,18.868703053976486,67.3184476375827,44.21200545822093,4.311111111111111,-0.3411111111111107,1455,40,Open ended,Nifty All Duration G-Sec Index,5000.0,1000.0
SBI Magnum Comma Fund-Reg(G),Equity - Thematic Fund - Other,-10.97,19.2,9.42,2.57,28.721804511278194,52.62525737817434,50.35435861091424,46.70911742116506,6.130268199233724,13.194060766400094,77.14721639444387,44.17392985900193,8.65263157894737,0.7673684210526304,1456,15,Open ended,NIFTY COMMODITIES - TRI,5000.0,1000.0
SBI Magnum Comma Fund-Reg(IDCW),Equity - Thematic Fund - Other,-10.97,19.2,9.42,2.57,28.721804511278194,52.62525737817434,50.35435861091424,46.70911742116506,6.130268199233724,13.194060766400094,77.14721639444387,44.17392985900193,8.65263157894737,0.7673684210526304,1456,15,Open ended,NIFTY COMMODITIES - TRI,5000.0,1000.0
Aditya Birla SL Equity Savings Fund-Reg(G),Hybrid - Equity Savings,0.64,6.47,5.99,2.24,53.662728249194416,30.782429649965685,38.19985825655563,39.067203673106405,18.77394636015324,11.673521744622,79.78086723505461,44.17230523535517,6.148095238095239,-0.15809523809523895,1458,36,Open ended,NIFTY 50 Equity Savings Index - TRI,1000.0,1000.0
Tata Gilt Securities Fund-Reg(IDCW),Debt - Gilt Fund,4.19,3.41,4.04,1.72,61.28893662728249,25.531914893617024,31.28986534372785,35.56229446540553,38.69731800766283,19.1992312108391,66.74595607656454,44.14196575375961,4.311111111111111,-0.27111111111111086,1459,41,Open ended,CRISIL Dynamic Gilt Index,5000.0,1000.0
Aditya Birla SL Equity Savings Fund-Reg(IDCW),Hybrid - Equity Savings,0.57,6.44,5.9,2.24,53.51235230934479,30.73095401509952,37.88093550673282,38.86222441976523,18.77394636015324,11.650862162866748,79.82011478193297,44.07962749540417,6.148095238095239,-0.2480952380952388,1460,37,Open ended,NIFTY 50 Equity Savings Index - TRI,1000.0,1000.0
Indiabulls Value Fund-Reg(G),Equity - Value Fund,0.08,12.47,4.23,2.3,52.45972073039742,41.077556623198355,31.96314670446492,38.79678448527145,16.47509578544062,10.269174542698552,82.21326794025322,44.070483174059184,9.0436,-4.813599999999999,1461,22,Open ended,NIFTY500 Value 50 - TRI,1000.0,1000.0
Indiabulls Value Fund-Reg(IDCW),Equity - Value Fund,0.08,12.46,4.23,2.3,52.45972073039742,41.06039807824297,31.96314670446492,38.791636921784836,16.47509578544062,10.26981082498731,82.21216586700113,44.06763387400285,9.0436,-4.813599999999999,1462,23,Open ended,NIFTY500 Value 50 - TRI,1000.0,1000.0
IDFC Dynamic Bond Fund-Reg(Q-IDCW),Debt - Dynamic Bond,3.48,1.01,4.07,1.62,59.76369495166487,21.413864104323956,31.396172927002127,34.07498468513123,42.52873563218391,19.89586356201838,65.53935345012587,44.054514613143056,4.625,-0.5549999999999997,1463,41,Open ended,NIFTY Composite Debt Index,1000.0,1000.0
HDFC Dynamic Debt Fund(Q-IDCW),Debt - Dynamic Bond,4.83,2.34,5.32,1.8,62.66380236305048,23.69595058339053,35.82565556343019,37.55437342934235,35.63218390804597,19.941202483226846,65.46082413503244,44.05043872544077,4.625,0.6950000000000003,1464,42,Open ended,CRISIL Dynamic Debt Index,1000.0,1000.0
Nippon India Retirement Fund-Income Generation(IDCW),Solution Oriented - Retirement Fund,2.59,4.99,6.14,2.12,57.85177228786252,28.242964996568297,38.731396172927,39.40894204300649,23.37164750957854,15.012647115742157,73.99733243943223,44.046716008755936,7.109999999999999,-0.9699999999999998,1465,8,Open ended,CRISIL Hybrid 85+15 - Conservative Index,1000.0,1000.0
Nippon India Retirement Fund-Income Generation(G),Solution Oriented - Retirement Fund,2.59,4.99,6.13,2.12,57.85177228786252,28.242964996568297,38.69596031183558,39.39122411246078,23.37164750957854,15.016056477067554,73.99142725239527,44.03638074672384,7.109999999999999,-0.9799999999999995,1466,9,Open ended,CRISIL Hybrid 85+15 - Conservative Index,1000.0,1000.0
Aditya Birla SL Mfg. Equity Fund-Reg(IDCW),Equity - Thematic Fund - Other,-0.92,12.47,5.47,2.54,50.31149301825993,41.077556623198355,36.35719347980155,40.56416233051227,7.279693486590033,7.09776825444216,87.70630476295672,44.02858072764282,8.65263157894737,-3.18263157894737,1467,17,Open ended,S&P BSE India Manufacturing Index - TRI,1000.0,1000.0
HSBC Credit Risk Fund-Reg(A-IDCW),Debt - Credit Risk Fund,5.41,3.6,3.69,1.66,63.90977443609023,25.857927247769393,30.049610205527987,35.56413816431286,40.99616858237547,20.86473900380868,63.861211958739325,43.996414217435124,4.7778125000000005,-1.0878125000000005,1468,27,Open ended,NIFTY Credit Risk Bond Index,5000.0,1000.0
HSBC Gilt Fund-Reg(Q-IDCW),Debt - Gilt Fund,3.68,3.04,3.78,1.7,60.193340494092375,24.897048730267677,30.368532955350812,34.692049195574185,39.46360153256705,18.996861568100087,67.09647057969808,43.98604262585337,4.311111111111111,-0.5311111111111111,1469,42,Open ended,Nifty All Duration G-Sec Index,5000.0,1000.0
Tata Retirement Sav Fund - Cons Plan(G),Solution Oriented - Retirement Fund,1.13,5.52,5.75,2.17,54.71535982814177,29.152367879203844,37.34939759036144,38.36348112457023,21.45593869731801,13.052678511267832,77.39209764362163,43.893749647520025,7.109999999999999,-1.3599999999999994,1470,10,Open ended,CRISIL Short Term Debt Hybrid 75+25 Fund Index,5000.0,1000.0
Baroda BNP Paribas Dynamic Bond Fund(DD-IDCW),Debt - Dynamic Bond,6.21,3.59,4.0,1.69,65.6283566058002,25.840768702814003,31.148121899362152,36.45196288168532,39.84674329501916,21.60288072804882,62.582712989168904,43.833345511889675,4.625,-0.625,1471,43,Open ended,CRISIL Dynamic Debt Index,5000.0,1000.0
LIC MF Flexi Cap Fund-Reg(IDCW),Equity - Flexi Cap Fund,-0.25,8.18,7.28,2.55,51.750805585392044,33.71654083733699,42.77108433734939,41.8506655369542,6.896551724137945,9.017158243122816,84.38182378302277,43.744926645267284,10.461,-3.181,1472,37,Open ended,NIFTY 500 - TRI,5000.0,1000.0
LIC MF Flexi Cap Fund-Reg(G),Equity - Flexi Cap Fund,-0.25,8.18,7.28,2.55,51.750805585392044,33.71654083733699,42.77108433734939,41.8506655369542,6.896551724137945,9.017158243122816,84.38182378302277,43.744926645267284,10.461,-3.181,1472,37,Open ended,NIFTY 500 - TRI,5000.0,1000.0
HDFC Dynamic Debt Fund(H-IDCW),Debt - Dynamic Bond,4.83,2.35,5.03,1.8,62.66380236305048,23.71310912834592,34.79801559177888,37.04570100700331,35.63218390804597,20.068772289094206,65.23986674975848,43.74086316795277,4.625,0.40500000000000025,1474,44,Open ended,CRISIL Dynamic Debt Index,1000.0,1000.0
IDBI Hybrid Equity Fund(IDCW),Hybrid - Aggressive Hybrid Fund,-0.44,10.37,5.89,2.53,51.34264232008593,37.47426218256692,37.84549964564139,40.43355694160796,7.662835249042144,7.901926402962695,86.31346199239863,43.71085278116418,9.219019607843137,-3.3290196078431373,1475,48,Open ended,CRISIL Hybrid 35+65 - Aggressive Index,5000.0,1000.0
IDBI Hybrid Equity Fund(G),Hybrid - Aggressive Hybrid Fund,-0.43,10.37,5.89,2.53,51.36412459720731,37.47426218256692,37.84549964564139,40.43785339703223,7.662835249042144,7.914325784431782,86.29198563371175,43.70763191920459,9.219019607843137,-3.3290196078431373,1476,49,Open ended,CRISIL Hybrid 35+65 - Aggressive Index,5000.0,1000.0
Sundaram Debt Oriented Hybrid Fund(G),Hybrid - Conservative Hybrid Fund,3.08,7.46,5.08,2.16,58.904403866809886,32.48112560054908,34.975194897236,39.0128159021447,21.8390804597701,14.588905932833931,74.7312736974886,43.64899649038703,5.775925925925925,-0.6959259259259252,1477,31,Open ended,CRISIL Hybrid 85+15 - Conservative Index,5000.0,1000.0
Baroda BNP Paribas Dynamic Bond Fund(G),Debt - Dynamic Bond,6.2,3.47,3.89,1.69,65.60687432867884,25.63486616334935,30.75832742735648,36.190998428418816,39.84674329501916,21.75022035607384,62.32751326746127,43.63906335482952,4.625,-0.7349999999999999,1478,45,Open ended,CRISIL Dynamic Debt Index,5000.0,1000.0
HDFC Dynamic Debt Fund(A-IDCW),Debt - Dynamic Bond,4.83,2.35,4.93,1.8,62.66380236305048,23.71310912834592,34.44365698086463,36.868521701546186,35.63218390804597,20.11913585814493,65.1526344893121,43.63046545011261,4.625,0.3049999999999997,1479,46,Open ended,CRISIL Dynamic Debt Index,1000.0,1000.0
Aditya Birla SL Pure Value Fund(G),Equity - Value Fund,2.99,16.25,2.32,2.03,58.71106337271751,47.56348661633494,25.194897236002834,38.6087072774454,26.819923371647512,17.068272959447338,70.4368840367832,43.618555490830374,9.0436,-6.723599999999999,1480,24,Open ended,NIFTY 500 - TRI,1000.0,1000.0
Aditya Birla SL Pure Value Fund(IDCW),Equity - Value Fund,2.99,16.25,2.31,2.03,58.71106337271751,47.56348661633494,25.15946137491141,38.59098934689969,26.819923371647512,17.0876115513402,70.40338861307794,43.60132266963121,9.0436,-6.733599999999999,1481,25,Open ended,NIFTY 500 - TRI,1000.0,1000.0
Tata Gilt Securities Fund-Reg(G),Debt - Gilt Fund,4.23,3.45,3.53,1.72,61.37486573576799,25.60054907343858,29.482636428065202,34.696456083217775,38.69731800766283,19.629852372940675,66.00009834499026,43.52258212977216,4.311111111111111,-0.7811111111111111,1482,43,Open ended,CRISIL Dynamic Gilt Index,5000.0,1000.0
LIC MF Children's Gift Fund(G),Solution Oriented - Children's Fund,-0.14,8.08,6.48,2.49,51.98711063372718,33.54495538778312,39.936215450035434,40.42901646809809,9.195402298850563,9.364697628391143,83.77986791010677,43.458325786288384,8.626999999999999,-2.1469999999999985,1483,10,Open ended,CRISIL Hybrid 35+65 - Aggressive Index,5000.0,1000.0
Baroda BNP Paribas Dynamic Bond Fund(W-IDCW),Debt - Dynamic Bond,6.2,3.47,3.74,1.69,65.60687432867884,25.63486616334935,30.22678951098512,35.925229470233134,39.84674329501916,21.87310981741025,62.11466247671184,43.45296617804932,4.625,-0.8849999999999998,1484,47,Open ended,CRISIL Dynamic Debt Index,5000.0,1000.0
Baroda BNP Paribas Dynamic Bond Fund(Q-IDCW),Debt - Dynamic Bond,6.2,3.47,3.71,1.69,65.60687432867884,25.63486616334935,30.12048192771084,35.87207567859599,39.84674329501916,21.898121042645553,62.07134176384474,43.41555910401397,4.625,-0.915,1485,48,Open ended,CRISIL Dynamic Debt Index,5000.0,1000.0
Baroda BNP Paribas Dynamic Bond Fund(H-IDCW),Debt - Dynamic Bond,6.2,3.46,3.64,1.69,65.60687432867884,25.617707618393965,29.872430900070867,35.74290260128939,39.84674329501916,21.96279646561044,61.95932064526855,43.32296728571662,4.625,-0.9849999999999999,1486,49,Open ended,CRISIL Dynamic Debt Index,5000.0,1000.0
Canara Rob Dynamic Bond Fund-Reg(G),Debt - Dynamic Bond,4.38,2.87,3.87,1.75,61.69709989258861,24.605353466026088,30.687455705173633,35.06475387091237,37.54789272030652,19.892995640216082,65.54432083639958,43.30543032463271,4.625,-0.7549999999999999,1487,50,Open ended,CRISIL Dynamic Debt Index,5000.0,1000.0
IDFC Credit Risk Fund-Reg(IDCW),Debt - Credit Risk Fund,5.03,3.28,2.72,1.6,63.09344790547797,25.308853809196986,26.612331679659817,33.5175115636846,43.29501915708811,21.448568121054727,62.84999026473108,43.295008137297096,4.7778125000000005,-2.0578125000000003,1488,28,Open ended,NIFTY Credit Risk Bond Index,1000.0,1000.0
Canara Rob Dynamic Bond Fund-Reg(IDCW),Debt - Dynamic Bond,4.38,2.87,3.86,1.75,61.69709989258861,24.605353466026088,30.65201984408221,35.047035940366655,37.54789272030652,19.900405450132997,65.53148666914905,43.29336281754722,4.625,-0.7650000000000001,1489,51,Open ended,CRISIL Dynamic Debt Index,5000.0,1000.0
IDFC Regular Savings Fund-Reg(G),Hybrid - Conservative Hybrid Fund,-0.47,3.98,4.93,2.1,51.2781954887218,26.50995195607413,34.44365698086463,35.43045317499892,24.13793103448276,12.647867078981177,78.09325161182684,43.27302224907686,5.775925925925925,-0.8459259259259255,1490,32,Open ended,CRISIL Hybrid 85+15 - Conservative Index,1000.0,1000.0
Sundaram Balanced Advantage Fund(M-IDCW),Hybrid - Dynamic Asset Allocation,4.78,7.29,5.05,2.13,62.55639097744361,32.18943033630748,34.86888731396173,39.60255095336183,22.988505747126432,16.81234490580624,70.8801644287718,43.26844302065547,6.648333333333333,-1.5983333333333336,1491,7,Open ended,NIFTY 50 Hybrid Composite Debt 50:50 Index,1000.0,1000.0
Nippon India Income Fund(G),Debt - Medium to Long Duration Fund,7.54,3.84,4.3,1.76,68.48549946294307,26.2697323266987,32.21119773210489,37.68361845665067,37.16475095785441,22.85204940526902,60.419089372999906,43.23776931103892,4.3271875,-0.027187500000000142,1492,16,Open ended,NIFTY Medium to Long Term Debt Index,5000.0,1000.0
Kotak Bond Fund-Reg(IDCW Payout),Debt - Medium to Long Duration Fund,4.71,1.9,4.59,1.78,62.406015037593974,22.94097460535347,33.2388377037562,35.98291424100293,36.398467432950184,20.47054646044475,64.54397347181045,43.227067346691626,4.3271875,0.2628124999999999,1493,17,Open ended,NIFTY Medium to Long Term Debt Index,5000.0,1000.0
Kotak Bond Fund-Reg(G),Debt - Medium to Long Duration Fund,4.71,1.9,4.59,1.78,62.406015037593974,22.94097460535347,33.2388377037562,35.98291424100293,36.398467432950184,20.47054646044475,64.54397347181045,43.227067346691626,4.3271875,0.2628124999999999,1493,17,Open ended,NIFTY Medium to Long Term Debt Index,5000.0,1000.0
HSBC Conservative Hybrid Fund(M-IDCW),Hybrid - Conservative Hybrid Fund,0.67,5.71,4.95,2.18,53.72717508055853,29.478380233356216,34.51452870304748,36.84621343764231,21.0727969348659,12.796435856504262,77.83592294073846,43.15028668772224,5.775925925925925,-0.8259259259259251,1495,33,Open ended,CRISIL Hybrid 85+15 - Conservative Index,5000.0,1000.0
UTI Medium Term Fund-Reg(G),Debt - Medium Duration Fund,4.72,2.65,2.83,1.61,62.42749731471535,24.227865477007555,27.002126151665486,33.25492218187808,42.911877394636,21.29892531274453,63.109179211711634,43.13272524252595,3.55972972972973,-0.7297297297297298,1496,26,Open ended,CRISIL Medium Term Debt Index,1000.0,1000.0
UTI Medium Term Fund-Reg(Q-IDCW),Debt - Medium Duration Fund,4.72,2.65,2.83,1.61,62.42749731471535,24.227865477007555,27.002126151665486,33.25492218187808,42.911877394636,21.29892531274453,63.109179211711634,43.13272524252595,3.55972972972973,-0.7297297297297298,1496,26,Open ended,CRISIL Medium Term Debt Index,20000.0,1000.0
UTI Medium Term Fund-Reg(F-IDCW),Debt - Medium Duration Fund,4.74,2.66,2.83,1.61,62.470461868958104,24.24502402196294,27.002126151665486,33.26866265621325,42.911877394636,21.318179054907873,63.075830752048894,43.13125836477785,3.55972972972973,-0.7297297297297298,1498,28,Open ended,CRISIL Medium Term Debt Index,20000.0,1000.0
UTI Medium Term Fund-Reg(A-IDCW),Debt - Medium Duration Fund,4.73,2.65,2.83,1.61,62.44897959183673,24.227865477007555,27.002126151665486,33.259218637302354,42.911877394636,21.311301795364855,63.08774251499424,43.12951429605874,3.55972972972973,-0.7297297297297298,1499,29,Open ended,CRISIL Medium Term Debt Index,20000.0,1000.0
Taurus Largecap Equity Fund-Reg(IDCW),Equity - Large Cap Fund,0.11,9.06,6.78,2.61,52.524167561761544,35.226492793411126,40.999291282778174,41.572426991764736,4.597701149425282,8.806792151859636,84.74618854128028,43.122185918558756,10.044583333333334,-3.2645833333333334,1500,47,Open ended,S&P BSE 100 - TRI,5000.0,1000.0
Taurus Largecap Equity Fund-Reg(G),Equity - Large Cap Fund,0.11,9.06,6.78,2.61,52.524167561761544,35.226492793411126,40.999291282778174,41.572426991764736,4.597701149425282,8.806792151859636,84.74618854128028,43.122185918558756,10.044583333333334,-3.2645833333333334,1500,47,Open ended,S&P BSE 100 - TRI,5000.0,1000.0
Baroda BNP Paribas Dynamic Bond Fund(M-IDCW),Debt - Dynamic Bond,6.2,3.47,3.46,1.69,65.60687432867884,25.63486616334935,29.234585400425228,35.429127414953186,39.84674329501916,22.112073690012664,61.70076490819104,43.101440758279146,4.625,-1.165,1502,52,Open ended,CRISIL Dynamic Debt Index,5000.0,1000.0
Invesco India Dynamic Equity Fund(G),Hybrid - Dynamic Asset Allocation,3.37,7.32,6.18,2.34,59.527389903329755,32.24090597117365,38.87313961729269,41.01431958066439,14.942528735632177,14.231050461313977,75.35109755592768,43.08056636322216,6.648333333333333,-0.4683333333333337,1503,8,Open ended,NULL,1000.0,1000.0
LIC MF Equity Hybrid Fund(G),Hybrid - Aggressive Hybrid Fund,-0.07,6.86,6.81,2.49,52.137486573576794,31.45161290322581,41.10559886605244,40.41578061870932,9.195402298850563,10.35058259928397,82.07226505010183,43.024807146592764,9.219019607843137,-2.4090196078431374,1504,50,Open ended,CRISIL Hybrid 35+65 - Aggressive Index,5000.0,1000.0
DSP World Gold Fund-Reg(IDCW),FoFs (Domestic / Overseas ) - Gold,-8.0,3.91,6.92,2.37,35.10204081632653,26.389842141386417,41.495393338058115,35.68505747471029,13.793103448275845,7.582381323107203,86.866930306017,43.007537175928356,11.126842105263158,-4.206842105263158,1505,18,Open ended,FTSE Gold Mines,1000.0,1000.0
DSP World Gold Fund-Reg(G),FoFs (Domestic / Overseas ) - Gold,-8.0,3.91,6.92,2.37,35.10204081632653,26.389842141386417,41.495393338058115,35.68505747471029,13.793103448275845,7.582381323107203,86.866930306017,43.007537175928356,11.126842105263158,-4.206842105263158,1505,18,Open ended,FTSE Gold Mines,1000.0,1000.0
Sundaram Debt Oriented Hybrid Fund(Q-IDCW),Hybrid - Conservative Hybrid Fund,3.08,7.35,4.58,2.16,58.904403866809886,32.29238160603981,33.203401842664775,38.07029617650631,21.8390804597701,15.108337608333867,73.8315916444621,42.952816114311204,5.775925925925925,-1.1959259259259252,1507,34,Open ended,CRISIL Hybrid 85+15 - Conservative Index,5000.0,1000.0
Nippon India Income Fund(M-IDCW),Debt - Medium to Long Duration Fund,7.54,3.84,4.06,1.76,68.48549946294307,26.2697323266987,31.360737065910698,37.25838812355357,37.16475095785441,23.04465703510034,60.085483172206644,42.94175259429205,4.3271875,-0.26718750000000036,1508,19,Open ended,NIFTY Medium to Long Term Debt Index,25000.0,1000.0
Axis Regular Saver Fund-Reg(A-IDCW),Hybrid - Conservative Hybrid Fund,1.31,6.89,4.75,2.22,55.10204081632652,31.503088538091973,33.805811481218996,37.37424046530239,19.540229885057457,13.011164856106527,77.46400140356889,42.93817805480778,5.775925925925925,-1.0259259259259252,1509,35,Open ended,NULL,1000.0,1000.0
LIC MF Debt Hybrid Fund(G),Hybrid - Conservative Hybrid Fund,2.29,5.39,5.92,2.25,57.20730397422127,28.929306794783805,37.951807228915655,39.09615644773722,18.39080459770115,14.444288337567077,74.98175872015923,42.89121905333371,5.775925925925925,0.1440740740740747,1510,36,Open ended,CRISIL Hybrid 85+15 - Conservative Index,5000.0,1000.0
Nippon India Income Fund(Q-IDCW),Debt - Medium to Long Duration Fund,7.54,3.84,3.89,1.76,68.48549946294307,26.2697323266987,30.75832742735648,36.95718330427646,37.16475095785441,23.186411216780996,59.8399577273504,42.729768823439436,4.3271875,-0.43718749999999984,1511,20,Open ended,NIFTY Medium to Long Term Debt Index,10000.0,1000.0
Mahindra Manulife Dynamic Bond Yojana-Reg(G),Debt - Dynamic Bond,3.83,1.63,2.63,1.61,60.515574650912995,22.477693891557998,26.293408929836993,31.993127562568493,42.911877394636,20.946744697593815,63.719173930593534,42.65432661259163,4.625,-1.995,1512,53,Open ended,NULL,1000.0,1000.0
DSP World Agriculture Fund-Reg(G),FoFs (Overseas),-4.78,4.68,5.19,2.36,42.01933404940924,27.711050102951273,35.36498936924167,34.39967652538806,14.176245210727977,7.1599590188189755,87.59858719929453,42.643546365199654,6.912058823529412,-1.7220588235294114,1513,25,Open ended,MSCI AC World Index,1000.0,1000.0
Sundaram Debt Oriented Hybrid Fund(M-IDCW),Hybrid - Conservative Hybrid Fund,3.08,7.35,4.3,2.16,58.904403866809886,32.29238160603981,32.21119773210489,37.57419412122637,21.8390804597701,15.387947520592004,73.34729307013112,42.583690443088486,5.775925925925925,-1.4759259259259254,1514,37,Open ended,CRISIL Hybrid 85+15 - Conservative Index,5000.0,1000.0
LIC MF Equity Hybrid Fund(IDCW),Hybrid - Aggressive Hybrid Fund,-0.07,6.82,6.36,2.49,52.137486573576794,31.38297872340426,39.51098511693834,39.59788349020581,9.195402298850563,10.458191550731076,81.88588087884622,42.5692625395271,9.219019607843137,-2.8590196078431367,1515,51,Open ended,CRISIL Hybrid 35+65 - Aggressive Index,5000.0,1000.0
Aditya Birla SL MNC Fund-Reg(G),Equity - Thematic Fund - MNC,-2.33,3.17,3.83,2.06,47.282491944146074,25.12010981468772,30.54571226080793,32.2653874636395,25.670498084291182,11.552259070012244,79.9909003485404,42.54804334002765,6.773333333333333,-2.9433333333333334,1516,5,Open ended,NIFTY MNC - TRI,1000.0,1000.0
Kotak Credit Risk Fund(G),Debt - Credit Risk Fund,3.21,0.46,3.67,1.71,59.183673469387756,20.47014413177763,29.978738483345147,32.96714717508341,39.08045977011494,20.17456710752277,65.05662474906268,42.51784471733611,4.7778125000000005,-1.1078125000000005,1517,29,Open ended,NIFTY Credit Risk Bond Index,5000.0,1000.0
Nippon India Income Fund(H-IDCW),Debt - Medium to Long Duration Fund,7.54,3.84,3.72,1.76,68.48549946294307,26.2697323266987,30.155917788802267,36.65597848499936,37.16475095785441,23.33248902161285,59.5869435475235,42.515912868844154,4.3271875,-0.6071874999999998,1518,21,Open ended,NIFTY Medium to Long Term Debt Index,5000.0,1000.0
Invesco India Dynamic Equity Fund(IDCW),Hybrid - Dynamic Asset Allocation,3.38,7.31,5.7,2.34,59.54887218045113,32.22374742621826,37.172218284904325,40.16300780640786,14.942528735632177,14.559443935322214,74.78230337407136,42.51271193062982,6.648333333333333,-0.9483333333333333,1519,9,Open ended,NULL,1000.0,1000.0
JM Focused Fund-Reg(G),Equity - Focused Fund,4.69,8.01,7.16,2.52,62.36305048335124,33.42484557309541,42.3458540042523,43.67299077072502,8.045977011494255,14.819425594691458,74.33200193100777,42.430990120988014,9.83,-2.67,1520,30,Open ended,S&P BSE 500 - TRI,5000.0,1000.0
JM Focused Fund-Reg(IDCW),Equity - Focused Fund,4.69,8.01,7.16,2.52,62.36305048335124,33.42484557309541,42.3458540042523,43.67299077072502,8.045977011494255,14.819425594691458,74.33200193100777,42.430990120988014,9.83,-2.67,1520,30,Open ended,S&P BSE 500 - TRI,5000.0,1000.0
LIC MF Debt Hybrid Fund(Q-IDCW),Hybrid - Conservative Hybrid Fund,2.29,5.39,5.47,2.25,57.20730397422127,28.929306794783805,36.35719347980155,38.29884957318017,18.39080459770115,14.660296340315728,74.60762188455709,42.399031407154645,5.775925925925925,-0.3059259259259255,1522,38,Open ended,CRISIL Hybrid 85+15 - Conservative Index,5000.0,1000.0
LIC MF Debt Hybrid Fund(M-IDCW),Hybrid - Conservative Hybrid Fund,2.29,5.33,5.48,2.25,57.20730397422127,28.82635552505148,36.39262934089298,38.285682122806186,18.39080459770115,14.696810393313475,74.54437768957473,42.37663663322206,5.775925925925925,-0.2959259259259248,1523,39,Open ended,CRISIL Hybrid 85+15 - Conservative Index,5000.0,1000.0
Mahindra Manulife Dynamic Bond Yojana-Reg(Q-IDCW),Debt - Dynamic Bond,3.83,1.62,2.36,1.61,60.515574650912995,22.46053534660261,25.33664068036853,31.509595874347646,42.911877394636,21.189680639592204,63.29839653606772,42.30736641984975,4.625,-2.265,1524,54,Open ended,NULL,1000.0,1000.0
DSP World Agriculture Fund-Reg(IDCW),FoFs (Overseas),-4.78,4.68,4.76,2.36,42.01933404940924,27.711050102951273,33.84124734231042,33.63780551192244,14.176245210727977,7.178525961443845,87.56642831132703,42.25457113647497,6.912058823529412,-2.152058823529412,1525,26,Open ended,MSCI AC World Index,1000.0,1000.0
IDFC Regular Savings Fund-Reg(IDCW),Hybrid - Conservative Hybrid Fund,-0.47,3.7,4.14,2.1,51.2781954887218,26.02951269732327,31.644223954642094,33.88660488426238,24.13793103448276,13.257160350824122,77.03792470828498,42.237266377823126,5.775925925925925,-1.6359259259259256,1526,40,Open ended,CRISIL Hybrid 85+15 - Conservative Index,1000.0,1000.0
Aditya Birla SL MNC Fund-Reg(IDCW),Equity - Thematic Fund - MNC,-2.32,3.17,3.47,2.06,47.30397422126745,25.12010981468772,29.270021261516654,31.631838419418134,25.670498084291182,11.79384772088497,79.57245653069683,42.12665786345607,6.773333333333333,-3.3033333333333332,1527,6,Open ended,NIFTY MNC - TRI,1000.0,1000.0
LIC MF Debt Hybrid Fund(A-IDCW),Hybrid - Conservative Hybrid Fund,2.29,5.39,5.19,2.25,57.20730397422127,28.929306794783805,35.36498936924167,37.80274751790023,18.39080459770115,14.821998526865166,74.32754548175848,42.080961278815025,5.775925925925925,-0.5859259259259249,1528,41,Open ended,CRISIL Hybrid 85+15 - Conservative Index,5000.0,1000.0
UTI Transportation & Logistics Fund-Reg(G),Equity - Sectoral Fund - Auto,11.42,18.4,4.13,2.36,76.82062298603651,51.25257378174331,31.60878809355067,46.544290778505626,14.176245210727977,22.670514883956653,60.73351638724063,41.999585788744966,4.13,0.0,1529,1,Open ended,Nifty Transportation & Logistics - TRI,5000.0,1000.0
UTI Transportation & Logistics Fund-Reg(IDCW),Equity - Sectoral Fund - Auto,11.42,18.4,4.13,2.36,76.82062298603651,51.25257378174331,31.60878809355067,46.544290778505626,14.176245210727977,22.670514883956653,60.73351638724063,41.999585788744966,4.13,0.0,1529,1,Open ended,Nifty Transportation & Logistics - TRI,5000.0,1000.0
IDFC Dynamic Bond Fund-Reg(IDCW),Debt - Dynamic Bond,3.48,1.01,2.34,1.62,59.76369495166487,21.413864104323956,25.26576895818568,31.009782700723,42.52873563218391,21.117345141196257,63.423685294480315,41.99299658202756,4.625,-2.285,1531,55,Open ended,NIFTY Composite Debt Index,1000.0,1000.0
Mahindra Manulife Dynamic Bond Yojana-Reg(IDCW),Debt - Dynamic Bond,3.83,1.63,2.11,1.61,60.515574650912995,22.477693891557998,24.45074415308292,31.071795174191458,42.911877394636,21.41434604353908,62.90926464172874,41.991183096186916,4.625,-2.515,1532,56,Open ended,CRISIL Dynamic Debt Index,1000.0,1000.0
Navi Regular Savings Fund-Reg(G),Hybrid - Conservative Hybrid Fund,2.27,4.17,4.85,2.15,57.16433941997852,26.835964310226494,34.160170092133235,36.563742223130276,22.222222222222232,15.825328504213953,72.58972698423345,41.984858413179055,5.775925925925925,-0.9259259259259256,1533,42,Open ended,CRISIL Hybrid 85+15 - Conservative Index,1000.0,1000.0
PGIM India Global Equity Opp Fund(G),FoFs (Overseas),-13.24,8.11,13.0,2.46,23.845327604726098,33.596431022649284,63.04039688164422,46.368193268562116,10.344827586206895,20.40541022619207,64.6567927389498,41.934501715570235,6.912058823529412,6.087941176470588,1534,27,Open ended,MSCI AC World Index,5000.0,NULL
Navi Regular Savings Fund-Reg(Q-IDCW),Hybrid - Conservative Hybrid Fund,2.27,4.17,4.73,2.15,57.16433941997852,26.835964310226494,33.734939759036145,36.35112705658173,22.222222222222232,15.897289955174074,72.46508609498414,41.84739060759246,5.775925925925925,-1.0459259259259248,1535,43,Open ended,CRISIL Hybrid 85+15 - Conservative Index,1000.0,1000.0
Nippon India Income Fund(A-IDCW),Debt - Medium to Long Duration Fund,7.54,3.84,3.06,1.76,68.48549946294307,26.2697323266987,27.81715095676825,35.486595068982346,37.16475095785441,23.939089614888545,58.53628050006857,41.66855539897192,4.3271875,-1.2671875,1536,22,Open ended,NIFTY Medium to Long Term Debt Index,5000.0,1000.0
Canara Rob Income Fund-Reg(G),Debt - Medium to Long Duration Fund,4.04,2.0,3.82,1.88,60.96670247046186,23.112560054907348,30.510276399716506,34.382246710422834,32.567049808429125,20.063466774787937,65.24905617009722,41.645149849843,4.3271875,-0.5071875000000001,1537,23,Open ended,CRISIL Medium to Long Term Debt Index,5000.0,1000.0
Franklin India Pension Plan(G),Solution Oriented - Retirement Fund,2.99,6.34,6.48,2.48,58.71106337271751,30.559368565545647,39.936215450035434,40.87813096922491,9.578544061302674,14.33491130382485,75.17120529978195,41.626502824883616,7.109999999999999,-0.629999999999999,1538,11,Open ended,NIFTY 500,1000.0,1000.0
Baroda BNP Paribas Gilt Fund-Reg(G),Debt - Gilt Fund,5.01,2.16,3.81,1.86,63.05048335123523,23.38709677419355,30.474840538625088,34.863645971817654,33.33333333333333,21.15259184704027,63.36263620915905,41.60581537153192,4.311111111111111,-0.5011111111111108,1539,44,Open ended,CRISIL Dynamic Gilt Index,5000.0,1000.0
Kotak Credit Risk Fund(IDCW),Debt - Credit Risk Fund,3.21,0.46,2.81,1.71,59.183673469387756,20.47014413177763,26.93125442948263,31.44340514815216,39.08045977011494,20.739261614864464,64.07854517159178,41.51145380950276,4.7778125000000005,-1.9678125000000004,1540,30,Open ended,NIFTY Credit Risk Bond Index,5000.0,1000.0
Baroda BNP Paribas Gilt Fund-Reg(IDCW),Debt - Gilt Fund,5.01,2.16,3.72,1.86,63.05048335123523,23.38709677419355,30.155917788802267,34.704184596906245,33.33333333333333,21.217342027332496,63.25048560709367,41.49804703355987,4.311111111111111,-0.5911111111111107,1541,45,Open ended,CRISIL Dynamic Gilt Index,5000.0,1000.0
Baroda BNP Paribas Conservative Hybrid Fund-Reg(G),Hybrid - Conservative Hybrid Fund,2.84,5.4,5.91,2.39,58.38882921589688,28.94646533973919,37.91637136782423,39.31989112901325,13.026819923371647,15.091021254981731,73.86158444826981,41.38204665741699,5.775925925925925,0.1340740740740749,1542,44,Open ended,CRISIL Hybrid 85+15 - Conservative Index,1000.0,1000.0
Canara Rob Income Fund-Reg(Q-IDCW),Debt - Medium to Long Duration Fund,4.05,2.01,3.37,1.88,60.98818474758324,23.129718599862738,28.915662650602407,33.59438385477667,32.567049808429125,20.393574483472783,64.6772928466849,41.108277591166846,4.3271875,-0.9571874999999999,1543,24,Open ended,CRISIL Medium to Long Term Debt Index,5000.0,1000.0
HSBC Global Emerging Markets Fund(G),FoFs (Overseas),-11.08,3.2,3.36,2.41,28.485499462943064,25.17158544955388,28.88022678951098,27.688688922210268,12.260536398467426,2.036821721003725,96.47212129326167,41.0275088840374,6.912058823529412,-3.552058823529412,1544,28,Open ended,MSCI Emerging Market Index,5000.0,1000.0
HSBC Global Emerging Markets Fund(IDCW),FoFs (Overseas),-11.08,3.2,3.36,2.41,28.485499462943064,25.17158544955388,28.88022678951098,27.688688922210268,12.260536398467426,2.036821721003725,96.47212129326167,41.0275088840374,6.912058823529412,-3.552058823529412,1544,28,Open ended,MSCI Emerging Market Index,5000.0,1000.0
Taurus Flexi Cap Fund-Reg(G),Equity - Flexi Cap Fund,0.2,9.25,5.15,2.64,52.71750805585391,35.55250514756349,35.223245924875975,38.820876117877816,3.44827586206895,10.006622340436293,82.66802169421055,40.939512448008784,10.461,-5.311,1546,39,Open ended,S&P BSE 500 - TRI,5000.0,1000.0
Baroda BNP Paribas Banking and Fin Serv Fund-Reg(G),Equity - Sectoral Fund - Banks & Financial Services,5.4,6.13,8.35,2.66,63.88829215896885,30.199039121482503,46.56272147413182,45.11873090530443,2.681992337164729,16.846914999080568,70.82028727079827,40.93493535464297,8.781363636363636,-0.4313636363636366,1547,17,Open ended,NIFTY BANK - TRI,5000.0,1000.0
Baroda BNP Paribas Banking and Fin Serv Fund-Reg(IDCW),Equity - Sectoral Fund - Banks & Financial Services,5.38,6.14,8.09,2.66,63.8453276047261,30.21619766643789,45.64138908575478,44.65461936375398,2.681992337164729,16.833687892295654,70.84319729178688,40.70860708911489,8.781363636363636,-0.6913636363636364,1548,18,Open ended,NIFTY BANK - TRI,5000.0,1000.0
Navi Regular Savings Fund-Reg(M-IDCW),Hybrid - Conservative Hybrid Fund,2.27,3.95,3.82,2.15,57.16433941997852,26.458476321207968,30.510276399716506,34.62554898021635,22.222222222222232,16.681857350650635,71.10617550405675,40.64487392167792,5.775925925925925,-1.9559259259259254,1549,45,Open ended,CRISIL Hybrid 85+15 - Conservative Index,1000.0,1000.0
Baroda BNP Paribas Conservative Hybrid Fund-Reg(Q-IDCW),Hybrid - Conservative Hybrid Fund,2.84,5.4,5.24,2.39,58.38882921589688,28.94646533973919,35.54216867469879,38.13278978245053,13.026819923371647,15.45059864527159,73.23877813903474,40.63279440682686,5.775925925925925,-0.535925925925925,1550,46,Open ended,CRISIL Hybrid 85+15 - Conservative Index,1000.0,1000.0
UTI Credit Risk Fund-Reg(IDCW),Debt - Credit Risk Fund,5.87,3.94,0.75,1.6,64.89795918367346,26.441317776252575,19.631467044649185,30.72772069193506,43.29501915708811,24.407453253388347,57.72505088176909,40.61887785568183,4.7778125000000005,-4.0278125000000005,1551,31,Open ended,CRISIL Short Term Credit Risk Fund,20000.0,1000.0
UTI Credit Risk Fund-Reg(G),Debt - Credit Risk Fund,5.87,3.94,0.75,1.6,64.89795918367346,26.441317776252575,19.631467044649185,30.72772069193506,43.29501915708811,24.407453253388347,57.72505088176909,40.61887785568183,4.7778125000000005,-4.0278125000000005,1551,31,Open ended,CRISIL Short Term Credit Risk Fund,1000.0,1000.0
Motilal Oswal Balance Advantage Fund-Reg(G),Hybrid - Dynamic Asset Allocation,-1.4,3.87,4.59,2.38,49.28034371643394,26.321207961564863,33.2388377037562,34.37184998363435,13.409961685823756,11.77784241004646,79.60017854226005,40.438460048838124,6.648333333333333,-2.0583333333333336,1553,10,Open ended,CRISIL Hybrid 50+50 - Moderate Index,1000.0,1000.0
Motilal Oswal Balance Advantage Fund-Reg(A-IDCW),Hybrid - Dynamic Asset Allocation,-1.4,3.87,4.53,2.38,49.28034371643394,26.321207961564863,33.02622253720765,34.265542400360076,13.409961685823756,11.805899587205419,79.55158208590377,40.373157143111925,6.648333333333333,-2.118333333333333,1554,11,Open ended,CRISIL Hybrid 50+50 - Moderate Index,1000.0,1000.0
Franklin India Pension Plan(IDCW),Solution Oriented - Retirement Fund,2.99,6.15,5.37,2.48,58.71106337271751,30.233356211393282,36.00283486888731,38.81363697240514,9.578544061302674,15.055067424445403,73.92385830948544,40.2824190788996,7.109999999999999,-1.7399999999999993,1555,12,Open ended,NIFTY 500,1000.0,1000.0
Motilal Oswal Balance Advantage Fund-Reg(Q-IDCW),Hybrid - Dynamic Asset Allocation,-1.4,3.87,4.43,2.38,49.28034371643394,26.321207961564863,32.67186392629341,34.08836309490295,13.409961685823756,11.85533878844152,79.46595087747723,40.26315968827672,6.648333333333333,-2.2183333333333337,1556,12,Open ended,CRISIL Hybrid 50+50 - Moderate Index,1000.0,1000.0
Nippon India Japan Equity Fund(IDCW),Equity - Thematic Fund - Global,-5.47,2.28,4.61,2.42,40.53705692803437,23.592999313658204,33.30970942593905,31.84016589267386,11.877394636015314,8.502451565690167,85.27332189933108,40.207762080173524,8.786923076923078,-4.176923076923077,1557,9,Open ended,S&P BSE 500 Japan - TRI,5000.0,1000.0
Nippon India Japan Equity Fund(G),Equity - Thematic Fund - Global,-5.47,2.28,4.61,2.42,40.53705692803437,23.592999313658204,33.30970942593905,31.84016589267386,11.877394636015314,8.502451565690167,85.27332189933108,40.207762080173524,8.786923076923078,-4.176923076923077,1557,9,Open ended,S&P BSE 500 Japan - TRI,5000.0,1000.0
Nippon India Japan Equity Fund(B),Equity - Thematic Fund - Global,-5.47,2.28,4.61,2.42,40.53705692803437,23.592999313658204,33.30970942593905,31.84016589267386,11.877394636015314,8.502451565690167,85.27332189933108,40.207762080173524,8.786923076923078,-4.176923076923077,1557,9,Open ended,S&P BSE 500 Japan - TRI,5000.0,NULL
Baroda BNP Paribas Conservative Hybrid Fund-Reg(M-IDCW),Hybrid - Conservative Hybrid Fund,2.84,4.96,5.0,2.39,58.38882921589688,28.191489361702132,34.691708008504605,37.481066655942314,13.026819923371647,15.89384435477992,72.47105404992939,40.11500182129642,5.775925925925925,-0.7759259259259252,1560,47,Open ended,CRISIL Hybrid 85+15 - Conservative Index,1000.0,1000.0
Taurus Flexi Cap Fund-Reg(IDCW),Equity - Flexi Cap Fund,0.2,9.21,4.56,2.64,52.71750805585391,35.483870967741936,33.132530120481924,37.754927961734325,3.44827586206895,10.693443565987446,81.47841243583923,40.10913605534421,10.461,-5.901000000000001,1561,40,Open ended,S&P BSE 500 - TRI,5000.0,1000.0
IDFC Bond Fund - Income Plan-Reg(G),Debt - Medium to Long Duration Fund,3.38,0.73,3.7,1.99,59.54887218045113,20.933424845573096,30.085046066619412,33.23232492307186,28.352490421455933,20.17846208672486,65.04987844719024,39.96675467869747,4.3271875,-0.6271874999999998,1562,25,Open ended,NIFTY Medium to Long Term Debt Index,1000.0,1000.0
Bank of India Conservative Hybrid Fund-Reg(G),Hybrid - Conservative Hybrid Fund,21.89,13.1,5.86,2.3,99.312567132116,42.15854495538779,37.73919206236711,51.379672944223095,16.47509578544062,34.34480418843333,40.51305416962909,39.93687396087898,5.775925925925925,0.08407407407407508,1563,48,Open ended,CRISIL Hybrid 85+15 - Conservative Index,10000.0,1000.0
IDFC Bond Fund - Income Plan-Reg(Q-IDCW),Debt - Medium to Long Duration Fund,3.37,0.73,3.48,1.99,59.527389903329755,20.933424845573096,29.305457122608075,32.838233995641914,28.352490421455933,20.301684184362298,64.83645151346698,39.71635248155169,4.3271875,-0.8471875,1564,26,Open ended,NIFTY Medium to Long Term Debt Index,1000.0,1000.0
Nippon India Hybrid Bond Fund(G),Hybrid - Conservative Hybrid Fund,4.52,3.14,2.6,1.97,61.99785177228786,25.068634179821554,26.18710134656272,33.0137112816854,29.118773946360154,21.005665612116708,63.61711991301146,39.6908291056856,5.775925925925925,-3.175925925925925,1565,49,Open ended,CRISIL Hybrid 85+15 - Conservative Index,5000.0,1000.0
Nippon India Equity Savings Fund(G),Hybrid - Equity Savings,3.33,3.34,0.31,1.69,59.44146079484425,25.411805078929312,18.072289156626503,28.547978260960896,39.84674329501916,22.07296356839349,61.76850562592565,39.67780136071665,6.148095238095239,-5.83809523809524,1566,38,Open ended,NIFTY 50 Equity Savings Index,5000.0,1000.0
Nippon India Equity Savings Fund(B),Hybrid - Equity Savings,3.33,3.34,0.31,1.69,59.44146079484425,25.411805078929312,18.072289156626503,28.547978260960896,39.84674329501916,22.07296356839349,61.76850562592565,39.67780136071665,6.148095238095239,-5.83809523809524,1566,38,Open ended,NIFTY 50 Equity Savings Index,5000.0,NULL
Franklin India Feeder - Templeton European Opportunities Fund(IDCW),FoFs (Overseas),1.33,0.38,-1.21,1.4,55.14500537056928,20.332875772134525,12.686038270729977,23.471882941119205,50.957854406130274,22.63155016835399,60.80100525436691,39.6756563856839,6.912058823529412,-8.12205882352941,1568,30,Open ended,MSCI Europe Index (Total Return Net),5000.0,1000.0
Franklin India Feeder - Templeton European Opportunities Fund(G),FoFs (Overseas),1.33,0.38,-1.21,1.4,55.14500537056928,20.332875772134525,12.686038270729977,23.471882941119205,50.957854406130274,22.63155016835399,60.80100525436691,39.6756563856839,6.912058823529412,-8.12205882352941,1568,30,Open ended,MSCI Europe Index (Total Return Net),5000.0,1000.0
Bank of India Conservative Hybrid Fund-Reg(Q-IDCW),Hybrid - Conservative Hybrid Fund,21.89,13.1,5.67,2.3,99.312567132116,42.15854495538779,37.065910701630045,51.04303226385456,16.47509578544062,34.561933326024665,40.13697547151729,39.67453394616676,5.775925925925925,-0.10592592592592531,1570,50,Open ended,CRISIL Hybrid 85+15 - Conservative Index,10000.0,1000.0
Bank of India Conservative Hybrid Fund-Reg(A-IDCW),Hybrid - Conservative Hybrid Fund,21.89,13.11,5.62,2.3,99.312567132116,42.175703500343175,36.88873139617292,50.959590174612615,16.47509578544062,34.615286911262395,40.04456435111958,39.609710121446355,5.775925925925925,-0.15592592592592514,1571,51,Open ended,CRISIL Hybrid 85+15 - Conservative Index,10000.0,1000.0
IDFC Bond Fund - Income Plan-Reg(H-IDCW),Debt - Medium to Long Duration Fund,3.37,0.73,3.3,1.99,59.527389903329755,20.933424845573096,28.667611622962436,32.5193112458191,28.352490421455933,20.41909930881835,64.63308255233207,39.50604886635655,4.3271875,-1.0271875000000001,1572,27,Open ended,NIFTY Medium to Long Term Debt Index,1000.0,1000.0
Nippon India Equity Savings Fund(Q-IDCW),Hybrid - Equity Savings,3.33,3.34,0.19,1.69,59.44146079484425,25.411805078929312,17.64705882352941,28.33536309441235,39.84674329501916,22.230162650080835,61.496228829539994,39.503424578345964,6.148095238095239,-5.958095238095239,1573,40,Open ended,NIFTY 50 Equity Savings Index,5000.0,1000.0
Nippon India Equity Savings Fund(M-IDCW),Hybrid - Equity Savings,3.33,3.34,0.18,1.69,59.44146079484425,25.411805078929312,17.611622962437988,28.317645163866636,39.84674329501916,22.243334740544707,61.47341409961468,39.488861930591774,6.148095238095239,-5.9680952380952395,1574,41,Open ended,NIFTY 50 Equity Savings Index,5000.0,1000.0
Nippon India Equity Savings Fund(IDCW),Hybrid - Equity Savings,3.33,3.34,0.15,1.69,59.44146079484425,25.411805078929312,17.505315379163715,28.2644913722295,39.84674329501916,22.28291699875828,61.40485561731045,39.44514541419716,6.148095238095239,-5.998095238095239,1575,42,Open ended,NIFTY 50 Equity Savings Index,5000.0,1000.0
ICICI Pru Long Term Bond Fund(G),Debt - Long Duration Fund,5.79,2.11,3.22,2.0,64.72610096670248,23.30130404941661,28.384124734231044,34.127673775280996,27.969348659003824,22.59272782052473,60.868247533276296,39.27323593571053,4.117500000000001,-0.8975000000000004,1576,7,Open ended,NIFTY Long Duration Debt Index,5000.0,1000.0
ICICI Pru Long Term Bond Fund(Q-IDCW),Debt - Long Duration Fund,5.78,2.11,3.13,2.0,64.7046186895811,23.30130404941661,28.065201984408215,33.96391594494531,27.969348659003824,22.65456555613304,60.761141433377695,39.16458049556804,4.117500000000001,-0.9875000000000007,1577,8,Open ended,NIFTY Long Duration Debt Index,5000.0,1000.0
Bank of India Conservative Hybrid Fund-Reg(M-IDCW),Hybrid - Conservative Hybrid Fund,21.89,13.1,5.28,2.3,99.312567132116,42.15854495538779,35.683912119064495,50.35203297257179,16.47509578544062,35.01692176675219,39.348912375320666,39.132018526476216,5.775925925925925,-0.495925925925925,1578,52,Open ended,CRISIL Hybrid 85+15 - Conservative Index,10000.0,1000.0
HDFC Income Fund(G),Debt - Medium to Long Duration Fund,4.87,1.85,3.37,2.06,62.74973147153597,22.85518188057653,28.915662650602407,33.86433218378136,25.670498084291182,21.498250809500156,62.76393732408698,39.04077494398522,4.3271875,-0.9571874999999999,1579,28,Open ended,NIFTY Medium to Long Term Debt Index,1000.0,1000.0
HSBC Medium to Long Duration Fund Fund(G),Debt - Medium to Long Duration Fund,3.23,0.84,3.09,2.04,59.22663802363051,21.122168840082363,27.923458540042525,32.143707526772076,26.436781609195403,20.322799836327007,64.79987813142915,38.88101869854218,4.3271875,-1.2371875,1580,29,Open ended,NIFTY Medium to Long Term Debt Index,5000.0,1000.0
SBI PSU Fund-Reg(G),Equity - Thematic Fund - Other,14.71,13.99,4.78,2.53,83.88829215896885,43.68565545641731,33.91211906449326,46.8394146009656,7.662835249042144,26.48707826032219,54.1230347090689,38.86617479001056,8.65263157894737,-3.8726315789473693,1581,18,Open ended,S&P BSE PSU - TRI,5000.0,1000.0
SBI PSU Fund-Reg(IDCW),Equity - Thematic Fund - Other,14.71,13.99,4.78,2.53,83.88829215896885,43.68565545641731,33.91211906449326,46.8394146009656,7.662835249042144,26.48707826032219,54.1230347090689,38.86617479001056,8.65263157894737,-3.8726315789473693,1581,18,Open ended,S&P BSE PSU - TRI,5000.0,1000.0
HDFC Income Fund(Q-IDCW),Debt - Medium to Long Duration Fund,4.87,1.85,3.19,2.06,62.74973147153597,22.85518188057653,28.277817150956764,33.54540943395854,25.670498084291182,21.63828758345743,62.52138651666495,38.8206758672183,4.3271875,-1.1371875,1583,30,Open ended,NIFTY Medium to Long Term Debt Index,1000.0,1000.0
IDFC Bond Fund - Income Plan-Reg(A-IDCW),Debt - Medium to Long Duration Fund,3.38,0.73,2.72,1.99,59.54887218045113,20.933424845573096,26.612331679659817,31.495967729592063,28.352490421455933,20.84953419089278,63.88754746722925,38.80799333696733,4.3271875,-1.6071874999999998,1584,31,Open ended,NIFTY Medium to Long Term Debt Index,1000.0,1000.0
HSBC Medium to Long Duration Fund Fund(IDCW),Debt - Medium to Long Duration Fund,3.23,0.84,2.93,2.04,59.22663802363051,21.122168840082363,27.35648476257973,31.860220638040673,26.436781609195403,20.439031025892348,64.59855980567781,38.68894567273864,4.3271875,-1.3971874999999998,1585,32,Open ended,NIFTY Medium to Long Term Debt Index,5000.0,1000.0
Nippon India Hybrid Bond Fund(Q-IDCW),Hybrid - Conservative Hybrid Fund,4.52,3.14,1.75,1.97,61.99785177228786,25.068634179821554,23.175053153791637,31.507687185299858,29.118773946360154,21.88821012046659,62.08850798460857,38.55566407539211,5.775925925925925,-4.025925925925925,1586,53,Open ended,CRISIL Hybrid 85+15 - Conservative Index,5000.0,1000.0
Nippon India Hybrid Bond Fund(M-IDCW),Hybrid - Conservative Hybrid Fund,4.52,3.08,1.69,1.97,61.99785177228786,24.965682910089228,22.96243798724309,31.370494221105886,29.118773946360154,21.98165162974553,61.92666254300153,38.44660623289336,5.775925925925925,-4.085925925925926,1587,54,Open ended,CRISIL Hybrid 85+15 - Conservative Index,5000.0,1000.0
LIC MF Banking & Financial Services Fund-Reg(G),Equity - Sectoral Fund - Banks & Financial Services,10.9,8.36,5.88,2.61,75.70354457572502,34.02539464653398,37.81006378454996,44.25335920138018,4.597701149425282,23.048166190522007,60.07940513672466,38.29595617222758,8.781363636363636,-2.9013636363636364,1588,19,Open ended,Nifty Financial Services - TRI,5000.0,1000.0
LIC MF Banking & Financial Services Fund-Reg(IDCW),Equity - Sectoral Fund - Banks & Financial Services,10.9,8.36,5.87,2.61,75.70354457572502,34.02539464653398,37.77462792345854,44.23564127083447,4.597701149425282,23.056913822465134,60.06425379375325,38.28330937121187,8.781363636363636,-2.911363636363636,1589,20,Open ended,Nifty Financial Services - TRI,5000.0,1000.0
Franklin Asian Equity Fund(G),Equity - Thematic Fund - Global,-9.09,1.57,3.09,2.56,32.76047261009667,22.37474262182567,27.923458540042525,27.2262465785883,6.513409961685812,5.196927631531384,90.99865729892906,37.991140104447865,8.786923076923078,-5.696923076923078,1590,12,Open ended,MSCI Asia (ex-Japan) Standard Index,5000.0,1000.0
UTI Banking and Financial Services Fund-Reg(G),Equity - Sectoral Fund - Banks & Financial Services,6.88,7.43,5.14,2.64,67.06766917293233,32.42964996568291,35.187810063784546,40.73633385618361,3.44827586206895,19.251516124484205,66.65539594966188,37.89408488102451,8.781363636363636,-3.6413636363636366,1591,21,Open ended,Nifty Financial Services - TRI,5000.0,1000.0
UTI Banking and Financial Services Fund-Reg(IDCW),Equity - Sectoral Fund - Banks & Financial Services,6.88,7.43,5.14,2.64,67.06766917293233,32.42964996568291,35.187810063784546,40.73633385618361,3.44827586206895,19.251516124484205,66.65539594966188,37.89408488102451,8.781363636363636,-3.6413636363636366,1591,21,Open ended,Nifty Financial Services - TRI,5000.0,1000.0
Franklin Asian Equity Fund(IDCW),Equity - Thematic Fund - Global,-9.09,1.57,2.53,2.56,32.76047261009667,22.37474262182567,25.939050318922746,26.23404246802841,6.513409961685812,5.2773016909430375,90.85944534441751,37.460235060540036,8.786923076923078,-6.256923076923078,1593,13,Open ended,MSCI Asia (ex-Japan) Standard Index,5000.0,1000.0
Sundaram Medium Term Bond Fund(B),Debt - Medium Duration Fund,2.98,0.86,2.35,2.15,58.68958109559613,21.156485929993142,25.301204819277107,30.73546440775572,22.222222222222232,20.577882939985432,64.35806123574041,37.01280306836852,3.55972972972973,-1.2097297297297298,1594,30,Open ended,NIFTY Medium Duration Debt Index,5000.0,NULL
Sundaram Medium Term Bond Fund(G),Debt - Medium Duration Fund,2.98,0.86,2.35,2.15,58.68958109559613,21.156485929993142,25.301204819277107,30.73546440775572,22.222222222222232,20.577882939985432,64.35806123574041,37.01280306836852,3.55972972972973,-1.2097297297297298,1594,30,Open ended,NIFTY Medium Duration Debt Index,5000.0,1000.0
Sundaram Medium Term Bond Fund(Q-IDCW),Debt - Medium Duration Fund,2.98,0.86,2.24,2.15,58.68958109559613,21.156485929993142,24.91141034727144,30.54056717175289,22.222222222222232,20.671226012635135,64.19638629137653,36.874935714276134,3.55972972972973,-1.3197297297297297,1596,32,Open ended,NIFTY Medium Duration Debt Index,5000.0,1000.0
Sundaram Medium Term Bond Fund(H-IDCW),Debt - Medium Duration Fund,2.98,0.86,2.13,2.15,58.68958109559613,21.156485929993142,24.521615875265766,30.345669935750053,22.222222222222232,20.76658846784295,64.03121367382208,36.7361939418861,3.55972972972973,-1.42972972972973,1597,33,Open ended,NIFTY Medium Duration Debt Index,5000.0,1000.0
Sundaram Medium Term Bond Fund(A-IDCW),Debt - Medium Duration Fund,2.98,0.86,1.9,2.15,58.68958109559613,21.156485929993142,23.706591070163004,29.93815753319867,22.222222222222232,20.972386051089835,63.6747618035636,36.44332477304579,3.55972972972973,-1.65972972972973,1598,34,Open ended,NIFTY Medium Duration Debt Index,5000.0,1000.0
Bank of India Balanced Advantage Fund-Reg(G),Hybrid - Balanced Advantage,14.9,8.86,4.91,2.6,84.29645542427497,34.883321894303364,34.37278525868178,44.51068028248689,4.980842911877392,28.677201327041587,50.32963028268234,36.08295843988338,7.937894736842105,-3.0278947368421045,1599,18,Open ended,NIFTY 50 Hybrid Composite Debt 50:50 Index,5000.0,1000.0
Bank of India Balanced Advantage Fund-Reg(IDCW),Hybrid - Balanced Advantage,14.9,8.85,4.9,2.6,84.29645542427497,34.86616334934798,34.33734939759036,44.48781478845457,4.980842911877392,28.692466182471655,50.30319077750727,36.064915816573446,7.937894736842105,-3.0378947368421043,1600,19,Open ended,NIFTY 50 Hybrid Composite Debt 50:50 Index,5000.0,1000.0
HDFC Infrastructure Fund(G),Equity - Sectoral Fund - Infrastructure,12.25,16.17,1.79,2.59,78.60365198711064,47.42621825669184,23.316796598157335,41.60699417350835,5.363984674329503,27.718624802115464,51.9899335267972,35.14197663703585,9.401428571428571,-7.611428571428571,1601,34,Open ended,S&P BSE India Infrastructure Index - TRI,1000.0,1000.0
HDFC Infrastructure Fund(IDCW),Equity - Sectoral Fund - Infrastructure,12.27,16.18,1.56,2.59,78.64661654135338,47.443376801647226,22.50177179305457,41.21322224529213,5.363984674329503,28.130556999073708,51.276446032392045,34.766718799326455,9.401428571428571,-7.841428571428571,1602,35,Open ended,S&P BSE India Infrastructure Index - TRI,1000.0,1000.0
Nippon India Strategic Debt Fund(G),Debt - Medium Duration Fund,4.34,1.87,-2.91,1.95,61.61117078410311,22.889498970487306,6.661941885187808,22.520054790560717,29.885057471264375,28.23154038064345,51.10153768479314,31.506676184294736,3.55972972972973,-6.46972972972973,1603,35,Open ended,CRISIL Medium Term Debt Index,5000.0,1000.0
Nippon India Strategic Debt Fund(IDCW),Debt - Medium Duration Fund,4.34,1.87,-2.91,1.95,61.61117078410311,22.889498970487306,6.661941885187808,22.520054790560717,29.885057471264375,28.23154038064345,51.10153768479314,31.506676184294736,3.55972972972973,-6.46972972972973,1603,35,Open ended,CRISIL Medium Term Debt Index,5000.0,1000.0
Nippon India Strategic Debt Fund(Q-IDCW),Debt - Medium Duration Fund,4.34,1.86,-2.91,1.95,61.61117078410311,22.872340425531917,6.661941885187808,22.5149072270741,29.885057471264375,28.233820602758012,51.09758822423818,31.503115037412687,3.55972972972973,-6.46972972972973,1605,37,Open ended,CRISIL Medium Term Debt Index,5000.0,1000.0
PGIM India Emerging Markets Equity Fund(G),FoFs (Overseas),-24.34,-7.16,-2.9,2.38,0.0,7.395332875772137,6.697377746279234,5.567288735871259,13.409961685823756,4.083155609383057,92.92776702933868,29.36807654672624,6.912058823529412,-9.812058823529412,1606,32,Open ended,MSCI EMU Index,5000.0,NULL
HSBC Brazil Fund(G),FoFs (Overseas),-3.83,-11.47,-4.79,2.45,44.06015037593984,0.0,0.0,8.812030075187968,10.727969348658984,25.43813968008426,55.93984962406016,21.072969780773768,6.912058823529412,-11.702058823529413,1607,33,Open ended,MSCI Brazil 10/40 Index,5000.0,1000.0
HSBC Brazil Fund(IDCW),FoFs (Overseas),-3.83,-11.47,-4.79,2.45,44.06015037593984,0.0,0.0,8.812030075187968,10.727969348658984,25.43813968008426,55.93984962406016,21.072969780773768,6.912058823529412,-11.702058823529413,1607,33,Open ended,MSCI Brazil 10/40 Index,5000.0,1000.0
